id,name,category,description,attribute,value,decorator,deprecated
19,新春·别岁,ring,可强化戒指，使自身每秒回复气血值提高8点,healthRecover,8,NONE,0
23,新春·压岁,ring,可强化戒指，使自身内功攻击增加6点,attack,6,MAGIC,0
29,固·安戎·锻（根骨）,hat,根骨提升15,spirit,15,NONE,1
30,固·安戎·锻（身法）,hat,身法提升15,agility,15,NONE,1
31,固·安戎·锻（外破）,hat,外功破防提升27,overcome,27,PHYSICS,1
32,固·安戎·锻（内破）,hat,内功破防提升27,overcome,27,MAGIC,1
33,固·安戎·锻（仇恨）,hat,仇恨百分比提升5%,threat,51,NONE,1
34,固·安戎·锻（外会）,hat,外功会心提升27,crit,27,PHYSICS,1
35,固·安戎·锻（内会）,hat,内功会心提升27,crit,27,MAGIC,1
36,固·安戎·锻（外命）,hat,破招提升27,surplus,27,NONE,1
37,固·安戎·锻（内命）,hat,破招提升27,surplus,27,NONE,1
38,固·安戎·锻（无双）,hat,无双提升27,strain,27,NONE,1
39,固·安戎·锻（加速）,hat,加速提升27,haste,27,NONE,1
40,雅·安戎·染（力道）,wrist,力道提升10,strength,10,NONE,1
41,雅·安戎·染（元气）,wrist,元气提升10,spunk,10,NONE,1
45,雅·安戎·染（外伤）,wrist,外功攻击提升21,attack,21,PHYSICS,1
46,雅·安戎·染（内伤）,wrist,内功攻击提升25,attack,25,MAGIC,1
47,雅·安戎·染（疗伤）,wrist,疗伤成效提升22,heal,22,NONE,1
48,雅·安戎·染（内会效）,wrist,内功会心效果提升27,critEffect,27,MAGIC,1
49,雅·安戎·染（外会效）,wrist,外功会心效果提升27,critEffect,27,PHYSICS,1
61,雅·安戎·绣（体质）,jacket,体质提升14,vitality,14,NONE,1
62,雅·安戎·绣（御劲）,jacket,御劲提升14,toughness,14,NONE,1
63,雅·安戎·绣（化劲）,jacket,化劲提升14,huajing,14,NONE,1
64,雅·安戎·绣（内力）,jacket,内力提升137点,mana,137,NONE,1
65,雅·安戎·绣（内回）,jacket,内力回复提升17,manaRecover,17,NONE,1
66,雅·安戎·绣（气血）,jacket,气血提升137点,health,137,NONE,1
67,雅·安戎·绣（气回）,jacket,生命回复提升10,healthRecover,10,NONE,1
68,雅·安戎·绣（外防）,jacket,外功防御提升14,physicsShield,14,NONE,1
69,雅·安戎·绣（内防）,jacket,内功防御提升14,magicShield,14,NONE,1
70,雅·安戎·绣（招架）,jacket,招架提升14,parryBase,14,NONE,1
71,雅·安戎·绣（闪避）,jacket,闪避提升14,dodge,14,NONE,1
72,雅·安戎·纹（体质）,belt,体质提升14,vitality,14,NONE,1
79,雅·安戎·纹（御劲）,belt,御劲提升14,toughness,14,NONE,1
80,雅·安戎·纹（化劲）,belt,化劲提升14,huajing,14,NONE,1
82,雅·安戎·纹（内力）,belt,内力提升137点,mana,137,NONE,1
83,雅·安戎·纹（内回）,belt,内力回复提升17,manaRecover,17,NONE,1
84,雅·安戎·纹（气血）,belt,气血提升137点,health,137,NONE,1
85,雅·安戎·纹（气回）,belt,生命回复提升10,healthRecover,10,NONE,1
86,雅·安戎·纹（外防）,belt,外功防御提升14,physicsShield,14,NONE,1
87,雅·安戎·纹（内防）,belt,内功防御提升14,magicShield,14,NONE,1
88,雅·安戎·纹（招架）,belt,招架提升14,parryBase,14,NONE,1
89,雅·安戎·纹（闪避）,belt,闪避提升14,dodge,14,NONE,1
90,雅·安戎·印（力道）,bottoms,力道提升10,strength,10,NONE,1
91,雅·安戎·印（元气）,bottoms,元气提升10,spunk,10,NONE,1
92,雅·安戎·印（外伤）,bottoms,外功攻击提升21,attack,21,PHYSICS,1
95,雅·安戎·印（外会效）,bottoms,外功会心效果提升27,critEffect,27,PHYSICS,1
96,雅·安戎·印（内伤）,bottoms,内功攻击提升25,attack,25,MAGIC,1
100,雅·安戎·印（内会效）,bottoms,内功会心效果提升27,critEffect,27,MAGIC,1
102,雅·安戎·印（疗伤）,bottoms,疗伤成效提升22,heal,22,NONE,1
103,固·安戎·铸（加速）,shoes,加速提升27,haste,27,NONE,1
104,固·安戎·铸（身法）,shoes,身法提升15,agility,15,NONE,1
106,固·安戎·铸（外命）,shoes,破招提升27,surplus,27,NONE,1
107,固·安戎·铸（外破）,shoes,外功破防提升27,overcome,27,PHYSICS,1
108,固·安戎·铸（外会）,shoes,外功会心提升27,crit,27,PHYSICS,1
110,固·安戎·铸（内命）,shoes,破招提升27,surplus,27,NONE,1
111,固·安戎·铸（内破）,shoes,内功破防提升27,overcome,27,MAGIC,1
112,固·安戎·铸（内会）,shoes,内功会心提升27,crit,27,MAGIC,1
113,固·安戎·铸（无双）,shoes,无双提升27,strain,27,NONE,1
116,固·安戎·铸（仇恨）,shoes,仇恨百分比提升5%,threat,51,NONE,1
117,固·安戎·磨石（外伤）,primaryWeapon,外功攻击提升21,attack,21,PHYSICS,1
119,固·安戎·磨石（内伤）,primaryWeapon,内功攻击提升25,attack,25,MAGIC,1
122,固·安戎·磨石（疗伤）,primaryWeapon,疗伤成效提升22,heal,22,NONE,1
131,苍·安戎·锻（疗伤）,hat,疗伤成效提升19,heal,19,NONE,1
132,苍·安戎·绣（疗伤）,jacket,疗伤成效提升19,heal,19,NONE,1
133,苍·安戎·染（疗伤）,wrist,疗伤成效提升19,heal,19,NONE,1
134,苍·安戎·铸（疗伤）,shoes,疗伤成效提升19,heal,19,NONE,1
135,苍·安戎·印（疗伤）,bottoms,疗伤成效提升19,heal,19,NONE,1
136,苍·安戎·磨石（仇恨）,primaryWeapon,仇恨百分比提升5%,threat,52,NONE,1
137,苍·安戎·纹（内破）,belt,内功破防提升24,overcome,24,MAGIC,1
138,苍·安戎·纹（外破）,belt,内功破防提升24,overcome,24,PHYSICS,1
139,苍·安戎·磨石（疗伤）,primaryWeapon,疗伤成效提升19,heal,19,NONE,1
140,苍·安戎·纹（疗伤）,belt,疗伤成效提升19,heal,19,NONE,1
141,苍·安戎·绣（内破）,jacket,内功破防提升24,overcome,24,MAGIC,1
142,苍·安戎·磨石（内伤）,primaryWeapon,内功攻击提升22,attack,22,MAGIC,1
143,苍·安戎·绣（外伤）,jacket,外功攻击提升18,attack,18,PHYSICS,1
144,苍·安戎·磨石（外伤）,primaryWeapon,外功攻击提升18,attack,18,PHYSICS,1
145,苍·安戎·铸（内伤）,shoes,内功攻击提升22,attack,22,MAGIC,1
146,苍·安戎·染（内伤）,wrist,内功攻击提升22,attack,22,MAGIC,1
147,苍·安戎·纹（内伤）,belt,内功攻击提升22,attack,22,MAGIC,1
148,苍·安戎·锻（外伤）,hat,外功攻击提升18,attack,18,PHYSICS,1
149,苍·安戎·染（外伤）,wrist,外功攻击提升18,attack,18,PHYSICS,1
150,苍·安戎·纹（外伤）,belt,外功攻击提升18,attack,18,PHYSICS,1
151,苍·安戎·锻（内伤）,hat,内功攻击提升22,attack,22,MAGIC,1
152,苍·安戎·绣（内伤）,jacket,内功攻击提升22,attack,22,MAGIC,1
153,苍·安戎·印（内伤）,bottoms,内功攻击提升22,attack,22,MAGIC,1
154,苍·安戎·铸（外伤）,shoes,外功攻击提升18,attack,18,PHYSICS,1
155,苍·安戎·锻（外伤）,hat,外功攻击提升18,attack,18,PHYSICS,1
157,固·安戎·铸（根骨）,shoes,根骨提升15,spirit,15,NONE,1
158,新春·桃符,ring,可强化戒指，使自身外功攻击增加5点,attack,5,PHYSICS,0
159,剑胆·绣（体质）,jacket,体质提升25点,vitality,25,NONE,1
160,剑胆·绣（气血）,jacket,气血上限提升247点,health,247,NONE,1
161,剑胆·绣（内力）,jacket,内力上限提升247点,mana,247,NONE,1
162,剑胆·绣（气回）,jacket,回复气血永久提升12点每秒,healthRecover,12,NONE,1
163,剑胆·绣（内回）,jacket,内力回复速度提升22点,manaRecover,22,NONE,1
164,剑胆·绣（拆值）,jacket,拆招值提升307点,parryValue,307,NONE,1
165,剑胆·绣（闪避）,jacket,闪避值提升25点,dodge,25,NONE,1
166,剑胆·绣（外防）,jacket,外功防御等级提升25点,physicsShield,25,NONE,1
167,剑胆·绣（内防）,jacket,内功防御等级提升25点,magicShield,25,NONE,1
168,剑胆·绣（招架）,jacket,招架值提升25点,parryBase,25,NONE,1
169,剑胆·绣（御劲）,jacket,御劲提升25点,toughness,25,NONE,1
170,剑胆·绣（化劲）,jacket,化劲提升25点,huajing,25,NONE,1
171,剑胆·印（力道）,bottoms,力道提升18点,strength,18,NONE,1
172,剑胆·印（元气）,bottoms,元气提升18点,spunk,18,NONE,1
173,剑胆·印（外伤）,bottoms,外功攻击提升37点,attack,37,PHYSICS,1
174,剑胆·印（内伤）,bottoms,内功攻击提升44点,attack,44,MAGIC,1
175,剑胆·印（疗伤）,bottoms,疗伤成效提升39点,heal,39,NONE,1
176,剑胆·印（内会效）,bottoms,内功会心效果等级提升49点,critEffect,49,MAGIC,1
177,剑胆·印（外会效）,bottoms,外功会心效果等级提升49点,critEffect,49,PHYSICS,1
178,剑胆·染（力道）,wrist,力道提升18点,strength,18,NONE,1
179,剑胆·染（元气）,wrist,元气提升18点,spunk,18,NONE,1
180,剑胆·染（外伤）,wrist,外功攻击提升37点,attack,37,PHYSICS,1
181,剑胆·染（内伤）,wrist,内功攻击提升44点,attack,44,MAGIC,1
182,剑胆·染（疗伤）,wrist,疗伤成效提升39点,heal,39,NONE,1
183,剑胆·染（内会效）,wrist,内功会心效果等级提升49点,critEffect,49,MAGIC,1
184,剑胆·染（外会效）,wrist,外功会心效果等级提升49点,critEffect,49,PHYSICS,1
185,剑胆·纹（体质）,belt,体质提升25点,vitality,25,NONE,1
186,剑胆·纹（气血）,belt,气血上限提升247点,health,247,NONE,1
187,剑胆·纹（内力）,belt,内力上限提升247点,mana,247,NONE,1
188,剑胆·纹（气回）,belt,回复气血永久提升12点每秒,healthRecover,12,NONE,1
189,剑胆·纹（内回）,belt,内力回复速度提升22点,manaRecover,22,NONE,1
190,剑胆·纹（拆值）,belt,拆招值提升307点,parryValue,307,NONE,1
191,剑胆·纹（闪避）,belt,闪避值提升25点,dodge,25,NONE,1
192,剑胆·纹（外防）,belt,外功防御等级提升25点,physicsShield,25,NONE,1
193,剑胆·纹（内防）,belt,内功防御等级提升25点,magicShield,25,NONE,1
194,剑胆·纹（招架）,belt,招架值提升25点,parryBase,25,NONE,1
195,剑胆·纹（御劲）,belt,御劲提升25点,toughness,25,NONE,1
196,剑胆·纹（化劲）,belt,化劲提升25点,huajing,25,NONE,1
197,佳·剑胆·绣（体质）,jacket,体质提升28点,vitality,28,NONE,1
198,佳·剑胆·绣（气血）,jacket,气血上限提升278点,health,278,NONE,1
199,佳·剑胆·绣（内力）,jacket,内力上限提升278点,mana,278,NONE,1
200,佳·剑胆·绣（气回）,jacket,气血回复速度提升18点,healthRecover,18,NONE,1
201,佳·剑胆·绣（内回）,jacket,内力回复速度提升26点,manaRecover,26,NONE,1
202,佳·剑胆·绣（拆值）,jacket,拆招值提升345点,parryValue,345,NONE,1
203,佳·剑胆·绣（闪避）,jacket,闪避值提升28点,dodge,28,NONE,1
204,佳·剑胆·绣（外防）,jacket,外功防御等级提升28点,physicsShield,28,NONE,1
205,佳·剑胆·绣（内防）,jacket,内功防御等级提升28点,magicShield,28,NONE,1
206,佳·剑胆·绣（招架）,jacket,招架值提升28点,parryBase,28,NONE,1
207,佳·剑胆·绣（御劲）,jacket,御劲提升28点,toughness,28,NONE,1
208,佳·剑胆·绣（化劲）,jacket,化劲提升28点,huajing,28,NONE,1
209,佳·剑胆·印（力道）,bottoms,力道提升21点,strength,21,NONE,1
210,佳·剑胆·印（元气）,bottoms,元气提升21点,spunk,21,NONE,1
211,佳·剑胆·印（外伤）,bottoms,外功攻击提升42点,attack,42,PHYSICS,1
212,佳·剑胆·印（内伤）,bottoms,内功攻击提升50点,attack,50,MAGIC,1
213,佳·剑胆·印（疗伤）,bottoms,疗伤成效提升43点,heal,43,NONE,1
214,佳·剑胆·印（内会效）,bottoms,内功会心效果等级提升56点,critEffect,56,MAGIC,1
215,佳·剑胆·印（外会效）,bottoms,外功会心效果等级提升56点,critEffect,56,PHYSICS,1
216,佳·剑胆·染（力道）,wrist,力道提升21点,strength,21,NONE,1
217,佳·剑胆·染（元气）,wrist,元气提升21点,spunk,21,NONE,1
218,佳·剑胆·染（外伤）,wrist,外功攻击提升42点,attack,42,PHYSICS,1
219,佳·剑胆·染（内伤）,wrist,内功攻击提升50点,attack,50,MAGIC,1
220,佳·剑胆·染（疗伤）,wrist,疗伤成效提升43点,heal,43,NONE,1
221,佳·剑胆·染（内会效）,wrist,内功会心效果等级提升56点,critEffect,56,MAGIC,1
222,佳·剑胆·染（外会效）,wrist,外功会心效果等级提升56点,critEffect,56,PHYSICS,1
223,佳·剑胆·纹（体质）,belt,体质提升28点,vitality,28,NONE,1
224,佳·剑胆·纹（气血）,belt,气血上限提升278点,health,278,NONE,1
225,佳·剑胆·纹（内力）,belt,内力上限提升278点,mana,278,NONE,1
226,佳·剑胆·纹（气回）,belt,气血回复速度提升18点,healthRecover,18,NONE,1
227,佳·剑胆·纹（内回）,belt,内力回复速度提升26点,manaRecover,26,NONE,1
228,佳·剑胆·纹（拆值）,belt,拆招值提升345点,parryValue,345,NONE,1
229,佳·剑胆·纹（闪避）,belt,闪避值提升28点,dodge,28,NONE,1
230,佳·剑胆·纹（外防）,belt,外功防御等级提升28点,physicsShield,28,NONE,1
231,佳·剑胆·纹（内防）,belt,内功防御等级提升28点,magicShield,28,NONE,1
232,佳·剑胆·纹（招架）,belt,招架值提升28点,parryBase,28,NONE,1
233,佳·剑胆·纹（御劲）,belt,御劲提升28点,toughness,28,NONE,1
234,佳·剑胆·纹（化劲）,belt,化劲提升28点,huajing,28,NONE,1
235,剑胆·锻（根骨）,hat,根骨提升18点,spirit,18,NONE,1
236,剑胆·锻（身法）,hat,身法提升18点,agility,18,NONE,1
237,剑胆·锻（外破）,hat,外功破防等级提升49点,overcome,49,PHYSICS,1
238,剑胆·锻（内破）,hat,内功破防等级提升49点,overcome,49,MAGIC,1
239,剑胆·锻（仇恨）,hat,仇恨百分比提升9%,threat,92,NONE,1
240,剑胆·锻（外会）,hat,外功会心等级提升49点,crit,49,PHYSICS,1
241,剑胆·锻（内会）,hat,内功会心等级提升49点,crit,49,MAGIC,1
242,剑胆·锻（外命）,hat,破招等级提升49点,surplus,49,NONE,1
243,剑胆·锻（内命）,hat,破招等级提升49点,surplus,49,NONE,1
244,剑胆·锻（无双）,hat,无双等级提升49点,strain,49,NONE,1
245,剑胆·锻（加速）,hat,加速等级提升49点,haste,49,NONE,1
246,剑胆·铸（根骨）,shoes,根骨提升18点,spirit,18,NONE,1
247,剑胆·铸（身法）,shoes,身法提升18点,agility,18,NONE,1
248,剑胆·铸（外破）,shoes,外功破防等级提升49点,overcome,49,PHYSICS,1
249,剑胆·铸（内破）,shoes,内功破防等级提升49点,overcome,49,MAGIC,1
250,剑胆·铸（仇恨）,shoes,仇恨百分比提升9%,threat,92,NONE,1
251,剑胆·铸（外会）,shoes,外功会心等级提升49点,crit,49,PHYSICS,1
252,剑胆·铸（内会）,shoes,内功会心等级提升49点,crit,49,MAGIC,1
253,剑胆·铸（外命）,shoes,破招等级提升49点,surplus,49,NONE,1
254,剑胆·铸（内命）,shoes,破招等级提升49点,surplus,49,NONE,1
255,剑胆·铸（无双）,shoes,无双等级提升49点,strain,49,NONE,1
256,剑胆·铸（加速）,shoes,加速等级提升49点,haste,49,NONE,1
257,剑胆·磨石（外伤）,primaryWeapon,外功攻击提升37点,attack,37,PHYSICS,1
258,剑胆·磨石（内伤）,primaryWeapon,内功攻击提升44点,attack,44,MAGIC,1
259,剑胆·磨石（疗伤）,primaryWeapon,疗伤成效提升39点,heal,39,NONE,1
260,剑胆·磨石（武伤）,primaryWeapon,武器伤害提升8点,damageBase,8,NONE,1
261,剑胆·熔锭（外伤）,primaryWeapon,外功攻击提升55点,attack,55,PHYSICS,1
262,剑胆·熔锭（内伤）,primaryWeapon,内功攻击提升67点,attack,67,MAGIC,1
263,剑胆·熔锭（疗伤）,primaryWeapon,疗伤成效提升58点,heal,58,NONE,1
264,剑胆·熔锭（武伤）,primaryWeapon,武器伤害提升13点,damageBase,13,NONE,1
265,佳·剑胆·锻（根骨）,hat,根骨提升21点,spirit,21,NONE,1
266,佳·剑胆·锻（身法）,hat,身法提升21点,agility,21,NONE,1
267,佳·剑胆·锻（外破）,hat,外功破防等级提升56点,overcome,56,PHYSICS,1
268,佳·剑胆·锻（内破）,hat,内功破防等级提升56点,overcome,56,MAGIC,1
269,佳·剑胆·锻（仇恨）,hat,仇恨百分比提升10%,threat,102,NONE,1
270,佳·剑胆·锻（外会）,hat,外功会心等级提升56点,crit,56,PHYSICS,1
271,佳·剑胆·锻（内会）,hat,内功会心等级提升56点,crit,56,MAGIC,1
272,佳·剑胆·锻（外命）,hat,破招等级提升56点,surplus,56,NONE,1
273,佳·剑胆·锻（内命）,hat,破招等级提升56点,surplus,56,NONE,1
274,佳·剑胆·锻（无双）,hat,无双等级提升56点,strain,56,NONE,1
275,佳·剑胆·锻（加速）,hat,加速等级提升56点,haste,56,NONE,1
276,佳·剑胆·铸（根骨）,shoes,根骨提升21点,spirit,21,NONE,1
277,佳·剑胆·铸（身法）,shoes,身法提升21点,agility,21,NONE,1
278,佳·剑胆·铸（外破）,shoes,外功破防等级提升56点,overcome,56,PHYSICS,1
279,佳·剑胆·铸（内破）,shoes,内功破防等级提升56点,overcome,56,MAGIC,1
280,佳·剑胆·铸（仇恨）,shoes,仇恨百分比提升10%,threat,102,NONE,1
281,佳·剑胆·铸（外会）,shoes,外功会心等级提升56点,crit,56,PHYSICS,1
282,佳·剑胆·铸（内会）,shoes,内功会心等级提升56点,crit,56,MAGIC,1
283,佳·剑胆·铸（外命）,shoes,破招等级提升56点,surplus,56,NONE,1
284,佳·剑胆·铸（内命）,shoes,破招等级提升56点,surplus,56,NONE,1
285,佳·剑胆·铸（无双）,shoes,无双等级提升56点,strain,56,NONE,1
286,佳·剑胆·铸（加速）,shoes,加速等级提升56点,haste,56,NONE,1
287,佳·剑胆·磨石（外伤）,primaryWeapon,外功攻击提升42点,attack,42,PHYSICS,1
288,佳·剑胆·磨石（内伤）,primaryWeapon,内功攻击提升50点,attack,50,MAGIC,1
289,佳·剑胆·磨石（疗伤）,primaryWeapon,疗伤成效提升43点,heal,43,NONE,1
290,佳·剑胆·磨石（武伤）,primaryWeapon,武器伤害提升9点,damageBase,9,NONE,1
291,佳·剑胆·熔锭（外伤）,primaryWeapon,外功攻击提升62点,attack,62,PHYSICS,1
292,佳·剑胆·熔锭（内伤）,primaryWeapon,内功攻击提升75点,attack,75,MAGIC,1
293,佳·剑胆·熔锭（疗伤）,primaryWeapon,疗伤成效提升65点,heal,65,NONE,1
294,佳·剑胆·熔锭（武伤）,primaryWeapon,武器伤害提升14点,damageBase,14,NONE,1
296,苍·安戎·绣（外破）,jacket,内功破防提升24,overcome,24,PHYSICS,1
297,珍·风骨·绣（体质）,jacket,体质提升34点,vitality,34,NONE,1
298,珍·风骨·印（力道）,bottoms,力道提升25点,strength,25,NONE,1
299,珍·风骨·印（元气）,bottoms,元气提升25点,spunk,25,NONE,1
300,珍·风骨·印（疗伤）,bottoms,疗伤成效提升53点,heal,53,NONE,1
301,珍·风骨·印（内会效）,bottoms,内功会心效果等级提升68点,critEffect,68,MAGIC,1
302,珍·风骨·印（外会效）,bottoms,外功会心效果等级提升68点,critEffect,68,PHYSICS,1
303,珍·风骨·染（力道）,wrist,力道提升25点,strength,25,NONE,1
304,珍·风骨·染（元气）,wrist,元气提升25点,spunk,25,NONE,1
305,珍·风骨·染（疗伤）,wrist,疗伤成效提升53点,heal,53,NONE,1
306,珍·风骨·染（内会效）,wrist,内功会心效果等级提升68点,critEffect,68,MAGIC,1
307,珍·风骨·染（外会效）,wrist,外功会心效果等级提升68点,critEffect,68,PHYSICS,1
308,珍·风骨·纹（体质）,belt,体质提升34点,vitality,34,NONE,1
309,珍·风骨·锻（根骨）,hat,根骨提升25点,spirit,25,NONE,1
310,珍·风骨·锻（身法）,hat,身法提升25点,agility,25,NONE,1
311,珍·风骨·锻（外会）,hat,外功会心等级提升68点,crit,68,PHYSICS,1
312,珍·风骨·锻（内会）,hat,内功会心等级提升68点,crit,68,MAGIC,1
313,珍·风骨·铸（根骨）,shoes,根骨提升25点,spirit,25,NONE,1
314,珍·风骨·铸（身法）,shoes,身法提升25点,agility,25,NONE,1
315,珍·风骨·铸（外会）,shoes,外功会心等级提升68点,crit,68,PHYSICS,1
316,珍·风骨·铸（内会）,shoes,内功会心等级提升68点,crit,68,MAGIC,1
317,珍·风骨·磨石（疗伤）,primaryWeapon,疗伤成效提升53点,heal,53,NONE,1
318,珍·风骨·印（外伤）,bottoms,外功攻击提升51点,attack,51,PHYSICS,1
319,珍·风骨·印（内伤）,bottoms,内功攻击提升61点,attack,61,MAGIC,1
320,珍·风骨·染（外伤）,wrist,外功攻击提升51点,attack,51,PHYSICS,1
321,珍·风骨·染（内伤）,wrist,内功攻击提升61点,attack,61,MAGIC,1
322,珍·风骨·绣（气血）,jacket,气血上限提升339点,health,339,NONE,1
323,珍·风骨·绣（招架）,jacket,招架提升34点,parryBase,34,NONE,1
324,珍·风骨·绣（御劲）,jacket,御劲提升34点,toughness,34,NONE,1
325,珍·风骨·绣（闪避）,jacket,闪避提升34点,dodge,34,NONE,1
326,珍·风骨·绣（外防）,jacket,外功防御提升34点,physicsShield,34,NONE,1
328,珍·风骨·纹（气血）,belt,气血上限提升339点,health,339,NONE,1
329,珍·风骨·纹（招架）,belt,招架提升34点,parryBase,34,NONE,1
330,珍·风骨·纹（御劲）,belt,御劲提升34点,toughness,34,NONE,1
331,珍·风骨·纹（闪避）,belt,闪避提升34点,dodge,34,NONE,1
332,珍·风骨·纹（外防）,belt,外功防御提升34点,physicsShield,34,NONE,1
333,珍·风骨·纹（内防）,belt,内功防御提升34点,magicShield,34,NONE,1
334,珍·风骨·锻（外破）,hat,外功破防等级提升68点,overcome,68,PHYSICS,1
335,珍·风骨·锻（内破）,hat,内功破防等级提升68点,overcome,68,MAGIC,1
336,珍·风骨·锻（加速）,hat,加速提升68点,haste,68,NONE,1
337,珍·风骨·铸（外破）,shoes,外功破防等级提升68点,overcome,68,PHYSICS,1
338,珍·风骨·铸（内破）,shoes,内功破防等级提升68点,overcome,68,MAGIC,1
339,珍·风骨·铸（加速）,shoes,加速提升68点,haste,68,NONE,1
340,珍·风骨·磨石（外伤）,primaryWeapon,外功攻击提升51点,attack,51,PHYSICS,1
341,珍·风骨·磨石（内伤）,primaryWeapon,内功攻击提升61点,attack,61,MAGIC,1
342,珍·风骨·磨石（武伤）,primaryWeapon,武器伤害提升12点,damageBase,12,NONE,1
343,珍·重制·印（外伤）,bottoms,外功攻击提升62点,attack,62,PHYSICS,1
344,珍·重制·印（内伤）,bottoms,内功攻击提升75点,attack,75,MAGIC,1
345,珍·重制·印（疗伤）,bottoms,疗伤成效提升65点,heal,65,NONE,1
346,珍·重制·印（御劲）,bottoms,御劲提升42点,toughness,42,NONE,1
347,珍·重制·印（化劲）,bottoms,化劲提升42点,huajing,42,NONE,1
348,珍·重制·印（力道）,bottoms,力道提升31点,strength,31,NONE,1
349,珍·重制·印（元气）,bottoms,元气提升31点,spunk,31,NONE,1
350,珍·重制·印（外会效）,bottoms,外功会心效果等级提升83点,critEffect,83,PHYSICS,1
351,珍·重制·印（内会效）,bottoms,内功会心效果等级提升73点,critEffect,83,MAGIC,1
352,珍·重制·染（外伤）,wrist,外功攻击提升62点,attack,62,PHYSICS,1
353,珍·重制·染（内伤）,wrist,内功攻击提升75点,attack,75,MAGIC,1
354,珍·重制·染（疗伤）,wrist,疗伤成效提升65点,heal,65,NONE,1
355,珍·重制·染（御劲）,wrist,御劲提升42点,toughness,42,NONE,1
356,珍·重制·染（化劲）,wrist,化劲提升42点,huajing,42,NONE,1
357,珍·重制·染（力道）,wrist,力道提升31点,strength,31,NONE,1
358,珍·重制·染（元气）,wrist,元气提升31点,spunk,31,NONE,1
359,珍·重制·染（外会效）,wrist,外功会心效果等级提升83点,critEffect,83,PHYSICS,1
360,珍·重制·染（内会效）,wrist,内功会心效果等级提升73点,critEffect,83,MAGIC,1
361,珍·重制·绣（体质）,jacket,体质提升42点,vitality,42,NONE,1
362,珍·重制·绣（招架）,jacket,招架提升42点,parryBase,42,NONE,1
363,珍·重制·绣（御劲）,jacket,御劲提升42点,toughness,42,NONE,1
364,珍·重制·绣（化劲）,jacket,化劲提升42点,huajing,42,NONE,1
365,珍·重制·绣（闪避）,jacket,闪避提升42点,dodge,42,NONE,1
366,珍·重制·绣（外防）,jacket,外功防御提升42点,physicsShield,42,NONE,1
367,珍·重制·绣（内防）,jacket,内功防御提升42点,magicShield,42,NONE,1
368,珍·重制·纹（体质）,belt,体质提升42点,vitality,42,NONE,1
369,珍·重制·纹（招架）,belt,招架提升42点,parryBase,42,NONE,1
370,珍·重制·纹（御劲）,belt,御劲提升42点,toughness,42,NONE,1
371,珍·重制·纹（化劲）,belt,化劲提升42点,huajing,42,NONE,1
372,珍·重制·纹（闪避）,belt,闪避提升42点,dodge,42,NONE,1
373,珍·重制·纹（外防）,belt,外功防御提升42点,physicsShield,42,NONE,1
374,珍·重制·纹（内防）,belt,内功防御提升42点,magicShield,42,NONE,1
375,珍·重制·锻（外破）,hat,外功破防等级提升83点,overcome,83,PHYSICS,1
376,珍·重制·锻（内破）,hat,内功破防等级提升83点,overcome,83,MAGIC,1
377,珍·重制·锻（加速）,hat,加速提升83点,haste,83,NONE,1
378,珍·重制·锻（外命）,hat,破招等级提升83点,surplus,83,NONE,1
379,珍·重制·锻（内命）,hat,破招等级提升83点,surplus,83,NONE,1
380,珍·重制·锻（无双）,hat,无双等级提升83点,strain,83,NONE,1
381,珍·重制·锻（根骨）,hat,根骨提升31点,spirit,31,NONE,1
382,珍·重制·锻（身法）,hat,身法提升31点,agility,31,NONE,1
383,珍·重制·锻（外会）,hat,外功会心等级提升83点,crit,83,PHYSICS,1
384,珍·重制·锻（内会）,hat,内功会心等级提升83点,crit,83,MAGIC,1
385,珍·重制·铸（外破）,shoes,外功破防等级提升83点,overcome,83,PHYSICS,1
386,珍·重制·铸（内破）,shoes,内功破防等级提升83点,overcome,83,MAGIC,1
387,珍·重制·铸（加速）,shoes,加速提升83点,haste,83,NONE,1
388,珍·重制·铸（外命）,shoes,破招等级提升83点,surplus,83,NONE,1
389,珍·重制·铸（内命）,shoes,破招等级提升83点,surplus,83,NONE,1
390,珍·重制·铸（无双）,shoes,无双等级提升83点,strain,83,NONE,1
391,珍·重制·铸（根骨）,shoes,根骨提升31点,spirit,31,NONE,1
392,珍·重制·铸（身法）,shoes,身法提升31点,agility,31,NONE,1
393,珍·重制·铸（外会）,shoes,外功会心等级提升83点,crit,83,PHYSICS,1
394,珍·重制·铸（内会）,shoes,内功会心等级提升83点,crit,83,MAGIC,1
395,珍·重制·磨石（疗伤）,primaryWeapon,疗伤成效提升65点,heal,65,NONE,1
396,珍·重制·磨石（外伤）,primaryWeapon,外功攻击提升62点,attack,62,PHYSICS,1
397,珍·重制·磨石（内伤）,primaryWeapon,内功攻击提升75点,attack,75,MAGIC,1
398,珍·重制·磨石（武伤）,primaryWeapon,武器伤害提升14点,damageBase,14,NONE,1
399,烨阳晶石·磨（体质）,necklace,体质提升42点,vitality,42,NONE,0
400,烨阳晶石·磨（御劲）,necklace,御劲提升42点,toughness,42,NONE,0
401,烨阳晶石·雕（体质）,pendant,体质提升42点,vitality,42,NONE,0
402,烨阳晶石·雕（化劲）,pendant,化劲提升42点,huajing,42,NONE,0
403,烨阳晶石·刻（根骨）,ring,根骨提升31点,spirit,31,NONE,0
404,烨阳晶石·刻（力道）,ring,力道提升31点,strength,31,NONE,0
405,烨阳晶石·刻（元气）,ring,元气提升31点,spunk,31,NONE,0
406,烨阳晶石·刻（身法）,ring,身法提升31点,agility,31,NONE,0
407,烨阳晶石·刻（外伤）,ring,外功攻击提升62点,attack,62,PHYSICS,0
408,烨阳晶石·刻（内伤）,ring,内功攻击提升75点,attack,75,MAGIC,0
409,烨阳晶石·刻（外命）,ring,破招等级提升83点,surplus,83,NONE,0
410,烨阳晶石·刻（内命）,ring,破招等级提升83点,surplus,83,NONE,0
411,烨阳晶石·熔（根骨）,secondaryWeapon,根骨提升31点,spirit,31,NONE,0
412,烨阳晶石·熔（力道）,secondaryWeapon,力道提升31点,strength,31,NONE,0
413,烨阳晶石·熔（元气）,secondaryWeapon,元气提升31点,spunk,31,NONE,0
414,烨阳晶石·熔（身法）,secondaryWeapon,身法提升31点,agility,31,NONE,0
415,烨阳晶石·熔（外破）,secondaryWeapon,外功破防等级提升83点,overcome,83,PHYSICS,0
416,烨阳晶石·熔（内破）,secondaryWeapon,内功破防等级提升83点,overcome,83,MAGIC,0
417,烨阳晶石·熔（加速）,secondaryWeapon,加速提升83点,haste,83,NONE,0
418,固·安戎·磨石（武伤）,primaryWeapon,武器伤害提升5,damageBase,5,NONE,1
419,固·安戎·熔锭（外伤）,primaryWeapon,外功攻击提升31,attack,31,PHYSICS,1
420,固·安戎·熔锭（内伤）,primaryWeapon,内功攻击提升37,attack,37,MAGIC,1
421,固·安戎·熔锭（疗伤）,primaryWeapon,疗伤成效提升32,heal,32,NONE,1
422,固·安戎·熔锭（武伤）,primaryWeapon,武器伤害提升7,damageBase,7,NONE,1
423,苍·安戎·印（内伤）,bottoms,内功攻击提升22,attack,22,MAGIC,1
424,苍·安戎·印（外伤）,bottoms,外功攻击提升18,attack,18,PHYSICS,1
425,苍·安戎·铸（外伤）,shoes,外功攻击提升18,attack,18,PHYSICS,1
525,仙踪·鞋·染（跑速）,shoes,跑步速度提升5%（鞋子）,moveSpeed,56,NONE,0
680,烨阳晶石·项链（体质）,necklace,体质提升70点,vitality,70,NONE,0
681,烨阳晶石·项链（御劲）,necklace,御劲提升94点,toughness,94,NONE,0
682,烨阳晶石·腰坠（体质）,pendant,体质提升70点,vitality,70,NONE,0
683,烨阳晶石·腰坠（化劲）,pendant,化劲提升94点,huajing,94,NONE,0
684,烨阳晶石·戒指（根骨）,ring,根骨提升42点,spirit,42,NONE,0
685,烨阳晶石·戒指（力道）,ring,力道提升42点,strength,42,NONE,0
686,烨阳晶石·戒指（元气）,ring,元气提升42点,spunk,42,NONE,0
687,烨阳晶石·戒指（身法）,ring,身法提升42点,agility,42,NONE,0
688,烨阳晶石·戒指（外伤）,ring,外功攻击提升85点,attack,85,PHYSICS,0
689,烨阳晶石·戒指（内伤）,ring,内功攻击提升101点,attack,101,MAGIC,0
690,烨阳晶石·戒指（外命）,ring,破招等级提升188点,surplus,188,NONE,0
691,烨阳晶石·戒指（内命）,ring,破招等级提升188点,surplus,188,NONE,0
692,烨阳晶石·暗器（根骨）,secondaryWeapon,根骨提升42点,spirit,42,NONE,0
693,烨阳晶石·暗器（力道）,secondaryWeapon,力道提升42点,strength,42,NONE,0
694,烨阳晶石·暗器（元气）,secondaryWeapon,元气提升42点,spunk,42,NONE,0
695,烨阳晶石·暗器（身法）,secondaryWeapon,身法提升42点,agility,42,NONE,0
696,烨阳晶石·暗器（外破）,secondaryWeapon,外功破防等级提升188点,overcome,188,PHYSICS,0
697,烨阳晶石·暗器（内破）,secondaryWeapon,内功破防等级提升188点,overcome,188,MAGIC,0
698,烨阳晶石·暗器（加速）,secondaryWeapon,加速提升188点,haste,188,NONE,0
727,仙踪·兵·铸（外伤）,primaryWeapon,外功攻击提升94点,attack,94,PHYSICS,0
728,仙踪·兵·铸（内伤）,primaryWeapon,内功攻击提升113点,attack,113,MAGIC,0
729,仙踪·兵·铸（疗伤）,primaryWeapon,疗伤成效提升102点,heal,102,NONE,0
730,仙踪·兵·铸（武伤）,primaryWeapon,武器伤害提升142点,damageBase,142,NONE,0
731,仙踪·兵·铸（仇恨）,primaryWeapon,仇恨百分比提升36%,threat,368,NONE,0
732,仙踪·裤·铸（身法）,bottoms,身法提升47点,agility,47,NONE,0
733,仙踪·裤·铸（元气）,bottoms,元气提升47点,spunk,47,NONE,0
734,仙踪·裤·铸（力道）,bottoms,力道提升47点,strength,47,NONE,0
735,仙踪·裤·铸（根骨）,bottoms,根骨提升47点,spirit,47,NONE,0
736,仙踪·裤·铸（仇恨）,bottoms,仇恨百分比提升36%,threat,368,NONE,0
737,仙踪·裤·铸（外破）,bottoms,外功破防等级提升209点,overcome,209,PHYSICS,0
738,仙踪·裤·铸（内破）,bottoms,内功破防等级提升209点,overcome,209,MAGIC,0
739,仙踪·裤·铸（会心）,bottoms,全会心提升209点,crit,209,ALL,0
740,仙踪·裤·铸（无双）,bottoms,无双等级提升209点,strain,209,NONE,0
741,仙踪·头·铸（外功）,hat,外功攻击提升94点,attack,94,PHYSICS,0
742,仙踪·头·铸（内功）,hat,内功攻击提升113点,attack,113,MAGIC,0
743,仙踪·头·铸（治疗）,hat,疗伤成效提升102点,heal,102,NONE,0
744,仙踪·头·铸（命中）,hat,破招提升209点,surplus,209,NONE,0
745,仙踪·头·铸（急速）,hat,加速提升209点,haste,209,NONE,0
746,仙踪·腰·铸（体质）,belt,体质提升78点,vitality,78,NONE,0
747,仙踪·腰·铸（气血）,belt,最大气血值提升1047点,health,1047,NONE,0
748,仙踪·腰·铸（格挡）,belt,拆招提升1301点,parryValue,1301,NONE,0
749,仙踪·腰·铸（闪避）,belt,闪避提升105点,dodge,105,NONE,0
750,仙踪·腰·铸（外防）,belt,外功防御提升105点,physicsShield,105,NONE,0
751,仙踪·腰·铸（内防）,belt,内功防御提升105点,magicShield,105,NONE,0
752,仙踪·腰·铸（招架）,belt,招架提升105点,parryBase,105,NONE,0
753,仙踪·腰·铸（化劲）,belt,化劲提升105点,huajing,105,NONE,0
754,仙踪·腰·铸（御劲）,belt,御劲提升105点,toughness,105,NONE,0
755,仙踪·裤·甲（身法）,bottoms,身法提升24点,agility,24,NONE,0
756,仙踪·裤·甲（元气）,bottoms,元气提升24点,spunk,24,NONE,0
757,仙踪·裤·甲（力道）,bottoms,力道提升24点,strength,24,NONE,0
758,仙踪·裤·甲（根骨）,bottoms,根骨提升24点,spirit,24,NONE,0
759,仙踪·裤·甲（仇恨）,bottoms,仇恨百分比提升18%,threat,184,NONE,0
760,仙踪·裤·甲（外破）,bottoms,外功破防等级提升105点,overcome,105,PHYSICS,0
761,仙踪·裤·甲（内破）,bottoms,内功破防等级提升105点,overcome,105,MAGIC,0
762,仙踪·裤·甲（会心）,bottoms,全会心提升105点,crit,105,ALL,0
763,仙踪·裤·甲（无双）,bottoms,无双等级提升105点,strain,105,NONE,0
764,仙踪·头·甲（外功）,hat,外功攻击提升47点,attack,47,PHYSICS,0
765,仙踪·头·甲（内功）,hat,内功攻击提升57点,attack,57,MAGIC,0
766,仙踪·头·甲（治疗）,hat,疗伤成效提升51点,heal,51,NONE,0
767,仙踪·头·甲（命中）,hat,破招提升105点,surplus,105,NONE,0
768,仙踪·头·甲（急速）,hat,加速提升105点,haste,105,NONE,0
769,仙踪·腰·甲（体质）,belt,体质提升39点,vitality,39,NONE,0
770,仙踪·腰·甲（气血）,belt,最大气血值提升524点,health,524,NONE,0
771,仙踪·腰·甲（格挡）,belt,拆招提升651点,parryValue,651,NONE,0
772,仙踪·腰·甲（闪避）,belt,闪避提升53点,dodge,53,NONE,0
773,仙踪·腰·甲（外防）,belt,外功防御提升53点,physicsShield,53,NONE,0
774,仙踪·腰·甲（内防）,belt,内功防御提升53点,magicShield,53,NONE,0
775,仙踪·腰·甲（招架）,belt,招架提升53点,parryBase,53,NONE,0
776,仙踪·腰·甲（化劲）,belt,化劲提升53点,huajing,53,NONE,0
777,仙踪·腰·甲（御劲）,belt,御劲提升53点,toughness,53,NONE,0
778,仙踪·兵·甲（外伤）,primaryWeapon,外功攻击提升47点,attack,47,PHYSICS,0
779,仙踪·兵·甲（内伤）,primaryWeapon,内功攻击提升57点,attack,57,MAGIC,0
780,仙踪·兵·甲（疗伤）,primaryWeapon,疗伤成效提升51点,heal,51,NONE,0
781,仙踪·兵·甲（武伤）,primaryWeapon,武器伤害提升71点,damageBase,71,NONE,0
782,仙踪·兵·甲（仇恨）,primaryWeapon,仇恨百分比提升18%,threat,184,NONE,0
783,仙踪·腕·绣（身法）,wrist,身法提升47点,agility,47,NONE,0
784,仙踪·腕·绣（元气）,wrist,元气提升47点,spunk,47,NONE,0
785,仙踪·腕·绣（力道）,wrist,力道提升47点,strength,47,NONE,0
786,仙踪·腕·绣（根骨）,wrist,根骨提升47点,spirit,47,NONE,0
787,仙踪·腕·绣（仇恨）,wrist,仇恨百分比提升36%,threat,368,NONE,0
788,仙踪·腕·绣（外破）,wrist,外功破防等级提升209点,overcome,209,PHYSICS,0
789,仙踪·腕·绣（内破）,wrist,内功破防等级提升209点,overcome,209,MAGIC,0
790,仙踪·腕·绣（会心）,wrist,全会心提升209点,crit,209,ALL,0
791,仙踪·腕·绣（无双）,wrist,无双等级提升209点,strain,209,NONE,0
792,仙踪·鞋·绣（外功）,shoes,外功攻击提升94点,attack,94,PHYSICS,0
793,仙踪·鞋·绣（内功）,shoes,内功攻击提升113点,attack,113,MAGIC,0
794,仙踪·鞋·绣（治疗）,shoes,疗伤成效提升102点,heal,102,NONE,0
795,仙踪·鞋·绣（命中）,shoes,破招提升209点,surplus,209,NONE,0
796,仙踪·鞋·绣（急速）,shoes,加速提升209点,haste,209,NONE,0
797,仙踪·衣·绣（体质）,jacket,体质提升78点,vitality,78,NONE,0
798,仙踪·衣·绣（气血）,jacket,最大气血值提升1047点,health,1047,NONE,0
799,仙踪·衣·绣（格挡）,jacket,拆招提升1301点,parryValue,1301,NONE,0
800,仙踪·衣·绣（闪避）,jacket,闪避提升105点,dodge,105,NONE,0
801,仙踪·衣·绣（外防）,jacket,外功防御提升105点,physicsShield,105,NONE,0
802,仙踪·衣·绣（内防）,jacket,内功防御提升105点,magicShield,105,NONE,0
803,仙踪·衣·绣（招架）,jacket,招架提升105点,parryBase,105,NONE,0
804,仙踪·衣·绣（化劲）,jacket,化劲提升105点,huajing,105,NONE,0
805,仙踪·衣·绣（御劲）,jacket,御劲提升105点,toughness,105,NONE,0
806,仙踪·腕·染（身法）,wrist,身法提升24点,agility,24,NONE,0
807,仙踪·腕·染（元气）,wrist,元气提升24点,spunk,24,NONE,0
808,仙踪·腕·染（力道）,wrist,力道提升24点,strength,24,NONE,0
809,仙踪·腕·染（根骨）,wrist,根骨提升24点,spirit,24,NONE,0
810,仙踪·腕·染（仇恨）,wrist,仇恨百分比提升18%,threat,184,NONE,0
811,仙踪·腕·染（外破）,wrist,外功破防等级提升105点,overcome,105,PHYSICS,0
812,仙踪·腕·染（内破）,wrist,内功破防等级提升105点,overcome,105,MAGIC,0
813,仙踪·腕·染（会心）,wrist,全会心提升105点,crit,105,ALL,0
814,仙踪·腕·染（无双）,wrist,无双等级提升105点,strain,105,NONE,0
815,仙踪·鞋·染（外功）,shoes,外功攻击提升47点,attack,47,PHYSICS,0
816,仙踪·鞋·染（内功）,shoes,内功攻击提升57点,attack,57,MAGIC,0
817,仙踪·鞋·染（治疗）,shoes,疗伤成效提升51点,heal,51,NONE,0
818,仙踪·鞋·染（命中）,shoes,破招提升105点,surplus,105,NONE,0
819,仙踪·鞋·染（急速）,shoes,加速提升105点,haste,105,NONE,0
820,仙踪·衣·染（体质）,jacket,体质提升39点,vitality,39,NONE,0
821,仙踪·衣·染（气血）,jacket,最大气血值提升524点,health,524,NONE,0
822,仙踪·衣·染（格挡）,jacket,拆招提升651点,parryValue,651,NONE,0
823,仙踪·衣·染（闪避）,jacket,闪避提升53点,dodge,53,NONE,0
824,仙踪·衣·染（外防）,jacket,外功防御提升53点,physicsShield,53,NONE,0
825,仙踪·衣·染（内防）,jacket,内功防御提升53点,magicShield,53,NONE,0
826,仙踪·衣·染（招架）,jacket,招架提升53点,parryBase,53,NONE,0
827,仙踪·衣·染（化劲）,jacket,化劲提升53点,huajing,53,NONE,0
828,仙踪·衣·染（御劲）,jacket,御劲提升53点,toughness,53,NONE,0
829,烨阳晶石·项链（体质）,necklace,体质提升78点,vitality,78,NONE,0
830,烨阳晶石·项链（御劲）,necklace,御劲提升105点,toughness,105,NONE,0
831,烨阳晶石·腰坠（体质）,pendant,体质提升78点,vitality,78,NONE,0
832,烨阳晶石·腰坠（化劲）,pendant,化劲提升105点,huajing,105,NONE,0
833,烨阳晶石·戒指（根骨）,ring,根骨提升47点,spirit,47,NONE,0
834,烨阳晶石·戒指（力道）,ring,力道提升47点,strength,47,NONE,0
835,烨阳晶石·戒指（元气）,ring,元气提升47点,spunk,47,NONE,0
836,烨阳晶石·戒指（身法）,ring,身法提升47点,agility,47,NONE,0
837,烨阳晶石·戒指（外伤）,ring,外功攻击提升94点,attack,94,PHYSICS,0
838,烨阳晶石·戒指（内伤）,ring,内功攻击提升113点,attack,113,MAGIC,0
839,烨阳晶石·戒指（外命）,ring,破招等级提升209点,surplus,209,NONE,0
840,烨阳晶石·戒指（内命）,ring,破招等级提升209点,surplus,209,NONE,0
841,烨阳晶石·暗器（根骨）,secondaryWeapon,根骨提升47点,spirit,47,NONE,0
842,烨阳晶石·暗器（力道）,secondaryWeapon,力道提升47点,strength,47,NONE,0
843,烨阳晶石·暗器（元气）,secondaryWeapon,元气提升47点,spunk,47,NONE,0
844,烨阳晶石·暗器（身法）,secondaryWeapon,身法提升47点,agility,47,NONE,0
845,烨阳晶石·暗器（外破）,secondaryWeapon,外功破防等级提升209点,overcome,209,PHYSICS,0
846,烨阳晶石·暗器（内破）,secondaryWeapon,内功破防等级提升209点,overcome,209,MAGIC,0
847,烨阳晶石·暗器（加速）,secondaryWeapon,加速提升209点,haste,209,NONE,0
848,霁月·裤·会心,bottoms,全会心提升94点,crit,94,ALL,0
849,霁月·腕·会心,wrist,全会心提升94点,crit,94,ALL,0
850,霁月·头·急速,hat,加速提升94点,haste,94,NONE,0
851,霁月·裤·外破,bottoms,外功破防等级提升94点,overcome,94,PHYSICS,0
852,霁月·裤·内破,bottoms,内功破防等级提升94点,overcome,94,MAGIC,0
853,霁月·裤·无双,bottoms,无双等级提升94点,strain,94,NONE,0
854,霁月·头·外攻,hat,外功攻击提升42点,attack,42,PHYSICS,0
855,霁月·头·内功,hat,内功攻击提升50点,attack,50,MAGIC,0
856,霁月·头·治疗,hat,疗伤成效提升45点,heal,45,NONE,0
857,霁月·腕·外破,wrist,外功破防等级提升94点,overcome,94,PHYSICS,0
858,霁月·腕·内破,wrist,内功破防等级提升94点,overcome,94,MAGIC,0
859,霁月·腕·无双,wrist,无双等级提升94点,strain,94,NONE,0
860,霁月·衣·化劲,jacket,化劲提升47点,huajing,47,NONE,0
861,霁月·衣·御劲,jacket,御劲提升47点,toughness,47,NONE,0
862,霁月·衣·外防,jacket,外功防御提升47点,physicsShield,47,NONE,0
863,霁月·衣·内防,jacket,内功防御提升47点,magicShield,47,NONE,0
864,霁月·腰·化劲,belt,化劲提升47点,huajing,47,NONE,0
865,霁月·腰·御劲,belt,御劲提升47点,toughness,47,NONE,0
866,霁月·腰·外防,belt,外功防御提升47点,physicsShield,47,NONE,0
867,霁月·腰·内防,belt,内功防御提升47点,magicShield,47,NONE,0
868,霁月·鞋·急速,shoes,加速提升94点,haste,94,NONE,0
869,霁月·鞋·命中,shoes,破招提升94点,surplus,94,NONE,0
870,霁月·鞋·外功,shoes,外功攻击提升42点,attack,42,PHYSICS,0
871,霁月·鞋·内功,shoes,内功攻击提升50点,attack,50,MAGIC,0
872,霁月·衣·无双,jacket,无双等级提升71点,strain,71,NONE,0
873,霁月·衣·减仇,jacket,招式仇恨降低4%,threat,-42,NONE,0
874,霁月·腰·无双,belt,无双等级提升71点,strain,71,NONE,0
875,霁月·腰·减仇,belt,招式仇恨降低4%,threat,-42,NONE,0
897,奉天·兵·铸（外攻）,primaryWeapon,外功攻击提升146点,attack,146,PHYSICS,0
898,奉天·兵·铸（内攻）,primaryWeapon,内功攻击提升175点,attack,175,MAGIC,0
899,奉天·兵·铸（疗伤）,primaryWeapon,疗伤成效提升158点,heal,158,NONE,0
900,奉天·兵·铸（武伤）,primaryWeapon,武器伤害提升142点,damageBase,220,NONE,0
901,奉天·兵·铸（仇恨）,primaryWeapon,仇恨百分比提升36%,threat,368,NONE,0
902,奉天·裤·铸（身法）,bottoms,身法提升73点,agility,73,NONE,0
903,奉天·裤·铸（元气）,bottoms,元气提升73点,spunk,73,NONE,0
904,奉天·裤·铸（力道）,bottoms,力道提升73点,strength,73,NONE,0
905,奉天·裤·铸（根骨）,bottoms,根骨提升73点,spirit,73,NONE,0
906,奉天·裤·铸（仇恨）,bottoms,仇恨百分比提升36%,threat,368,NONE,0
907,奉天·裤·铸（外破）,bottoms,外功破防等级提升325点,overcome,325,PHYSICS,0
908,奉天·裤·铸（内破）,bottoms,内功破防等级提升325点,overcome,325,MAGIC,0
909,奉天·裤·铸（会心）,bottoms,全会心提升325点,crit,325,ALL,0
910,奉天·裤·铸（无双）,bottoms,无双等级提升325点,strain,325,NONE,0
911,奉天·头·铸（外攻）,hat,外功攻击提升146点,attack,146,PHYSICS,0
912,奉天·头·铸（内攻）,hat,内功攻击提升175点,attack,175,MAGIC,0
913,奉天·头·铸（治疗）,hat,疗伤成效提升158点,heal,158,NONE,0
914,奉天·头·铸（破招）,hat,破招提升325点,surplus,325,NONE,0
915,奉天·头·铸（急速）,hat,加速提升325点,haste,325,NONE,0
916,奉天·腰·铸（体质）,belt,体质提升120点,vitality,120,NONE,0
917,奉天·腰·铸（气血）,belt,最大气血值提升1625点,health,1625,NONE,0
918,奉天·腰·铸（格挡）,belt,拆招提升2019点,parryValue,2019,NONE,0
919,奉天·腰·铸（闪避）,belt,闪避提升163点,dodge,163,NONE,0
920,奉天·腰·铸（外防）,belt,外功防御提升163点,physicsShield,163,NONE,0
921,奉天·腰·铸（内防）,belt,内功防御提升163点,magicShield,163,NONE,0
922,奉天·腰·铸（招架）,belt,招架提升163点,parryBase,163,NONE,0
923,奉天·腰·铸（御劲）,belt,御劲提升163点,toughness,163,NONE,0
924,奉天·腰·铸（化劲）,belt,化劲提升163点,huajing,163,NONE,0
925,奉天·裤·甲（身法）,bottoms,身法提升65点,agility,65,NONE,0
926,奉天·裤·甲（元气）,bottoms,元气提升65点,spunk,65,NONE,0
927,奉天·裤·甲（力道）,bottoms,力道提升65点,strength,65,NONE,0
928,奉天·裤·甲（根骨）,bottoms,根骨提升65点,spirit,65,NONE,0
929,奉天·裤·甲（仇恨）,bottoms,仇恨百分比提升18%,threat,184,NONE,0
930,奉天·裤·甲（外破）,bottoms,外功破防等级提升289点,overcome,289,PHYSICS,0
931,奉天·裤·甲（内破）,bottoms,内功破防等级提升289点,overcome,289,MAGIC,0
932,奉天·裤·甲（会心）,bottoms,全会心提升289点,crit,289,ALL,0
933,奉天·裤·甲（无双）,bottoms,无双等级提升289点,strain,289,NONE,0
934,奉天·头·甲（外攻）,hat,外功攻击提升130点,attack,130,PHYSICS,0
935,奉天·头·甲（内攻）,hat,内功攻击提升155点,attack,155,MAGIC,0
936,奉天·头·甲（治疗）,hat,疗伤成效提升140点,heal,140,NONE,0
937,奉天·头·甲（破招）,hat,破招提升289点,surplus,289,NONE,0
938,奉天·头·甲（急速）,hat,加速提升289点,haste,289,NONE,0
939,奉天·腰·甲（体质）,belt,体质提升107点,vitality,107,NONE,0
940,奉天·腰·甲（气血）,belt,最大气血值提升1444点,health,1444,NONE,0
941,奉天·腰·甲（格挡）,belt,拆招提升1794点,parryValue,1794,NONE,0
942,奉天·腰·甲（闪避）,belt,闪避提升144点,dodge,144,NONE,0
943,奉天·腰·甲（外防）,belt,外功防御提升144点,physicsShield,144,NONE,0
944,奉天·腰·甲（内防）,belt,内功防御提升144点,magicShield,144,NONE,0
945,奉天·腰·甲（招架）,belt,招架提升144点,parryBase,144,NONE,0
946,奉天·腰·甲（化劲）,belt,化劲提升144点,huajing,144,NONE,0
947,奉天·腰·甲（御劲）,belt,御劲提升144点,toughness,144,NONE,0
948,奉天·兵·甲（外攻）,primaryWeapon,外功攻击提升130点,attack,130,PHYSICS,0
949,奉天·兵·甲（内攻）,primaryWeapon,内功攻击提升155点,attack,155,MAGIC,0
950,奉天·兵·甲（疗伤）,primaryWeapon,疗伤成效提升140点,heal,140,NONE,0
951,奉天·兵·甲（武伤）,primaryWeapon,武器伤害提升195点,damageBase,195,NONE,0
952,奉天·兵·甲（仇恨）,primaryWeapon,仇恨百分比提升18%,threat,184,NONE,0
957,奉天·腕·绣（身法）,wrist,身法提升73点,agility,73,NONE,0
958,奉天·腕·绣（元气）,wrist,元气提升73点,spunk,73,NONE,0
959,奉天·腕·绣（力道）,wrist,力道提升73点,strength,73,NONE,0
960,奉天·腕·绣（根骨）,wrist,根骨提升73点,spirit,73,NONE,0
961,奉天·腕·绣（仇恨）,wrist,仇恨百分比提升36%,threat,368,NONE,0
962,奉天·腕·绣（外破）,wrist,外功破防等级提升325点,overcome,325,PHYSICS,0
963,奉天·腕·绣（内破）,wrist,内功破防等级提升325点,overcome,325,MAGIC,0
964,奉天·腕·绣（会心）,wrist,全会心提升325点,crit,325,ALL,0
965,奉天·腕·绣（无双）,wrist,无双等级提升325点,strain,325,NONE,0
966,奉天·鞋·绣（外攻）,shoes,外功攻击提升146点,attack,146,PHYSICS,0
967,奉天·鞋·绣（内攻）,shoes,内功攻击提升175点,attack,175,MAGIC,0
968,奉天·鞋·绣（治疗）,shoes,疗伤成效提升158点,heal,158,NONE,0
969,奉天·鞋·绣（破招）,shoes,破招提升325点,surplus,325,NONE,0
970,奉天·鞋·绣（急速）,shoes,加速提升325点,haste,325,NONE,0
971,奉天·衣·绣（体质）,jacket,体质提升120点,vitality,120,NONE,0
972,奉天·衣·绣（气血）,jacket,最大气血值提升1625点,health,1625,NONE,0
973,奉天·衣·绣（格挡）,jacket,拆招提升2019点,parryValue,2019,NONE,0
974,奉天·衣·绣（闪避）,jacket,闪避提升163点,dodge,163,NONE,0
975,奉天·衣·绣（外防）,jacket,外功防御提升163点,physicsShield,163,NONE,0
976,奉天·衣·绣（内防）,jacket,内功防御提升163点,magicShield,163,NONE,0
977,奉天·衣·绣（招架）,jacket,招架提升163点,parryBase,163,NONE,0
978,奉天·衣·绣（化劲）,jacket,化劲提升163点,huajing,163,NONE,0
979,奉天·衣·绣（御劲）,jacket,御劲提升163点,toughness,163,NONE,0
980,奉天·腕·染（身法）,wrist,身法提升65点,agility,65,NONE,0
981,奉天·腕·染（元气）,wrist,元气提升65点,spunk,65,NONE,0
982,奉天·腕·染（力道）,wrist,力道提升65点,strength,65,NONE,0
983,奉天·腕·染（根骨）,wrist,根骨提升65点,spirit,65,NONE,0
984,奉天·腕·染（仇恨）,wrist,仇恨百分比提升18%,threat,184,NONE,0
985,奉天·腕·染（外破）,wrist,外功破防等级提升289点,overcome,289,PHYSICS,0
986,奉天·腕·染（内破）,wrist,内功破防等级提升289点,overcome,289,MAGIC,0
987,奉天·腕·染（会心）,wrist,全会心提升289点,crit,289,ALL,0
988,奉天·腕·染（无双）,wrist,无双等级提升289点,strain,289,NONE,0
989,奉天·鞋·染（外攻）,shoes,外功攻击提升130点,attack,130,PHYSICS,0
990,奉天·鞋·染（内攻）,shoes,内功攻击提升155点,attack,155,MAGIC,0
991,奉天·鞋·染（治疗）,shoes,疗伤成效提升140点,heal,140,NONE,0
992,奉天·鞋·染（破招）,shoes,破招提升289点,surplus,289,NONE,0
993,奉天·鞋·染（急速）,shoes,加速提升289点,haste,289,NONE,0
994,奉天·衣·染（体质）,jacket,体质提升107点,vitality,107,NONE,0
995,奉天·衣·染（气血）,jacket,最大气血值提升1444点,health,1444,NONE,0
996,奉天·衣·染（格挡）,jacket,拆招提升1794点,parryValue,1794,NONE,0
997,奉天·衣·染（闪避）,jacket,闪避提升144点,dodge,144,NONE,0
998,奉天·衣·染（外防）,jacket,外功防御提升144点,physicsShield,144,NONE,0
999,奉天·衣·染（内防）,jacket,内功防御提升144点,magicShield,144,NONE,0
1000,奉天·衣·染（招架）,jacket,招架提升144点,parryBase,144,NONE,0
1001,奉天·衣·染（化劲）,jacket,化劲提升144点,huajing,144,NONE,0
1002,奉天·衣·染（御劲）,jacket,御劲提升144点,toughness,144,NONE,0
1003,奉天·鞋·染（跑速）,shoes,跑步速度提升5%（鞋子）,moveSpeed,56,NONE,0
1004,阴山鬼晶·项链（体质）,necklace,体质提升120点,vitality,120,NONE,0
1005,阴山鬼晶·项链（御劲）,necklace,御劲提升163点,toughness,163,NONE,0
1006,阴山鬼晶·腰坠（体质）,pendant,体质提升120点,vitality,120,NONE,0
1007,阴山鬼晶·腰坠（化劲）,pendant,化劲提升163点,huajing,163,NONE,0
1008,阴山鬼晶·戒指（根骨）,ring,根骨提升73点,spirit,73,NONE,0
1009,阴山鬼晶·戒指（力道）,ring,力道提升73点,strength,73,NONE,0
1010,阴山鬼晶·戒指（元气）,ring,元气提升73点,spunk,73,NONE,0
1011,阴山鬼晶·戒指（身法）,ring,身法提升73点,agility,73,NONE,0
1012,阴山鬼晶·戒指（外伤）,ring,外功攻击提升146点,attack,146,PHYSICS,0
1013,阴山鬼晶·戒指（内伤）,ring,内功攻击提升175点,attack,175,MAGIC,0
1014,阴山鬼晶·戒指（破招）,ring,破招等级提升325点,surplus,325,NONE,0
1015,阴山鬼晶·暗器（根骨）,secondaryWeapon,根骨提升73点,spirit,73,NONE,0
1016,阴山鬼晶·暗器（力道）,secondaryWeapon,力道提升73点,strength,73,NONE,0
1017,阴山鬼晶·暗器（元气）,secondaryWeapon,元气提升73点,spunk,73,NONE,0
1018,阴山鬼晶·暗器（身法）,secondaryWeapon,身法提升73点,agility,73,NONE,0
1019,阴山鬼晶·暗器（外破）,secondaryWeapon,外功破防等级提升325点,overcome,325,PHYSICS,0
1020,阴山鬼晶·暗器（内破）,secondaryWeapon,内功破防等级提升325点,overcome,325,MAGIC,0
1021,阴山鬼晶·暗器（加速）,secondaryWeapon,加速提升325点,haste,325,NONE,0
1022,云扇·裤·会心,bottoms,全会心提升260点,crit,260,ALL,0
1023,云扇·腕·会心,wrist,全会心提升260点,crit,260,ALL,0
1024,云扇·头·急速,hat,加速提升260点,haste,260,NONE,0
1025,云扇·裤·外破,bottoms,外功破防等级提升260点,overcome,260,PHYSICS,0
1026,云扇·裤·内破,bottoms,内功破防等级提升260点,overcome,260,MAGIC,0
1027,云扇·裤·无双,bottoms,无双等级提升260点,strain,260,NONE,0
1028,云扇·头·外攻,hat,外功攻击提升117点,attack,117,PHYSICS,0
1029,云扇·头·内攻,hat,内功攻击提升139点,attack,139,MAGIC,0
1030,云扇·头·治疗,hat,疗伤成效提升126点,heal,126,NONE,0
1031,云扇·腕·外破,wrist,外功破防等级提升260点,overcome,260,PHYSICS,0
1032,云扇·腕·内破,wrist,内功破防等级提升260点,overcome,260,MAGIC,0
1033,云扇·腕·无双,wrist,无双等级提升260点,strain,260,NONE,0
1034,云扇·衣·化劲,jacket,化劲提升129点,huajing,129,NONE,0
1035,云扇·衣·御劲,jacket,御劲提升129点,toughness,129,NONE,0
1036,云扇·衣·外防,jacket,外功防御提升129点,physicsShield,129,NONE,0
1037,云扇·衣·内防,jacket,内功防御提升129点,magicShield,129,NONE,0
1038,云扇·腰·化劲,belt,化劲提升129点,huajing,129,NONE,0
1039,云扇·腰·御劲,belt,御劲提升129点,toughness,129,NONE,0
1040,云扇·腰·外防,belt,外功防御提升129点,physicsShield,129,NONE,0
1041,云扇·腰·内防,belt,内功防御提升129点,magicShield,129,NONE,0
1042,云扇·鞋·急速,shoes,加速提升260点,haste,260,NONE,0
1043,云扇·鞋·破招,shoes,破招提升260点,surplus,260,NONE,0
1044,云扇·鞋·外功,shoes,外功攻击提升117点,attack,117,PHYSICS,0
1045,云扇·鞋·内功,shoes,内功攻击提升139点,attack,139,MAGIC,0
1046,云扇·衣·无双,jacket,无双等级提升260点,strain,260,NONE,0
1047,云扇·衣·减仇,jacket,招式仇恨降低4%,threat,-42,NONE,0
1048,云扇·腰·无双,belt,无双等级提升260点,strain,260,NONE,0
1049,云扇·腰·减仇,belt,招式仇恨降低4%,threat,-42,NONE,0
