P_ID,name,desc,type,xinfatype,body,spirit,strength,agility,spunk,physicsShield,magicShield,dodge,parryBase,parryValue,toughness,attack,heal,crit,critEffect,overcome,acce,hit,strain,huajing,threat,neihui,neili,xuehui,qixue
4,线刻·金鸣,可强化戒指，使自身外功攻击增加5点,2,0,0,0,0,0,0,0,0,0,0,0,0,5,0,0,0,0,0,0,0,0,0,0,0,0,
9,雕纹·玉渊,可强化戒指，使自身招式产生威胁降低5%,2,0,0,0,0,0,0,0,0,0,0,0,0,0,0,0,0,0,0,0,0,0,0-51,0,0,0,0
10,雕纹·铃琅,可强化戒指，使自身每秒回复内力值提高6点,2,0,0,0,0,0,0,0,0,0,0,0,0,0,0,0,0,0,0,0,0,0,0,6,0,0,
11,雕纹·梦泽,可强化戒指，使自身每秒回复气血值提高8点,2,0,0,0,0,0,0,0,0,0,0,0,0,0,0,0,0,0,0,0,0,0,0,0,0,10,
12,雕纹·展凤,可强化戒指，使自身招式产生威胁提高8%,2,0,0,0,0,0,0,0,0,0,0,0,0,0,0,0,0,0,0,0,0,0,082,0,0,0,0
14,线刻·韬光,可强化戒指，使自身招式产生威胁提高8%,2,0,0,0,0,0,0,0,0,0,0,0,0,0,0,0,0,0,0,0,0,0,082,0,0,0,0
15,线刻·养晦,可强化戒指，使自身招式产生威胁降低5%,2,0,0,0,0,0,0,0,0,0,0,0,0,0,0,0,0,0,0,0,0,0,0-51,0,0,0,0
16,雕纹·骇浪,可强化戒指，使自身外功攻击增加5点,2,0,0,0,0,0,0,0,0,0,0,0,0,5,0,0,0,0,0,0,0,0,0,0,0,0,
17,雕纹·惊涛,可强化戒指，使自身内功攻击增加6点,2,0,0,0,0,0,0,0,0,0,0,0,0,6,0,0,0,0,0,0,0,0,0,0,0,0,
19,新春·别岁,可强化戒指，使自身每秒回复气血值提高8点,2,0,0,0,0,0,0,0,0,0,0,0,0,0,0,0,0,0,0,0,0,0,0,0,0,8,
20,新春·分岁,可强化戒指，使自身每秒回复内力值提高6点,2,0,0,0,0,0,0,0,0,0,0,0,0,0,0,0,0,0,0,0,0,0,0,6,0,0,
21,新春·馈岁,可强化戒指，使自身招式产生威胁提高8%,2,0,0,0,0,0,0,0,0,0,0,0,0,0,0,0,0,0,0,0,0,0,082,0,0,0,0
22,新春·守岁,可强化戒指，使自身招式产生威胁降低5%,2,0,0,0,0,0,0,0,0,0,0,0,0,0,0,0,0,0,0,0,0,0,0-51,0,0,0,0
23,新春·压岁,可强化戒指，使自身内功攻击增加6点,2,0,0,0,0,0,0,0,0,0,0,0,0,6,0,0,0,0,0,0,0,0,0,0,0,0,
29,固·安戎·锻（根骨）,根骨提升15,9,0,0,15,0,0,0,0,0,0,0,0,0,0,0,0,0,0,0,0,0,0,0,0,0,0,
30,固·安戎·锻（身法）,身法提升15,9,0,0,0,0,15,0,0,0,0,0,0,0,0,0,0,0,0,0,0,0,0,0,0,0,0,
31,固·安戎·锻（外破）,外功破防提升27,9,0,0,0,0,0,0,0,0,0,0,0,0,0,0,0,0,27,0,0,0,0,0,0,0,0,
32,固·安戎·锻（内破）,内功破防提升27,9,0,0,0,0,0,0,0,0,0,0,0,0,0,0,0,0,27,0,0,0,0,0,0,0,0,
33,固·安戎·锻（仇恨）,仇恨百分比提升5%,9,0,0,0,0,0,0,0,0,0,0,0,0,0,0,0,0,0,0,0,0,0,051,0,0,0,0
34,固·安戎·锻（外会）,外功会心提升27,9,0,0,0,0,0,0,0,0,0,0,0,0,0,0,27,0,0,0,0,0,0,0,0,0,0,
35,固·安戎·锻（内会）,内功会心提升27,9,0,0,0,0,0,0,0,0,0,0,0,0,0,0,27,0,0,0,0,0,0,0,0,0,0,
36,固·安戎·锻（外命）,外功命中提升27,9,0,0,0,0,0,0,0,0,0,0,0,0,0,0,0,0,0,0,27,0,0,0,0,0,0,
37,固·安戎·锻（内命）,内功命中提升27,9,0,0,0,0,0,0,0,0,0,0,0,0,0,0,0,0,0,0,27,0,0,0,0,0,0,
38,固·安戎·锻（无双）,无双提升27,9,0,0,0,0,0,0,0,0,0,0,0,0,0,0,0,0,0,0,0,027,0,0,0,0,0,0
39,固·安戎·锻（加速）,加速提升27,9,0,0,0,0,0,0,0,0,0,0,0,0,0,0,0,0,0,027,0,0,0,0,0,0,0,0
40,雅·安戎·染（力道）,力道提升10,6,0,0,0,010,0,0,0,0,0,0,0,0,0,0,0,0,0,0,0,0,0,0,0,0,0,0
41,雅·安戎·染（元气）,元气提升10,6,0,0,0,0,0,010,0,0,0,0,0,0,0,0,0,0,0,0,0,0,0,0,0,0,0,0
45,雅·安戎·染（外伤）,外功攻击提升21,6,0,0,0,0,0,0,0,0,0,0,0,0,21,0,0,0,0,0,0,0,0,0,0,0,0,
46,雅·安戎·染（内伤）,内功攻击提升25,6,0,0,0,0,0,0,0,0,0,0,0,0,25,0,0,0,0,0,0,0,0,0,0,0,0,
47,雅·安戎·染（疗伤）,疗伤成效提升22,6,0,0,0,0,0,0,0,0,0,0,0,0,0,022,0,0,0,0,0,0,0,0,0,0,0,0
48,雅·安戎·染（内会效）,内功会心效果提升27,6,0,0,0,0,0,0,0,0,0,0,0,0,0,0,0,027,0,0,0,0,0,0,0,0,0,0
49,雅·安戎·染（外会效）,外功会心效果提升27,6,0,0,0,0,0,0,0,0,0,0,0,0,0,0,0,027,0,0,0,0,0,0,0,0,0,0
61,雅·安戎·绣（体质）,体质提升14,8,0,014,0,0,0,0,0,0,0,0,0,0,0,0,0,0,0,0,0,0,0,0,0,0,0,0
62,雅·安戎·绣（御劲）,御劲提升14,8,0,0,0,0,0,0,0,0,0,0,0,014,0,0,0,0,0,0,0,0,0,0,0,0,0,0
63,雅·安戎·绣（化劲）,化劲提升14,8,0,0,0,0,0,0,0,0,0,0,0,0,0,0,0,0,0,0,0,0,14,0,0,0,0,
64,雅·安戎·绣（内力）,内力提升137点,8,0,0,0,0,0,0,0,0,0,0,0,0,0,0,0,0,0,0,0,0,0,0,0,0137,0,0
65,雅·安戎·绣（内回）,内力回复提升17,8,0,0,0,0,0,0,0,0,0,0,0,0,0,0,0,0,0,0,0,0,0,0,17,0,0,
66,雅·安戎·绣（气血）,气血提升137点,8,0,0,0,0,0,0,0,0,0,0,0,0,0,0,0,0,0,0,0,0,0,0,0,0,0,0137
67,雅·安戎·绣（气回）,生命回复提升10,8,0,0,0,0,0,0,0,0,0,0,0,0,0,0,0,0,0,0,0,0,0,0,0,0,10,
68,雅·安戎·绣（外防）,外功防御提升14,8,0,0,0,0,0,0,14,0,0,0,0,0,0,0,0,0,0,0,0,0,0,0,0,0,0,
69,雅·安戎·绣（内防）,内功防御提升14,8,0,0,0,0,0,0,0,014,0,0,0,0,0,0,0,0,0,0,0,0,0,0,0,0,0,0
70,雅·安戎·绣（招架）,招架提升14,8,0,0,0,0,0,0,0,0,0,014,0,0,0,0,0,0,0,0,0,0,0,0,0,0,0,0
71,雅·安戎·绣（闪避）,闪避提升14,8,0,0,0,0,0,0,0,0,14,0,0,0,0,0,0,0,0,0,0,0,0,0,0,0,0,
72,雅·安戎·纹（体质）,体质提升14,10,0,014,0,0,0,0,0,0,0,0,0,0,0,0,0,0,0,0,0,0,0,0,0,0,0,0
79,雅·安戎·纹（御劲）,御劲提升14,10,0,0,0,0,0,0,0,0,0,0,0,014,0,0,0,0,0,0,0,0,0,0,0,0,0,0
80,雅·安戎·纹（化劲）,化劲提升14,10,0,0,0,0,0,0,0,0,0,0,0,0,0,0,0,0,0,0,0,0,14,0,0,0,0,
82,雅·安戎·纹（内力）,内力提升137点,10,0,0,0,0,0,0,0,0,0,0,0,0,0,0,0,0,0,0,0,0,0,0,0,0137,0,0
83,雅·安戎·纹（内回）,内力回复提升17,10,0,0,0,0,0,0,0,0,0,0,0,0,0,0,0,0,0,0,0,0,0,0,17,0,0,
84,雅·安戎·纹（气血）,气血提升137点,10,0,0,0,0,0,0,0,0,0,0,0,0,0,0,0,0,0,0,0,0,0,0,0,0,0,0137
85,雅·安戎·纹（气回）,生命回复提升10,10,0,0,0,0,0,0,0,0,0,0,0,0,0,0,0,0,0,0,0,0,0,0,0,0,10,
86,雅·安戎·纹（外防）,外功防御提升14,10,0,0,0,0,0,0,14,0,0,0,0,0,0,0,0,0,0,0,0,0,0,0,0,0,0,
87,雅·安戎·纹（内防）,内功防御提升14,10,0,0,0,0,0,0,0,014,0,0,0,0,0,0,0,0,0,0,0,0,0,0,0,0,0,0
88,雅·安戎·纹（招架）,招架提升14,10,0,0,0,0,0,0,0,0,0,014,0,0,0,0,0,0,0,0,0,0,0,0,0,0,0,0
89,雅·安戎·纹（闪避）,闪避提升14,10,0,0,0,0,0,0,0,0,14,0,0,0,0,0,0,0,0,0,0,0,0,0,0,0,0,
90,雅·安戎·印（力道）,力道提升10,7,0,0,0,010,0,0,0,0,0,0,0,0,0,0,0,0,0,0,0,0,0,0,0,0,0,0
91,雅·安戎·印（元气）,元气提升10,7,0,0,0,0,0,010,0,0,0,0,0,0,0,0,0,0,0,0,0,0,0,0,0,0,0,0
92,雅·安戎·印（外伤）,外功攻击提升21,7,0,0,0,0,0,0,0,0,0,0,0,0,21,0,0,0,0,0,0,0,0,0,0,0,0,
95,雅·安戎·印（外会效）,外功会心效果提升27,7,0,0,0,0,0,0,0,0,0,0,0,0,0,0,0,027,0,0,0,0,0,0,0,0,0,0
96,雅·安戎·印（内伤）,内功攻击提升25,7,0,0,0,0,0,0,0,0,0,0,0,0,25,0,0,0,0,0,0,0,0,0,0,0,0,
100,雅·安戎·印（内会效）,内功会心效果提升27,7,0,0,0,0,0,0,0,0,0,0,0,0,0,0,0,027,0,0,0,0,0,0,0,0,0,0
102,雅·安戎·印（疗伤）,疗伤成效提升22,7,0,0,0,0,0,0,0,0,0,0,0,0,0,022,0,0,0,0,0,0,0,0,0,0,0,0
103,固·安戎·铸（加速）,加速提升27,5,0,0,0,0,0,0,0,0,0,0,0,0,0,0,0,0,0,027,0,0,0,0,0,0,0,0
104,固·安戎·铸（身法）,身法提升15,5,0,0,0,0,15,0,0,0,0,0,0,0,0,0,0,0,0,0,0,0,0,0,0,0,0,
106,固·安戎·铸（外命）,外功命中提升27,5,0,0,0,0,0,0,0,0,0,0,0,0,0,0,0,0,0,0,27,0,0,0,0,0,0,
107,固·安戎·铸（外破）,外功破防提升27,5,0,0,0,0,0,0,0,0,0,0,0,0,0,0,0,0,27,0,0,0,0,0,0,0,0,
108,固·安戎·铸（外会）,外功会心提升27,5,0,0,0,0,0,0,0,0,0,0,0,0,0,0,27,0,0,0,0,0,0,0,0,0,0,
110,固·安戎·铸（内命）,内功命中提升27,5,0,0,0,0,0,0,0,0,0,0,0,0,0,0,0,0,0,0,27,0,0,0,0,0,0,
111,固·安戎·铸（内破）,内功破防提升27,5,0,0,0,0,0,0,0,0,0,0,0,0,0,0,0,0,27,0,0,0,0,0,0,0,0,
112,固·安戎·铸（内会）,内功会心提升27,5,0,0,0,0,0,0,0,0,0,0,0,0,0,0,27,0,0,0,0,0,0,0,0,0,0,
113,固·安戎·铸（无双）,无双提升27,5,0,0,0,0,0,0,0,0,0,0,0,0,0,0,0,0,0,0,0,027,0,0,0,0,0,0
116,固·安戎·铸（仇恨）,仇恨百分比提升5%,5,0,0,0,0,0,0,0,0,0,0,0,0,0,0,0,0,0,0,0,0,0,051,0,0,0,0
117,固·安戎·磨石（外伤）,外功攻击提升21,11,0,0,0,0,0,0,0,0,0,0,0,0,21,0,0,0,0,0,0,0,0,0,0,0,0,
119,固·安戎·磨石（内伤）,内功攻击提升25,11,0,0,0,0,0,0,0,0,0,0,0,0,25,0,0,0,0,0,0,0,0,0,0,0,0,
122,固·安戎·磨石（疗伤）,疗伤成效提升22,11,0,0,0,0,0,0,0,0,0,0,0,0,0,022,0,0,0,0,0,0,0,0,0,0,0,0
131,苍·安戎·锻（疗伤）,疗伤成效提升19,9,0,0,0,0,0,0,0,0,0,0,0,0,0,019,0,0,0,0,0,0,0,0,0,0,0,0
132,苍·安戎·绣（疗伤）,疗伤成效提升19,8,0,0,0,0,0,0,0,0,0,0,0,0,0,019,0,0,0,0,0,0,0,0,0,0,0,0
133,苍·安戎·染（疗伤）,疗伤成效提升19,6,0,0,0,0,0,0,0,0,0,0,0,0,0,019,0,0,0,0,0,0,0,0,0,0,0,0
134,苍·安戎·铸（疗伤）,疗伤成效提升19,5,0,0,0,0,0,0,0,0,0,0,0,0,0,019,0,0,0,0,0,0,0,0,0,0,0,0
135,苍·安戎·印（疗伤）,疗伤成效提升19,7,0,0,0,0,0,0,0,0,0,0,0,0,0,019,0,0,0,0,0,0,0,0,0,0,0,0
136,苍·安戎·磨石（仇恨）,仇恨百分比提升5%,11,0,0,0,0,0,0,0,0,0,0,0,0,0,0,0,0,0,0,0,0,0,052,0,0,0,0
137,苍·安戎·纹（内破）,内功破防提升24,10,0,0,0,0,0,0,0,0,0,0,0,0,0,0,0,0,24,0,0,0,0,0,0,0,0,
138,苍·安戎·纹（外破）,内功破防提升24,10,0,0,0,0,0,0,0,0,0,0,0,0,0,0,0,0,24,0,0,0,0,0,0,0,0,
139,苍·安戎·磨石（疗伤）,疗伤成效提升19,11,0,0,0,0,0,0,0,0,0,0,0,0,0,019,0,0,0,0,0,0,0,0,0,0,0,0
140,苍·安戎·纹（疗伤）,疗伤成效提升19,10,0,0,0,0,0,0,0,0,0,0,0,0,0,019,0,0,0,0,0,0,0,0,0,0,0,0
142,苍·安戎·磨石（内伤）,内功攻击提升22,11,0,0,0,0,0,0,0,0,0,0,0,0,22,0,0,0,0,0,0,0,0,0,0,0,0,
143,苍·安戎·绣（外伤）,外功攻击提升18,8,0,0,0,0,0,0,0,0,0,0,0,0,18,0,0,0,0,0,0,0,0,0,0,0,0,
144,苍·安戎·磨石（外伤）,外功攻击提升18,11,0,0,0,0,0,0,0,0,0,0,0,0,18,0,0,0,0,0,0,0,0,0,0,0,0,
145,苍·安戎·铸（内伤）,内功攻击提升22,5,0,0,0,0,0,0,0,0,0,0,0,0,22,0,0,0,0,0,0,0,0,0,0,0,0,
146,苍·安戎·染（内伤）,内功攻击提升22,6,0,0,0,0,0,0,0,0,0,0,0,0,22,0,0,0,0,0,0,0,0,0,0,0,0,
147,苍·安戎·纹（内伤）,内功攻击提升22,10,0,0,0,0,0,0,0,0,0,0,0,0,22,0,0,0,0,0,0,0,0,0,0,0,0,
148,苍·安戎·锻（外伤）,外功攻击提升18,9,0,0,0,0,0,0,0,0,0,0,0,0,18,0,0,0,0,0,0,0,0,0,0,0,0,
149,苍·安戎·染（外伤）,外功攻击提升18,6,0,0,0,0,0,0,0,0,0,0,0,0,18,0,0,0,0,0,0,0,0,0,0,0,0,
150,苍·安戎·纹（外伤）,外功攻击提升18,10,0,0,0,0,0,0,0,0,0,0,0,0,18,0,0,0,0,0,0,0,0,0,0,0,0,
151,苍·安戎·锻（内伤）,内功攻击提升22,9,0,0,0,0,0,0,0,0,0,0,0,0,22,0,0,0,0,0,0,0,0,0,0,0,0,
157,固·安戎·铸（根骨）,根骨提升15,5,0,0,15,0,0,0,0,0,0,0,0,0,0,0,0,0,0,0,0,0,0,0,0,0,0,
158,新春·桃符,可强化戒指，使自身外功攻击增加5点,2,0,0,0,0,0,0,0,0,0,0,0,0,5,0,0,0,0,0,0,0,0,0,0,0,0,
159,剑胆·绣（体质）,体质提升25点,8,0,025,0,0,0,0,0,0,0,0,0,0,0,0,0,0,0,0,0,0,0,0,0,0,0,0
160,剑胆·绣（气血）,气血上限提升247点,8,0,0,0,0,0,0,0,0,0,0,0,0,0,0,0,0,0,0,0,0,0,0,0,0,0,0247
161,剑胆·绣（内力）,内力上限提升247点,8,0,0,0,0,0,0,0,0,0,0,0,0,0,0,0,0,0,0,0,0,0,0,0,0247,0,0
162,剑胆·绣（气回）,回复气血永久提升12点每秒,8,0,0,0,0,0,0,0,0,0,0,0,0,0,0,0,0,0,0,0,0,0,0,0,0,12,
163,剑胆·绣（内回）,内力回复速度提升22点,8,0,0,0,0,0,0,0,0,0,0,0,0,0,0,0,0,0,0,0,0,0,0,22,0,0,
164,剑胆·绣（拆值）,拆招值提升307点,8,0,0,0,0,0,0,0,0,0,0,307,0,0,0,0,0,0,0,0,0,0,0,0,0,0,
165,剑胆·绣（闪避）,闪避值提升25点,8,0,0,0,0,0,0,0,0,25,0,0,0,0,0,0,0,0,0,0,0,0,0,0,0,0,
166,剑胆·绣（外防）,外功防御等级提升25点,8,0,0,0,0,0,0,25,0,0,0,0,0,0,0,0,0,0,0,0,0,0,0,0,0,0,
167,剑胆·绣（内防）,内功防御等级提升25点,8,0,0,0,0,0,0,0,025,0,0,0,0,0,0,0,0,0,0,0,0,0,0,0,0,0,0
168,剑胆·绣（招架）,招架值提升25点,8,0,0,0,0,0,0,0,0,0,025,0,0,0,0,0,0,0,0,0,0,0,0,0,0,0,0
169,剑胆·绣（御劲）,御劲提升25点,8,0,0,0,0,0,0,0,0,0,0,0,025,0,0,0,0,0,0,0,0,0,0,0,0,0,0
170,剑胆·绣（化劲）,化劲提升25点,8,0,0,0,0,0,0,0,0,0,0,0,0,0,0,0,0,0,0,0,0,25,0,0,0,0,
171,剑胆·印（力道）,力道提升18点,7,0,0,0,018,0,0,0,0,0,0,0,0,0,0,0,0,0,0,0,0,0,0,0,0,0,0
172,剑胆·印（元气）,元气提升18点,7,0,0,0,0,0,018,0,0,0,0,0,0,0,0,0,0,0,0,0,0,0,0,0,0,0,0
173,剑胆·印（外伤）,外功攻击提升37点,7,0,0,0,0,0,0,0,0,0,0,0,0,37,0,0,0,0,0,0,0,0,0,0,0,0,
174,剑胆·印（内伤）,内功攻击提升44点,7,0,0,0,0,0,0,0,0,0,0,0,0,44,0,0,0,0,0,0,0,0,0,0,0,0,
175,剑胆·印（疗伤）,疗伤成效提升39点,7,0,0,0,0,0,0,0,0,0,0,0,0,0,039,0,0,0,0,0,0,0,0,0,0,0,0
176,剑胆·印（内会效）,内功会心效果等级提升49点,7,0,0,0,0,0,0,0,0,0,0,0,0,0,0,0,049,0,0,0,0,0,0,0,0,0,0
177,剑胆·印（外会效）,外功会心效果等级提升49点,7,0,0,0,0,0,0,0,0,0,0,0,0,0,0,0,049,0,0,0,0,0,0,0,0,0,0
178,剑胆·染（力道）,力道提升18点,6,0,0,0,018,0,0,0,0,0,0,0,0,0,0,0,0,0,0,0,0,0,0,0,0,0,0
179,剑胆·染（元气）,元气提升18点,6,0,0,0,0,0,018,0,0,0,0,0,0,0,0,0,0,0,0,0,0,0,0,0,0,0,0
180,剑胆·染（外伤）,外功攻击提升37点,6,0,0,0,0,0,0,0,0,0,0,0,0,37,0,0,0,0,0,0,0,0,0,0,0,0,
181,剑胆·染（内伤）,内功攻击提升44点,6,0,0,0,0,0,0,0,0,0,0,0,0,44,0,0,0,0,0,0,0,0,0,0,0,0,
182,剑胆·染（疗伤）,疗伤成效提升39点,6,0,0,0,0,0,0,0,0,0,0,0,0,0,039,0,0,0,0,0,0,0,0,0,0,0,0
183,剑胆·染（内会效）,内功会心效果等级提升49点,6,0,0,0,0,0,0,0,0,0,0,0,0,0,0,0,049,0,0,0,0,0,0,0,0,0,0
184,剑胆·染（外会效）,外功会心效果等级提升49点,6,0,0,0,0,0,0,0,0,0,0,0,0,0,0,0,049,0,0,0,0,0,0,0,0,0,0
185,剑胆·纹（体质）,体质提升25点,10,0,025,0,0,0,0,0,0,0,0,0,0,0,0,0,0,0,0,0,0,0,0,0,0,0,0
186,剑胆·纹（气血）,气血上限提升247点,10,0,0,0,0,0,0,0,0,0,0,0,0,0,0,0,0,0,0,0,0,0,0,0,0,0,0247
187,剑胆·纹（内力）,内力上限提升247点,10,0,0,0,0,0,0,0,0,0,0,0,0,0,0,0,0,0,0,0,0,0,0,0,0247,0,0
188,剑胆·纹（气回）,回复气血永久提升12点每秒,10,0,0,0,0,0,0,0,0,0,0,0,0,0,0,0,0,0,0,0,0,0,0,0,0,12,
189,剑胆·纹（内回）,内力回复速度提升22点,10,0,0,0,0,0,0,0,0,0,0,0,0,0,0,0,0,0,0,0,0,0,0,22,0,0,
190,剑胆·纹（拆值）,拆招值提升307点,10,0,0,0,0,0,0,0,0,0,0,307,0,0,0,0,0,0,0,0,0,0,0,0,0,0,
191,剑胆·纹（闪避）,闪避值提升25点,10,0,0,0,0,0,0,0,0,25,0,0,0,0,0,0,0,0,0,0,0,0,0,0,0,0,
192,剑胆·纹（外防）,外功防御等级提升25点,10,0,0,0,0,0,0,25,0,0,0,0,0,0,0,0,0,0,0,0,0,0,0,0,0,0,
193,剑胆·纹（内防）,内功防御等级提升25点,10,0,0,0,0,0,0,0,025,0,0,0,0,0,0,0,0,0,0,0,0,0,0,0,0,0,0
194,剑胆·纹（招架）,招架值提升25点,10,0,0,0,0,0,0,0,0,0,025,0,0,0,0,0,0,0,0,0,0,0,0,0,0,0,0
195,剑胆·纹（御劲）,御劲提升25点,10,0,0,0,0,0,0,0,0,0,0,0,025,0,0,0,0,0,0,0,0,0,0,0,0,0,0
196,剑胆·纹（化劲）,化劲提升25点,10,0,0,0,0,0,0,0,0,0,0,0,0,0,0,0,0,0,0,0,0,25,0,0,0,0,
197,佳·剑胆·绣（体质）,体质提升28点,8,0,028,0,0,0,0,0,0,0,0,0,0,0,0,0,0,0,0,0,0,0,0,0,0,0,0
198,佳·剑胆·绣（气血）,气血上限提升278点,8,0,0,0,0,0,0,0,0,0,0,0,0,0,0,0,0,0,0,0,0,0,0,0,0,0,0278
199,佳·剑胆·绣（内力）,内力上限提升278点,8,0,0,0,0,0,0,0,0,0,0,0,0,0,0,0,0,0,0,0,0,0,0,0,0278,0,0
200,佳·剑胆·绣（气回）,气血回复速度提升18点,8,0,0,0,0,0,0,0,0,0,0,0,0,0,0,0,0,0,0,0,0,0,0,0,0,18,
201,佳·剑胆·绣（内回）,内力回复速度提升26点,8,0,0,0,0,0,0,0,0,0,0,0,0,0,0,0,0,0,0,0,0,0,0,26,0,0,
202,佳·剑胆·绣（拆值）,拆招值提升345点,8,0,0,0,0,0,0,0,0,0,0,345,0,0,0,0,0,0,0,0,0,0,0,0,0,0,
203,佳·剑胆·绣（闪避）,闪避值提升28点,8,0,0,0,0,0,0,0,0,28,0,0,0,0,0,0,0,0,0,0,0,0,0,0,0,0,
204,佳·剑胆·绣（外防）,外功防御等级提升28点,8,0,0,0,0,0,0,28,0,0,0,0,0,0,0,0,0,0,0,0,0,0,0,0,0,0,
205,佳·剑胆·绣（内防）,内功防御等级提升28点,8,0,0,0,0,0,0,0,028,0,0,0,0,0,0,0,0,0,0,0,0,0,0,0,0,0,0
206,佳·剑胆·绣（招架）,招架值提升28点,8,0,0,0,0,0,0,0,0,0,028,0,0,0,0,0,0,0,0,0,0,0,0,0,0,0,0
207,佳·剑胆·绣（御劲）,御劲提升28点,8,0,0,0,0,0,0,0,0,0,0,0,028,0,0,0,0,0,0,0,0,0,0,0,0,0,0
208,佳·剑胆·绣（化劲）,化劲提升28点,8,0,0,0,0,0,0,0,0,0,0,0,0,0,0,0,0,0,0,0,0,28,0,0,0,0,
209,佳·剑胆·印（力道）,力道提升21点,7,0,0,0,021,0,0,0,0,0,0,0,0,0,0,0,0,0,0,0,0,0,0,0,0,0,0
210,佳·剑胆·印（元气）,元气提升21点,7,0,0,0,0,0,021,0,0,0,0,0,0,0,0,0,0,0,0,0,0,0,0,0,0,0,0
211,佳·剑胆·印（外伤）,外功攻击提升42点,7,0,0,0,0,0,0,0,0,0,0,0,0,42,0,0,0,0,0,0,0,0,0,0,0,0,
212,佳·剑胆·印（内伤）,内功攻击提升50点,7,0,0,0,0,0,0,0,0,0,0,0,0,50,0,0,0,0,0,0,0,0,0,0,0,0,
213,佳·剑胆·印（疗伤）,疗伤成效提升43点,7,0,0,0,0,0,0,0,0,0,0,0,0,0,043,0,0,0,0,0,0,0,0,0,0,0,0
214,佳·剑胆·印（内会效）,内功会心效果等级提升56点,7,0,0,0,0,0,0,0,0,0,0,0,0,0,0,0,056,0,0,0,0,0,0,0,0,0,0
215,佳·剑胆·印（外会效）,外功会心效果等级提升56点,7,0,0,0,0,0,0,0,0,0,0,0,0,0,0,0,056,0,0,0,0,0,0,0,0,0,0
216,佳·剑胆·染（力道）,力道提升21点,6,0,0,0,021,0,0,0,0,0,0,0,0,0,0,0,0,0,0,0,0,0,0,0,0,0,0
217,佳·剑胆·染（元气）,元气提升21点,6,0,0,0,0,0,021,0,0,0,0,0,0,0,0,0,0,0,0,0,0,0,0,0,0,0,0
218,佳·剑胆·染（外伤）,外功攻击提升42点,6,0,0,0,0,0,0,0,0,0,0,0,0,42,0,0,0,0,0,0,0,0,0,0,0,0,
219,佳·剑胆·染（内伤）,内功攻击提升50点,6,0,0,0,0,0,0,0,0,0,0,0,0,50,0,0,0,0,0,0,0,0,0,0,0,0,
220,佳·剑胆·染（疗伤）,疗伤成效提升43点,6,0,0,0,0,0,0,0,0,0,0,0,0,0,043,0,0,0,0,0,0,0,0,0,0,0,0
221,佳·剑胆·染（内会效）,内功会心效果等级提升56点,6,0,0,0,0,0,0,0,0,0,0,0,0,0,0,0,056,0,0,0,0,0,0,0,0,0,0
222,佳·剑胆·染（外会效）,外功会心效果等级提升56点,6,0,0,0,0,0,0,0,0,0,0,0,0,0,0,0,056,0,0,0,0,0,0,0,0,0,0
223,佳·剑胆·纹（体质）,体质提升28点,10,0,028,0,0,0,0,0,0,0,0,0,0,0,0,0,0,0,0,0,0,0,0,0,0,0,0
224,佳·剑胆·纹（气血）,气血上限提升278点,10,0,0,0,0,0,0,0,0,0,0,0,0,0,0,0,0,0,0,0,0,0,0,0,0,0,0278
225,佳·剑胆·纹（内力）,内力上限提升278点,10,0,0,0,0,0,0,0,0,0,0,0,0,0,0,0,0,0,0,0,0,0,0,0,0278,0,0
226,佳·剑胆·纹（气回）,气血回复速度提升18点,10,0,0,0,0,0,0,0,0,0,0,0,0,0,0,0,0,0,0,0,0,0,0,0,0,18,
227,佳·剑胆·纹（内回）,内力回复速度提升26点,10,0,0,0,0,0,0,0,0,0,0,0,0,0,0,0,0,0,0,0,0,0,0,26,0,0,
228,佳·剑胆·纹（拆值）,拆招值提升345点,10,0,0,0,0,0,0,0,0,0,0,345,0,0,0,0,0,0,0,0,0,0,0,0,0,0,
229,佳·剑胆·纹（闪避）,闪避值提升28点,10,0,0,0,0,0,0,0,0,28,0,0,0,0,0,0,0,0,0,0,0,0,0,0,0,0,
230,佳·剑胆·纹（外防）,外功防御等级提升28点,10,0,0,0,0,0,0,28,0,0,0,0,0,0,0,0,0,0,0,0,0,0,0,0,0,0,
231,佳·剑胆·纹（内防）,内功防御等级提升28点,10,0,0,0,0,0,0,0,028,0,0,0,0,0,0,0,0,0,0,0,0,0,0,0,0,0,0
232,佳·剑胆·纹（招架）,招架值提升28点,10,0,0,0,0,0,0,0,0,0,028,0,0,0,0,0,0,0,0,0,0,0,0,0,0,0,0
233,佳·剑胆·纹（御劲）,御劲提升28点,10,0,0,0,0,0,0,0,0,0,0,0,028,0,0,0,0,0,0,0,0,0,0,0,0,0,0
234,佳·剑胆·纹（化劲）,化劲提升28点,10,0,0,0,0,0,0,0,0,0,0,0,0,0,0,0,0,0,0,0,0,28,0,0,0,0,
235,剑胆·锻（根骨）,根骨提升18点,9,0,0,18,0,0,0,0,0,0,0,0,0,0,0,0,0,0,0,0,0,0,0,0,0,0,
236,剑胆·锻（身法）,身法提升18点,9,0,0,0,0,18,0,0,0,0,0,0,0,0,0,0,0,0,0,0,0,0,0,0,0,0,
237,剑胆·锻（外破）,外功破防等级提升49点,9,0,0,0,0,0,0,0,0,0,0,0,0,0,0,0,0,49,0,0,0,0,0,0,0,0,
238,剑胆·锻（内破）,内功破防等级提升49点,9,0,0,0,0,0,0,0,0,0,0,0,0,0,0,0,0,49,0,0,0,0,0,0,0,0,
239,剑胆·锻（仇恨）,仇恨百分比提升9%,9,0,0,0,0,0,0,0,0,0,0,0,0,0,0,0,0,0,0,0,0,0,092,0,0,0,0
240,剑胆·锻（外会）,外功会心等级提升49点,9,0,0,0,0,0,0,0,0,0,0,0,0,0,0,49,0,0,0,0,0,0,0,0,0,0,
241,剑胆·锻（内会）,内功会心等级提升49点,9,0,0,0,0,0,0,0,0,0,0,0,0,0,0,49,0,0,0,0,0,0,0,0,0,0,
242,剑胆·锻（外命）,外功命中等级提升49点,9,0,0,0,0,0,0,0,0,0,0,0,0,0,0,0,0,0,0,49,0,0,0,0,0,0,
243,剑胆·锻（内命）,内功命中等级提升49点,9,0,0,0,0,0,0,0,0,0,0,0,0,0,0,0,0,0,0,49,0,0,0,0,0,0,
244,剑胆·锻（无双）,无双等级提升49点,9,0,0,0,0,0,0,0,0,0,0,0,0,0,0,0,0,0,0,0,049,0,0,0,0,0,0
245,剑胆·锻（加速）,加速等级提升49点,9,0,0,0,0,0,0,0,0,0,0,0,0,0,0,0,0,0,049,0,0,0,0,0,0,0,0
246,剑胆·铸（根骨）,根骨提升18点,5,0,0,18,0,0,0,0,0,0,0,0,0,0,0,0,0,0,0,0,0,0,0,0,0,0,
247,剑胆·铸（身法）,身法提升18点,5,0,0,0,0,18,0,0,0,0,0,0,0,0,0,0,0,0,0,0,0,0,0,0,0,0,
248,剑胆·铸（外破）,外功破防等级提升49点,5,0,0,0,0,0,0,0,0,0,0,0,0,0,0,0,0,49,0,0,0,0,0,0,0,0,
249,剑胆·铸（内破）,内功破防等级提升49点,5,0,0,0,0,0,0,0,0,0,0,0,0,0,0,0,0,49,0,0,0,0,0,0,0,0,
250,剑胆·铸（仇恨）,仇恨百分比提升9%,5,0,0,0,0,0,0,0,0,0,0,0,0,0,0,0,0,0,0,0,0,0,092,0,0,0,0
251,剑胆·铸（外会）,外功会心等级提升49点,5,0,0,0,0,0,0,0,0,0,0,0,0,0,0,49,0,0,0,0,0,0,0,0,0,0,
252,剑胆·铸（内会）,内功会心等级提升49点,5,0,0,0,0,0,0,0,0,0,0,0,0,0,0,49,0,0,0,0,0,0,0,0,0,0,
253,剑胆·铸（外命）,外功命中等级提升49点,5,0,0,0,0,0,0,0,0,0,0,0,0,0,0,0,0,0,0,49,0,0,0,0,0,0,
254,剑胆·铸（内命）,内功命中等级提升49点,5,0,0,0,0,0,0,0,0,0,0,0,0,0,0,0,0,0,0,49,0,0,0,0,0,0,
255,剑胆·铸（无双）,无双等级提升49点,5,0,0,0,0,0,0,0,0,0,0,0,0,0,0,0,0,0,0,0,049,0,0,0,0,0,0
256,剑胆·铸（加速）,加速等级提升49点,5,0,0,0,0,0,0,0,0,0,0,0,0,0,0,0,0,0,049,0,0,0,0,0,0,0,0
257,剑胆·磨石（外伤）,外功攻击提升37点,11,0,0,0,0,0,0,0,0,0,0,0,0,37,0,0,0,0,0,0,0,0,0,0,0,0,
258,剑胆·磨石（内伤）,内功攻击提升44点,11,0,0,0,0,0,0,0,0,0,0,0,0,44,0,0,0,0,0,0,0,0,0,0,0,0,
259,剑胆·磨石（疗伤）,疗伤成效提升39点,11,0,0,0,0,0,0,0,0,0,0,0,0,0,039,0,0,0,0,0,0,0,0,0,0,0,0
260,剑胆·磨石（武伤）,武器伤害提升8点,11,0,0,0,0,0,0,0,0,0,0,0,0,0,0,0,0,0,0,0,0,0,0,0,0,0,0
261,剑胆·熔锭（外伤）,外功攻击提升55点,11,0,0,0,0,0,0,0,0,0,0,0,0,55,0,0,0,0,0,0,0,0,0,0,0,0,
262,剑胆·熔锭（内伤）,内功攻击提升67点,11,0,0,0,0,0,0,0,0,0,0,0,0,67,0,0,0,0,0,0,0,0,0,0,0,0,
263,剑胆·熔锭（疗伤）,疗伤成效提升58点,11,0,0,0,0,0,0,0,0,0,0,0,0,0,058,0,0,0,0,0,0,0,0,0,0,0,0
264,剑胆·熔锭（武伤）,武器伤害提升13点,11,0,0,0,0,0,0,0,0,0,0,0,0,0,0,0,0,0,0,0,0,0,0,0,0,0,0
265,佳·剑胆·锻（根骨）,根骨提升21点,9,0,0,21,0,0,0,0,0,0,0,0,0,0,0,0,0,0,0,0,0,0,0,0,0,0,
266,佳·剑胆·锻（身法）,身法提升21点,9,0,0,0,0,21,0,0,0,0,0,0,0,0,0,0,0,0,0,0,0,0,0,0,0,0,
267,佳·剑胆·锻（外破）,外功破防等级提升56点,9,0,0,0,0,0,0,0,0,0,0,0,0,0,0,0,0,56,0,0,0,0,0,0,0,0,
268,佳·剑胆·锻（内破）,内功破防等级提升56点,9,0,0,0,0,0,0,0,0,0,0,0,0,0,0,0,0,56,0,0,0,0,0,0,0,0,
269,佳·剑胆·锻（仇恨）,仇恨百分比提升10%,9,0,0,0,0,0,0,0,0,0,0,0,0,0,0,0,0,0,0,0,0,0,0102,0,0,0,0
270,佳·剑胆·锻（外会）,外功会心等级提升56点,9,0,0,0,0,0,0,0,0,0,0,0,0,0,0,56,0,0,0,0,0,0,0,0,0,0,
271,佳·剑胆·锻（内会）,内功会心等级提升56点,9,0,0,0,0,0,0,0,0,0,0,0,0,0,0,56,0,0,0,0,0,0,0,0,0,0,
272,佳·剑胆·锻（外命）,外功命中等级提升56点,9,0,0,0,0,0,0,0,0,0,0,0,0,0,0,0,0,0,0,56,0,0,0,0,0,0,
273,佳·剑胆·锻（内命）,内功命中等级提升56点,9,0,0,0,0,0,0,0,0,0,0,0,0,0,0,0,0,0,0,56,0,0,0,0,0,0,
274,佳·剑胆·锻（无双）,无双等级提升56点,9,0,0,0,0,0,0,0,0,0,0,0,0,0,0,0,0,0,0,0,056,0,0,0,0,0,0
275,佳·剑胆·锻（加速）,加速等级提升56点,9,0,0,0,0,0,0,0,0,0,0,0,0,0,0,0,0,0,056,0,0,0,0,0,0,0,0
276,佳·剑胆·铸（根骨）,根骨提升21点,5,0,0,21,0,0,0,0,0,0,0,0,0,0,0,0,0,0,0,0,0,0,0,0,0,0,
277,佳·剑胆·铸（身法）,身法提升21点,5,0,0,0,0,21,0,0,0,0,0,0,0,0,0,0,0,0,0,0,0,0,0,0,0,0,
278,佳·剑胆·铸（外破）,外功破防等级提升56点,5,0,0,0,0,0,0,0,0,0,0,0,0,0,0,0,0,56,0,0,0,0,0,0,0,0,
279,佳·剑胆·铸（内破）,内功破防等级提升56点,5,0,0,0,0,0,0,0,0,0,0,0,0,0,0,0,0,56,0,0,0,0,0,0,0,0,
280,佳·剑胆·铸（仇恨）,仇恨百分比提升10%,5,0,0,0,0,0,0,0,0,0,0,0,0,0,0,0,0,0,0,0,0,0,0102,0,0,0,0
281,佳·剑胆·铸（外会）,外功会心等级提升56点,5,0,0,0,0,0,0,0,0,0,0,0,0,0,0,56,0,0,0,0,0,0,0,0,0,0,
282,佳·剑胆·铸（内会）,内功会心等级提升56点,5,0,0,0,0,0,0,0,0,0,0,0,0,0,0,56,0,0,0,0,0,0,0,0,0,0,
283,佳·剑胆·铸（外命）,外功命中等级提升56点,5,0,0,0,0,0,0,0,0,0,0,0,0,0,0,0,0,0,0,56,0,0,0,0,0,0,
284,佳·剑胆·铸（内命）,内功命中等级提升56点,5,0,0,0,0,0,0,0,0,0,0,0,0,0,0,0,0,0,0,56,0,0,0,0,0,0,
285,佳·剑胆·铸（无双）,无双等级提升56点,5,0,0,0,0,0,0,0,0,0,0,0,0,0,0,0,0,0,0,0,056,0,0,0,0,0,0
286,佳·剑胆·铸（加速）,加速等级提升56点,5,0,0,0,0,0,0,0,0,0,0,0,0,0,0,0,0,0,056,0,0,0,0,0,0,0,0
287,佳·剑胆·磨石（外伤）,外功攻击提升42点,11,0,0,0,0,0,0,0,0,0,0,0,0,42,0,0,0,0,0,0,0,0,0,0,0,0,
288,佳·剑胆·磨石（内伤）,内功攻击提升50点,11,0,0,0,0,0,0,0,0,0,0,0,0,50,0,0,0,0,0,0,0,0,0,0,0,0,
289,佳·剑胆·磨石（疗伤）,疗伤成效提升43点,11,0,0,0,0,0,0,0,0,0,0,0,0,0,043,0,0,0,0,0,0,0,0,0,0,0,0
290,佳·剑胆·磨石（武伤）,武器伤害提升9点,11,0,0,0,0,0,0,0,0,0,0,0,0,0,0,0,0,0,0,0,0,0,0,0,0,0,0
291,佳·剑胆·熔锭（外伤）,外功攻击提升62点,11,0,0,0,0,0,0,0,0,0,0,0,0,62,0,0,0,0,0,0,0,0,0,0,0,0,
292,佳·剑胆·熔锭（内伤）,内功攻击提升75点,11,0,0,0,0,0,0,0,0,0,0,0,0,75,0,0,0,0,0,0,0,0,0,0,0,0,
293,佳·剑胆·熔锭（疗伤）,疗伤成效提升65点,11,0,0,0,0,0,0,0,0,0,0,0,0,0,065,0,0,0,0,0,0,0,0,0,0,0,0
294,佳·剑胆·熔锭（武伤）,武器伤害提升14点,11,0,0,0,0,0,0,0,0,0,0,0,0,0,0,0,0,0,0,0,0,0,0,0,0,0,0
296,苍·安戎·绣（内伤）,内功破防提升24,8,0,0,0,0,0,0,0,0,0,0,0,0,0,0,0,0,24,0,0,0,0,0,0,0,0,
296,苍·安戎·绣（内伤）,内功攻击提升22,8,0,0,0,0,0,0,0,0,0,0,0,0,22,0,0,0,0,0,0,0,0,0,0,0,0,
296,苍·安戎·绣（内伤）,内功破防提升24,8,0,0,0,0,0,0,0,0,0,0,0,0,0,0,0,0,24,0,0,0,0,0,0,0,0,
297,珍·风骨·绣（体质）,体质提升34点,8,0,034,0,0,0,0,0,0,0,0,0,0,0,0,0,0,0,0,0,0,0,0,0,0,0,0
298,珍·风骨·印（力道）,力道提升25点,7,0,0,0,025,0,0,0,0,0,0,0,0,0,0,0,0,0,0,0,0,0,0,0,0,0,0
299,珍·风骨·印（元气）,元气提升25点,7,0,0,0,0,0,025,0,0,0,0,0,0,0,0,0,0,0,0,0,0,0,0,0,0,0,0
300,珍·风骨·印（疗伤）,疗伤成效提升53点,7,0,0,0,0,0,0,0,0,0,0,0,0,0,053,0,0,0,0,0,0,0,0,0,0,0,0
301,珍·风骨·印（内会效）,内功会心效果等级提升68点,7,0,0,0,0,0,0,0,0,0,0,0,0,0,0,0,068,0,0,0,0,0,0,0,0,0,0
302,珍·风骨·印（外会效）,外功会心效果等级提升68点,7,0,0,0,0,0,0,0,0,0,0,0,0,0,0,0,068,0,0,0,0,0,0,0,0,0,0
303,珍·风骨·染（力道）,力道提升25点,6,0,0,0,025,0,0,0,0,0,0,0,0,0,0,0,0,0,0,0,0,0,0,0,0,0,0
304,珍·风骨·染（元气）,元气提升25点,6,0,0,0,0,0,025,0,0,0,0,0,0,0,0,0,0,0,0,0,0,0,0,0,0,0,0
305,珍·风骨·染（疗伤）,疗伤成效提升53点,6,0,0,0,0,0,0,0,0,0,0,0,0,0,053,0,0,0,0,0,0,0,0,0,0,0,0
306,珍·风骨·染（内会效）,内功会心效果等级提升68点,6,0,0,0,0,0,0,0,0,0,0,0,0,0,0,0,068,0,0,0,0,0,0,0,0,0,0
307,珍·风骨·染（外会效）,外功会心效果等级提升68点,6,0,0,0,0,0,0,0,0,0,0,0,0,0,0,0,068,0,0,0,0,0,0,0,0,0,0
308,珍·风骨·纹（体质）,体质提升34点,10,0,034,0,0,0,0,0,0,0,0,0,0,0,0,0,0,0,0,0,0,0,0,0,0,0,0
309,珍·风骨·锻（根骨）,根骨提升25点,9,0,0,25,0,0,0,0,0,0,0,0,0,0,0,0,0,0,0,0,0,0,0,0,0,0,
310,珍·风骨·锻（身法）,身法提升25点,9,0,0,0,0,25,0,0,0,0,0,0,0,0,0,0,0,0,0,0,0,0,0,0,0,0,
311,珍·风骨·锻（外会）,外功会心等级提升68点,9,0,0,0,0,0,0,0,0,0,0,0,0,0,0,68,0,0,0,0,0,0,0,0,0,0,
312,珍·风骨·锻（内会）,内功会心等级提升68点,9,0,0,0,0,0,0,0,0,0,0,0,0,0,0,68,0,0,0,0,0,0,0,0,0,0,
313,珍·风骨·铸（根骨）,根骨提升25点,5,0,0,25,0,0,0,0,0,0,0,0,0,0,0,0,0,0,0,0,0,0,0,0,0,0,
314,珍·风骨·铸（身法）,身法提升25点,5,0,0,0,0,25,0,0,0,0,0,0,0,0,0,0,0,0,0,0,0,0,0,0,0,0,
315,珍·风骨·铸（外会）,外功会心等级提升68点,5,0,0,0,0,0,0,0,0,0,0,0,0,0,0,68,0,0,0,0,0,0,0,0,0,0,
316,珍·风骨·铸（内会）,内功会心等级提升68点,5,0,0,0,0,0,0,0,0,0,0,0,0,0,0,68,0,0,0,0,0,0,0,0,0,0,
317,珍·风骨·磨石（疗伤）,疗伤成效提升53点,11,0,0,0,0,0,0,0,0,0,0,0,0,0,053,0,0,0,0,0,0,0,0,0,0,0,0
318,珍·风骨·印（外伤）,外功攻击提升51点,7,0,0,0,0,0,0,0,0,0,0,0,0,51,0,0,0,0,0,0,0,0,0,0,0,0,
319,珍·风骨·印（内伤）,内功攻击提升61点,7,0,0,0,0,0,0,0,0,0,0,0,0,61,0,0,0,0,0,0,0,0,0,0,0,0,
320,珍·风骨·染（外伤）,外功攻击提升51点,6,0,0,0,0,0,0,0,0,0,0,0,0,51,0,0,0,0,0,0,0,0,0,0,0,0,
321,珍·风骨·染（内伤）,内功攻击提升61点,6,0,0,0,0,0,0,0,0,0,0,0,0,61,0,0,0,0,0,0,0,0,0,0,0,0,
322,珍·风骨·绣（气血）,气血上限提升339点,8,0,0,0,0,0,0,0,0,0,0,0,0,0,0,0,0,0,0,0,0,0,0,0,0,0,0339
323,珍·风骨·绣（招架）,招架提升34点,8,0,0,0,0,0,0,0,0,0,034,0,0,0,0,0,0,0,0,0,0,0,0,0,0,0,0
324,珍·风骨·绣（御劲）,御劲提升34点,8,0,0,0,0,0,0,0,0,0,0,0,034,0,0,0,0,0,0,0,0,0,0,0,0,0,0
325,珍·风骨·绣（闪避）,闪避提升34点,8,0,0,0,0,0,0,0,0,34,0,0,0,0,0,0,0,0,0,0,0,0,0,0,0,0,
326,珍·风骨·绣（外防）,外功防御提升34点,8,0,0,0,0,0,0,34,0,0,0,0,0,0,0,0,0,0,0,0,0,0,0,0,0,0,
327,珍·风骨·绣（内防）,内功防御提升34点,8,0,0,0,0,0,0,0,034,0,0,0,0,0,0,0,0,0,0,0,0,0,0,0,0,0,0
328,珍·风骨·纹（气血）,气血上限提升339点,10,0,0,0,0,0,0,0,0,0,0,0,0,0,0,0,0,0,0,0,0,0,0,0,0,0,0339
329,珍·风骨·纹（招架）,招架提升34点,10,0,0,0,0,0,0,0,0,0,034,0,0,0,0,0,0,0,0,0,0,0,0,0,0,0,0
330,珍·风骨·纹（御劲）,御劲提升34点,10,0,0,0,0,0,0,0,0,0,0,0,034,0,0,0,0,0,0,0,0,0,0,0,0,0,0
331,珍·风骨·纹（闪避）,闪避提升34点,10,0,0,0,0,0,0,0,0,34,0,0,0,0,0,0,0,0,0,0,0,0,0,0,0,0,
332,珍·风骨·纹（外防）,外功防御提升34点,10,0,0,0,0,0,0,34,0,0,0,0,0,0,0,0,0,0,0,0,0,0,0,0,0,0,
333,珍·风骨·纹（内防）,内功防御提升34点,10,0,0,0,0,0,0,0,034,0,0,0,0,0,0,0,0,0,0,0,0,0,0,0,0,0,0
334,珍·风骨·锻（外破）,外功破防等级提升68点,9,0,0,0,0,0,0,0,0,0,0,0,0,0,0,0,0,68,0,0,0,0,0,0,0,0,
335,珍·风骨·锻（内破）,内功破防等级提升68点,9,0,0,0,0,0,0,0,0,0,0,0,0,0,0,0,0,68,0,0,0,0,0,0,0,0,
336,珍·风骨·锻（加速）,加速提升68点,9,0,0,0,0,0,0,0,0,0,0,0,0,0,0,0,0,0,068,0,0,0,0,0,0,0,0
337,珍·风骨·铸（外破）,外功破防等级提升68点,5,0,0,0,0,0,0,0,0,0,0,0,0,0,0,0,0,68,0,0,0,0,0,0,0,0,
338,珍·风骨·铸（内破）,内功破防等级提升68点,5,0,0,0,0,0,0,0,0,0,0,0,0,0,0,0,0,68,0,0,0,0,0,0,0,0,
339,珍·风骨·铸（加速）,加速提升68点,5,0,0,0,0,0,0,0,0,0,0,0,0,0,0,0,0,0,068,0,0,0,0,0,0,0,0
340,珍·风骨·磨石（外伤）,外功攻击提升51点,11,0,0,0,0,0,0,0,0,0,0,0,0,51,0,0,0,0,0,0,0,0,0,0,0,0,
341,珍·风骨·磨石（内伤）,内功攻击提升61点,11,0,0,0,0,0,0,0,0,0,0,0,0,61,0,0,0,0,0,0,0,0,0,0,0,0,
342,珍·风骨·磨石（武伤）,武器伤害提升12点,11,0,0,0,0,0,0,0,0,0,0,0,0,0,0,0,0,0,0,0,0,0,0,0,0,0,0
343,珍·重制·印（外伤）,外功攻击提升62点,7,0,0,0,0,0,0,0,0,0,0,0,0,62,0,0,0,0,0,0,0,0,0,0,0,0,
344,珍·重制·印（内伤）,内功攻击提升75点,7,0,0,0,0,0,0,0,0,0,0,0,0,75,0,0,0,0,0,0,0,0,0,0,0,0,
345,珍·重制·印（疗伤）,疗伤成效提升65点,7,0,0,0,0,0,0,0,0,0,0,0,0,0,065,0,0,0,0,0,0,0,0,0,0,0,0
346,珍·重制·印（御劲）,御劲提升42点,7,0,0,0,0,0,0,0,0,0,0,0,042,0,0,0,0,0,0,0,0,0,0,0,0,0,0
347,珍·重制·印（化劲）,化劲提升42点,7,0,0,0,0,0,0,0,0,0,0,0,0,0,0,0,0,0,0,0,0,42,0,0,0,0,
348,珍·重制·印（力道）,力道提升31点,7,0,0,0,031,0,0,0,0,0,0,0,0,0,0,0,0,0,0,0,0,0,0,0,0,0,0
349,珍·重制·印（元气）,元气提升31点,7,0,0,0,0,0,031,0,0,0,0,0,0,0,0,0,0,0,0,0,0,0,0,0,0,0,0
350,珍·重制·印（外会效）,外功会心效果等级提升83点,7,0,0,0,0,0,0,0,0,0,0,0,0,0,0,0,083,0,0,0,0,0,0,0,0,0,0
351,珍·重制·印（内会效）,内功会心效果等级提升73点,7,0,0,0,0,0,0,0,0,0,0,0,0,0,0,0,083,0,0,0,0,0,0,0,0,0,0
352,珍·重制·染（外伤）,外功攻击提升62点,6,0,0,0,0,0,0,0,0,0,0,0,0,62,0,0,0,0,0,0,0,0,0,0,0,0,
353,珍·重制·染（内伤）,内功攻击提升75点,6,0,0,0,0,0,0,0,0,0,0,0,0,75,0,0,0,0,0,0,0,0,0,0,0,0,
354,珍·重制·染（疗伤）,疗伤成效提升65点,6,0,0,0,0,0,0,0,0,0,0,0,0,0,065,0,0,0,0,0,0,0,0,0,0,0,0
355,珍·重制·染（御劲）,御劲提升42点,6,0,0,0,0,0,0,0,0,0,0,0,042,0,0,0,0,0,0,0,0,0,0,0,0,0,0
356,珍·重制·染（化劲）,化劲提升42点,6,0,0,0,0,0,0,0,0,0,0,0,0,0,0,0,0,0,0,0,0,42,0,0,0,0,
357,珍·重制·染（力道）,力道提升31点,6,0,0,0,031,0,0,0,0,0,0,0,0,0,0,0,0,0,0,0,0,0,0,0,0,0,0
358,珍·重制·染（元气）,元气提升31点,6,0,0,0,0,0,031,0,0,0,0,0,0,0,0,0,0,0,0,0,0,0,0,0,0,0,0
359,珍·重制·染（外会效）,外功会心效果等级提升83点,6,0,0,0,0,0,0,0,0,0,0,0,0,0,0,0,083,0,0,0,0,0,0,0,0,0,0
360,珍·重制·染（内会效）,内功会心效果等级提升73点,6,0,0,0,0,0,0,0,0,0,0,0,0,0,0,0,083,0,0,0,0,0,0,0,0,0,0
361,珍·重制·绣（体质）,体质提升42点,8,0,042,0,0,0,0,0,0,0,0,0,0,0,0,0,0,0,0,0,0,0,0,0,0,0,0
362,珍·重制·绣（招架）,招架提升42点,8,0,0,0,0,0,0,0,0,0,042,0,0,0,0,0,0,0,0,0,0,0,0,0,0,0,0
363,珍·重制·绣（御劲）,御劲提升42点,8,0,0,0,0,0,0,0,0,0,0,0,042,0,0,0,0,0,0,0,0,0,0,0,0,0,0
364,珍·重制·绣（化劲）,化劲提升42点,8,0,0,0,0,0,0,0,0,0,0,0,0,0,0,0,0,0,0,0,0,42,0,0,0,0,
365,珍·重制·绣（闪避）,闪避提升42点,8,0,0,0,0,0,0,0,0,42,0,0,0,0,0,0,0,0,0,0,0,0,0,0,0,0,
366,珍·重制·绣（外防）,外功防御提升42点,8,0,0,0,0,0,0,42,0,0,0,0,0,0,0,0,0,0,0,0,0,0,0,0,0,0,
367,珍·重制·绣（内防）,内功防御提升42点,8,0,0,0,0,0,0,0,042,0,0,0,0,0,0,0,0,0,0,0,0,0,0,0,0,0,0
368,珍·重制·纹（体质）,体质提升42点,10,0,042,0,0,0,0,0,0,0,0,0,0,0,0,0,0,0,0,0,0,0,0,0,0,0,0
369,珍·重制·纹（招架）,招架提升42点,10,0,0,0,0,0,0,0,0,0,042,0,0,0,0,0,0,0,0,0,0,0,0,0,0,0,0
370,珍·重制·纹（御劲）,御劲提升42点,10,0,0,0,0,0,0,0,0,0,0,0,042,0,0,0,0,0,0,0,0,0,0,0,0,0,0
371,珍·重制·纹（化劲）,化劲提升42点,10,0,0,0,0,0,0,0,0,0,0,0,0,0,0,0,0,0,0,0,0,42,0,0,0,0,
372,珍·重制·纹（闪避）,闪避提升42点,10,0,0,0,0,0,0,0,0,42,0,0,0,0,0,0,0,0,0,0,0,0,0,0,0,0,
373,珍·重制·纹（外防）,外功防御提升42点,10,0,0,0,0,0,0,42,0,0,0,0,0,0,0,0,0,0,0,0,0,0,0,0,0,0,
374,珍·重制·纹（内防）,内功防御提升42点,10,0,0,0,0,0,0,0,042,0,0,0,0,0,0,0,0,0,0,0,0,0,0,0,0,0,0
375,珍·重制·锻（外破）,外功破防等级提升83点,9,0,0,0,0,0,0,0,0,0,0,0,0,0,0,0,0,83,0,0,0,0,0,0,0,0,
376,珍·重制·锻（内破）,内功破防等级提升83点,9,0,0,0,0,0,0,0,0,0,0,0,0,0,0,0,0,83,0,0,0,0,0,0,0,0,
377,珍·重制·锻（加速）,加速提升83点,9,0,0,0,0,0,0,0,0,0,0,0,0,0,0,0,0,0,083,0,0,0,0,0,0,0,0
378,珍·重制·锻（外命）,外功命中等级提升83点,9,0,0,0,0,0,0,0,0,0,0,0,0,0,0,0,0,0,0,83,0,0,0,0,0,0,
379,珍·重制·锻（内命）,内功命中等级提升83点,9,0,0,0,0,0,0,0,0,0,0,0,0,0,0,0,0,0,0,83,0,0,0,0,0,0,
380,珍·重制·锻（无双）,无双等级提升83点,9,0,0,0,0,0,0,0,0,0,0,0,0,0,0,0,0,0,0,0,083,0,0,0,0,0,0
381,珍·重制·锻（根骨）,根骨提升31点,9,0,0,31,0,0,0,0,0,0,0,0,0,0,0,0,0,0,0,0,0,0,0,0,0,0,
382,珍·重制·锻（身法）,身法提升31点,9,0,0,0,0,31,0,0,0,0,0,0,0,0,0,0,0,0,0,0,0,0,0,0,0,0,
383,珍·重制·锻（外会）,外功会心等级提升83点,9,0,0,0,0,0,0,0,0,0,0,0,0,0,0,83,0,0,0,0,0,0,0,0,0,0,
384,珍·重制·锻（内会）,内功会心等级提升83点,9,0,0,0,0,0,0,0,0,0,0,0,0,0,0,83,0,0,0,0,0,0,0,0,0,0,
385,珍·重制·铸（外破）,外功破防等级提升83点,5,0,0,0,0,0,0,0,0,0,0,0,0,0,0,0,0,83,0,0,0,0,0,0,0,0,
386,珍·重制·铸（内破）,内功破防等级提升83点,5,0,0,0,0,0,0,0,0,0,0,0,0,0,0,0,0,83,0,0,0,0,0,0,0,0,
387,珍·重制·铸（加速）,加速提升83点,5,0,0,0,0,0,0,0,0,0,0,0,0,0,0,0,0,0,083,0,0,0,0,0,0,0,0
388,珍·重制·铸（外命）,外功命中等级提升83点,5,0,0,0,0,0,0,0,0,0,0,0,0,0,0,0,0,0,0,83,0,0,0,0,0,0,
389,珍·重制·铸（内命）,内功命中等级提升83点,5,0,0,0,0,0,0,0,0,0,0,0,0,0,0,0,0,0,0,83,0,0,0,0,0,0,
390,珍·重制·铸（无双）,无双等级提升83点,5,0,0,0,0,0,0,0,0,0,0,0,0,0,0,0,0,0,0,0,083,0,0,0,0,0,0
391,珍·重制·铸（根骨）,根骨提升31点,5,0,0,31,0,0,0,0,0,0,0,0,0,0,0,0,0,0,0,0,0,0,0,0,0,0,
392,珍·重制·铸（身法）,身法提升31点,5,0,0,0,0,31,0,0,0,0,0,0,0,0,0,0,0,0,0,0,0,0,0,0,0,0,
393,珍·重制·铸（外会）,外功会心等级提升83点,5,0,0,0,0,0,0,0,0,0,0,0,0,0,0,83,0,0,0,0,0,0,0,0,0,0,
394,珍·重制·铸（内会）,内功会心等级提升83点,5,0,0,0,0,0,0,0,0,0,0,0,0,0,0,83,0,0,0,0,0,0,0,0,0,0,
395,珍·重制·磨石（疗伤）,疗伤成效提升65点,11,0,0,0,0,0,0,0,0,0,0,0,0,0,065,0,0,0,0,0,0,0,0,0,0,0,0
396,珍·重制·磨石（外伤）,外功攻击提升62点,11,0,0,0,0,0,0,0,0,0,0,0,0,62,0,0,0,0,0,0,0,0,0,0,0,0,
397,珍·重制·磨石（内伤）,内功攻击提升75点,11,0,0,0,0,0,0,0,0,0,0,0,0,75,0,0,0,0,0,0,0,0,0,0,0,0,
398,珍·重制·磨石（武伤）,武器伤害提升14点,11,0,0,0,0,0,0,0,0,0,0,0,0,0,0,0,0,0,0,0,0,0,0,0,0,0,0
399,烨阳晶石·磨（体质）,体质提升42点,999,0,042,0,0,0,0,0,0,0,0,0,0,0,0,0,0,0,0,0,0,0,0,0,0,0,0
400,烨阳晶石·磨（御劲）,御劲提升42点,999,0,0,0,0,0,0,0,0,0,0,0,042,0,0,0,0,0,0,0,0,0,0,0,0,0,0
401,烨阳晶石·雕（体质）,体质提升42点,1,0,042,0,0,0,0,0,0,0,0,0,0,0,0,0,0,0,0,0,0,0,0,0,0,0,0
402,烨阳晶石·雕（化劲）,化劲提升42点,1,0,0,0,0,0,0,0,0,0,0,0,0,0,0,0,0,0,0,0,0,42,0,0,0,0,
403,烨阳晶石·刻（根骨）,根骨提升31点,2,0,0,31,0,0,0,0,0,0,0,0,0,0,0,0,0,0,0,0,0,0,0,0,0,0,
404,烨阳晶石·刻（力道）,力道提升31点,2,0,0,0,031,0,0,0,0,0,0,0,0,0,0,0,0,0,0,0,0,0,0,0,0,0,0
405,烨阳晶石·刻（元气）,元气提升31点,2,0,0,0,0,0,031,0,0,0,0,0,0,0,0,0,0,0,0,0,0,0,0,0,0,0,0
406,烨阳晶石·刻（身法）,身法提升31点,2,0,0,0,0,31,0,0,0,0,0,0,0,0,0,0,0,0,0,0,0,0,0,0,0,0,
407,烨阳晶石·刻（外伤）,外功攻击提升62点,2,0,0,0,0,0,0,0,0,0,0,0,0,62,0,0,0,0,0,0,0,0,0,0,0,0,
408,烨阳晶石·刻（内伤）,内功攻击提升75点,2,0,0,0,0,0,0,0,0,0,0,0,0,75,0,0,0,0,0,0,0,0,0,0,0,0,
409,烨阳晶石·刻（外命）,外功命中等级提升83点,2,0,0,0,0,0,0,0,0,0,0,0,0,0,0,0,0,0,0,83,0,0,0,0,0,0,
410,烨阳晶石·刻（内命）,内功命中等级提升83点,2,0,0,0,0,0,0,0,0,0,0,0,0,0,0,0,0,0,0,83,0,0,0,0,0,0,
411,烨阳晶石·熔（根骨）,根骨提升31点,4,0,0,31,0,0,0,0,0,0,0,0,0,0,0,0,0,0,0,0,0,0,0,0,0,0,
412,烨阳晶石·熔（力道）,力道提升31点,4,0,0,0,031,0,0,0,0,0,0,0,0,0,0,0,0,0,0,0,0,0,0,0,0,0,0
413,烨阳晶石·熔（元气）,元气提升31点,4,0,0,0,0,0,031,0,0,0,0,0,0,0,0,0,0,0,0,0,0,0,0,0,0,0,0
414,烨阳晶石·熔（身法）,身法提升31点,4,0,0,0,0,31,0,0,0,0,0,0,0,0,0,0,0,0,0,0,0,0,0,0,0,0,
415,烨阳晶石·熔（外破）,外功破防等级提升83点,4,0,0,0,0,0,0,0,0,0,0,0,0,0,0,0,0,83,0,0,0,0,0,0,0,0,
416,烨阳晶石·熔（内破）,内功破防等级提升83点,4,0,0,0,0,0,0,0,0,0,0,0,0,0,0,0,0,83,0,0,0,0,0,0,0,0,
417,烨阳晶石·熔（加速）,加速提升83点,4,0,0,0,0,0,0,0,0,0,0,0,0,0,0,0,0,0,083,0,0,0,0,0,0,0,0
418,固·安戎·磨石（武伤）,武器伤害提升5,11,0,0,0,0,0,0,0,0,0,0,0,0,0,0,0,0,0,0,0,0,0,0,0,0,0,0
419,固·安戎·熔锭（外伤）,外功攻击提升31,11,0,0,0,0,0,0,0,0,0,0,0,0,31,0,0,0,0,0,0,0,0,0,0,0,0,
420,固·安戎·熔锭（内伤）,内功攻击提升37,11,0,0,0,0,0,0,0,0,0,0,0,0,37,0,0,0,0,0,0,0,0,0,0,0,0,
421,固·安戎·熔锭（疗伤）,疗伤成效提升32,11,0,0,0,0,0,0,0,0,0,0,0,0,0,032,0,0,0,0,0,0,0,0,0,0,0,0
422,固·安戎·熔锭（武伤）,武器伤害提升7,11,0,0,0,0,0,0,0,0,0,0,0,0,0,0,0,0,0,0,0,0,0,0,0,0,0,0
423,苍·安戎·印（内伤）,内功攻击提升22,7,0,0,0,0,0,0,0,0,0,0,0,0,22,0,0,0,0,0,0,0,0,0,0,0,0,
424,苍·安戎·印（外伤）,外功攻击提升18,7,0,0,0,0,0,0,0,0,0,0,0,0,18,0,0,0,0,0,0,0,0,0,0,0,0,
425,苍·安戎·铸（外伤）,外功攻击提升18,5,0,0,0,0,0,0,0,0,0,0,0,0,18,0,0,0,0,0,0,0,0,0,0,0,0,
426,线刻·偃旗,可强化戒指，使自身外功攻击增加6点,2,0,0,0,0,0,0,0,0,0,0,0,0,6,0,0,0,0,0,0,0,0,0,0,0,0,
427,仙踪·兵·铸（外伤）,外功攻击提升68点,11,0,0,0,0,0,0,0,0,0,0,0,0,68,0,0,0,0,0,0,0,0,0,0,0,0,
428,仙踪·兵·铸（内伤）,内功攻击提升82点,11,0,0,0,0,0,0,0,0,0,0,0,0,82,0,0,0,0,0,0,0,0,0,0,0,0,
429,仙踪·兵·铸（疗伤）,疗伤成效提升74点,11,0,0,0,0,0,0,0,0,0,0,0,0,0,074,0,0,0,0,0,0,0,0,0,0,0,0
430,仙踪·兵·铸（武伤）,武器伤害提升102点,11,0,0,0,0,0,0,0,0,0,0,0,0,0,0,0,0,0,0,0,0,0,0,0,0,0,0
431,仙踪·兵·铸（仇恨）,仇恨百分比提升26%,11,0,0,0,0,0,0,0,0,0,0,0,0,0,0,0,0,0,0,0,0,0,0266,0,0,0,0
432,仙踪·裤·铸（身法）,身法提升34点,7,0,0,0,0,34,0,0,0,0,0,0,0,0,0,0,0,0,0,0,0,0,0,0,0,0,
433,仙踪·裤·铸（元气）,元气提升34点,7,0,0,0,0,0,034,0,0,0,0,0,0,0,0,0,0,0,0,0,0,0,0,0,0,0,0
434,仙踪·裤·铸（力道）,力道提升34点,7,0,0,0,034,0,0,0,0,0,0,0,0,0,0,0,0,0,0,0,0,0,0,0,0,0,0
435,仙踪·裤·铸（根骨）,根骨提升34点,7,0,0,34,0,0,0,0,0,0,0,0,0,0,0,0,0,0,0,0,0,0,0,0,0,0,
436,仙踪·裤·铸（仇恨）,仇恨百分比提升26%,7,0,0,0,0,0,0,0,0,0,0,0,0,0,0,0,0,0,0,0,0,0,0266,0,0,0,0
437,仙踪·裤·铸（外破）,外功破防等级提升152点,7,0,0,0,0,0,0,0,0,0,0,0,0,0,0,0,0,152,0,0,0,0,0,0,0,0,
438,仙踪·裤·铸（内破）,内功破防等级提升152点,7,0,0,0,0,0,0,0,0,0,0,0,0,0,0,0,0,152,0,0,0,0,0,0,0,0,
439,仙踪·裤·铸（会心）,全会心提升152点,7,0,0,0,0,0,0,0,0,0,0,0,0,0,0,152,0,0,0,0,0,0,0,0,0,0,
440,仙踪·裤·铸（无双）,无双等级提升152点,7,0,0,0,0,0,0,0,0,0,0,0,0,0,0,0,0,0,0,0,0152,0,0,0,0,0,0
441,仙踪·头·铸（外攻）,外功攻击提升68点,9,0,0,0,0,0,0,0,0,0,0,0,0,68,0,0,0,0,0,0,0,0,0,0,0,0,
442,仙踪·头·铸（内功）,内功攻击提升82点,9,0,0,0,0,0,0,0,0,0,0,0,0,82,0,0,0,0,0,0,0,0,0,0,0,0,
443,仙踪·头·铸（治疗）,疗伤成效提升74点,9,0,0,0,0,0,0,0,0,0,0,0,0,0,074,0,0,0,0,0,0,0,0,0,0,0,0
444,仙踪·头·铸（命中）,全命中提升152点,9,0,0,0,0,0,0,0,0,0,0,0,0,0,0,0,0,0,0,152,0,0,0,0,0,0,
445,仙踪·头·铸（急速）,加速提升152点,9,0,0,0,0,0,0,0,0,0,0,0,0,0,0,0,0,0,0152,0,0,0,0,0,0,0,0
446,仙踪·腰·铸（体质）,体质提升56点,10,0,056,0,0,0,0,0,0,0,0,0,0,0,0,0,0,0,0,0,0,0,0,0,0,0,0
447,仙踪·腰·铸（气血）,最大气血值提升758点,10,0,0,0,0,0,0,0,0,0,0,0,0,0,0,0,0,0,0,0,0,0,0,0,0,0,0758
448,仙踪·腰·铸（格挡）,拆招提升942点,10,0,0,0,0,0,0,0,0,0,0,942,0,0,0,0,0,0,0,0,0,0,0,0,0,0,
449,仙踪·腰·铸（闪避）,闪避提升76点,10,0,0,0,0,0,0,0,0,76,0,0,0,0,0,0,0,0,0,0,0,0,0,0,0,0,
450,仙踪·腰·铸（外防）,外功防御提升76点,10,0,0,0,0,0,0,76,0,0,0,0,0,0,0,0,0,0,0,0,0,0,0,0,0,0,
451,仙踪·腰·铸（内防）,内功防御提升76点,10,0,0,0,0,0,0,0,076,0,0,0,0,0,0,0,0,0,0,0,0,0,0,0,0,0,0
452,仙踪·腰·铸（招架）,招架提升76点,10,0,0,0,0,0,0,0,0,0,076,0,0,0,0,0,0,0,0,0,0,0,0,0,0,0,0
453,仙踪·腰·铸（御劲）,化劲提升76点,10,0,0,0,0,0,0,0,0,0,0,0,0,0,0,0,0,0,0,0,0,76,0,0,0,0,
454,仙踪·腰·铸（化劲）,御劲提升76点,10,0,0,0,0,0,0,0,0,0,0,0,076,0,0,0,0,0,0,0,0,0,0,0,0,0,0
455,仙踪·裤·甲（身法）,身法提升17点,7,0,0,0,0,17,0,0,0,0,0,0,0,0,0,0,0,0,0,0,0,0,0,0,0,0,
456,仙踪·裤·甲（元气）,元气提升17点,7,0,0,0,0,0,017,0,0,0,0,0,0,0,0,0,0,0,0,0,0,0,0,0,0,0,0
457,仙踪·裤·甲（力道）,力道提升17点,7,0,0,0,017,0,0,0,0,0,0,0,0,0,0,0,0,0,0,0,0,0,0,0,0,0,0
458,仙踪·裤·甲（根骨）,根骨提升17点,7,0,0,17,0,0,0,0,0,0,0,0,0,0,0,0,0,0,0,0,0,0,0,0,0,0,
459,仙踪·裤·甲（仇恨）,仇恨百分比提升13%,7,0,0,0,0,0,0,0,0,0,0,0,0,0,0,0,0,0,0,0,0,0,0133,0,0,0,0
460,仙踪·裤·甲（外破）,外功破防等级提升76点,7,0,0,0,0,0,0,0,0,0,0,0,0,0,0,0,0,76,0,0,0,0,0,0,0,0,
461,仙踪·裤·甲（内破）,内功破防等级提升76点,7,0,0,0,0,0,0,0,0,0,0,0,0,0,0,0,0,76,0,0,0,0,0,0,0,0,
462,仙踪·裤·甲（会心）,全会心提升76点,7,0,0,0,0,0,0,0,0,0,0,0,0,0,0,76,0,0,0,0,0,0,0,0,0,0,
463,仙踪·裤·甲（无双）,无双等级提升76点,7,0,0,0,0,0,0,0,0,0,0,0,0,0,0,0,0,0,0,0,076,0,0,0,0,0,0
464,仙踪·头·甲（外攻）,外功攻击提升34点,9,0,0,0,0,0,0,0,0,0,0,0,0,34,0,0,0,0,0,0,0,0,0,0,0,0,
465,仙踪·头·甲（内功）,内功攻击提升41点,9,0,0,0,0,0,0,0,0,0,0,0,0,41,0,0,0,0,0,0,0,0,0,0,0,0,
466,仙踪·头·甲（治疗）,疗伤成效提升37点,9,0,0,0,0,0,0,0,0,0,0,0,0,0,037,0,0,0,0,0,0,0,0,0,0,0,0
467,仙踪·头·甲（命中）,全命中提升76点,9,0,0,0,0,0,0,0,0,0,0,0,0,0,0,0,0,0,0,76,0,0,0,0,0,0,
468,仙踪·头·甲（急速）,加速提升76点,9,0,0,0,0,0,0,0,0,0,0,0,0,0,0,0,0,0,076,0,0,0,0,0,0,0,0
469,仙踪·腰·甲（体质）,体质提升28点,10,0,028,0,0,0,0,0,0,0,0,0,0,0,0,0,0,0,0,0,0,0,0,0,0,0,0
470,仙踪·腰·甲（气血）,最大气血值提升379点,10,0,0,0,0,0,0,0,0,0,0,0,0,0,0,0,0,0,0,0,0,0,0,0,0,0,0379
471,仙踪·腰·甲（格挡）,拆招提升471点,10,0,0,0,0,0,0,0,0,0,0,471,0,0,0,0,0,0,0,0,0,0,0,0,0,0,
472,仙踪·腰·甲（闪避）,闪避提升38点,10,0,0,0,0,0,0,0,0,38,0,0,0,0,0,0,0,0,0,0,0,0,0,0,0,0,
473,仙踪·腰·甲（外防）,外功防御提升38点,10,0,0,0,0,0,0,38,0,0,0,0,0,0,0,0,0,0,0,0,0,0,0,0,0,0,
474,仙踪·腰·甲（内防）,内功防御提升38点,10,0,0,0,0,0,0,0,038,0,0,0,0,0,0,0,0,0,0,0,0,0,0,0,0,0,0
475,仙踪·腰·甲（招架）,招架提升38点,10,0,0,0,0,0,0,0,0,0,038,0,0,0,0,0,0,0,0,0,0,0,0,0,0,0,0
476,仙踪·腰·甲（御劲）,化劲提升38点,10,0,0,0,0,0,0,0,0,0,0,0,0,0,0,0,0,0,0,0,0,38,0,0,0,0,
477,仙踪·腰·甲（化劲）,御劲提升38点,10,0,0,0,0,0,0,0,0,0,0,0,038,0,0,0,0,0,0,0,0,0,0,0,0,0,0
478,仙踪·兵·熔（仇恨）,仇恨百分比提升40%,11,0,0,0,0,0,0,0,0,0,0,0,0,0,0,0,0,0,0,0,0,0,0409,0,0,0,0
479,仙踪·腕·绣（身法）,身法提升34点,6,0,0,0,0,34,0,0,0,0,0,0,0,0,0,0,0,0,0,0,0,0,0,0,0,0,
480,仙踪·腕·绣（元气）,元气提升34点,6,0,0,0,0,0,034,0,0,0,0,0,0,0,0,0,0,0,0,0,0,0,0,0,0,0,0
481,仙踪·腕·绣（力道）,力道提升34点,6,0,0,0,034,0,0,0,0,0,0,0,0,0,0,0,0,0,0,0,0,0,0,0,0,0,0
482,仙踪·腕·绣（根骨）,根骨提升34点,6,0,0,34,0,0,0,0,0,0,0,0,0,0,0,0,0,0,0,0,0,0,0,0,0,0,
483,仙踪·腕·绣（仇恨）,仇恨百分比提升26%,6,0,0,0,0,0,0,0,0,0,0,0,0,0,0,0,0,0,0,0,0,0,0266,0,0,0,0
484,仙踪·腕·绣（外破）,外功破防等级提升152点,6,0,0,0,0,0,0,0,0,0,0,0,0,0,0,0,0,152,0,0,0,0,0,0,0,0,
485,仙踪·腕·绣（内破）,内功破防等级提升152点,6,0,0,0,0,0,0,0,0,0,0,0,0,0,0,0,0,152,0,0,0,0,0,0,0,0,
486,仙踪·腕·绣（会心）,全会心提升152点,6,0,0,0,0,0,0,0,0,0,0,0,0,0,0,152,0,0,0,0,0,0,0,0,0,0,
487,仙踪·腕·绣（无双）,无双等级提升152点,6,0,0,0,0,0,0,0,0,0,0,0,0,0,0,0,0,0,0,0,0152,0,0,0,0,0,0
488,仙踪·鞋·绣（外攻）,外功攻击提升68点,6,0,0,0,0,0,0,0,0,0,0,0,0,68,0,0,0,0,0,0,0,0,0,0,0,0,
489,仙踪·鞋·绣（内功）,内功攻击提升82点,6,0,0,0,0,0,0,0,0,0,0,0,0,82,0,0,0,0,0,0,0,0,0,0,0,0,
490,仙踪·鞋·绣（治疗）,疗伤成效提升74点,6,0,0,0,0,0,0,0,0,0,0,0,0,0,074,0,0,0,0,0,0,0,0,0,0,0,0
491,仙踪·鞋·绣（命中）,全命中提升152点,6,0,0,0,0,0,0,0,0,0,0,0,0,0,0,0,0,0,0,152,0,0,0,0,0,0,
492,仙踪·鞋·绣（急速）,加速提升152点,6,0,0,0,0,0,0,0,0,0,0,0,0,0,0,0,0,0,0152,0,0,0,0,0,0,0,0
493,仙踪·衣·绣（体质）,体质提升56点,8,0,056,0,0,0,0,0,0,0,0,0,0,0,0,0,0,0,0,0,0,0,0,0,0,0,0
494,仙踪·衣·绣（气血）,最大气血值提升758点,8,0,0,0,0,0,0,0,0,0,0,0,0,0,0,0,0,0,0,0,0,0,0,0,0,0,0758
495,仙踪·衣·绣（格挡）,拆招提升942点,8,0,0,0,0,0,0,0,0,0,0,942,0,0,0,0,0,0,0,0,0,0,0,0,0,0,
496,仙踪·衣·绣（闪避）,闪避提升76点,8,0,0,0,0,0,0,0,0,76,0,0,0,0,0,0,0,0,0,0,0,0,0,0,0,0,
497,仙踪·衣·绣（外防）,外功防御提升76点,8,0,0,0,0,0,0,76,0,0,0,0,0,0,0,0,0,0,0,0,0,0,0,0,0,0,
498,仙踪·衣·绣（内防）,内功防御提升76点,8,0,0,0,0,0,0,0,076,0,0,0,0,0,0,0,0,0,0,0,0,0,0,0,0,0,0
499,仙踪·衣·绣（招架）,招架提升76点,8,0,0,0,0,0,0,0,0,0,076,0,0,0,0,0,0,0,0,0,0,0,0,0,0,0,0
500,仙踪·衣·绣（御劲）,化劲提升76点,8,0,0,0,0,0,0,0,0,0,0,0,0,0,0,0,0,0,0,0,0,76,0,0,0,0,
501,仙踪·衣·绣（化劲）,御劲提升76点,8,0,0,0,0,0,0,0,0,0,0,0,076,0,0,0,0,0,0,0,0,0,0,0,0,0,0
502,仙踪·腕·染（身法）,身法提升17点,6,0,0,0,0,17,0,0,0,0,0,0,0,0,0,0,0,0,0,0,0,0,0,0,0,0,
503,仙踪·腕·染（元气）,元气提升17点,6,0,0,0,0,0,017,0,0,0,0,0,0,0,0,0,0,0,0,0,0,0,0,0,0,0,0
504,仙踪·腕·染（力道）,力道提升17点,6,0,0,0,017,0,0,0,0,0,0,0,0,0,0,0,0,0,0,0,0,0,0,0,0,0,0
505,仙踪·腕·染（根骨）,根骨提升17点,6,0,0,17,0,0,0,0,0,0,0,0,0,0,0,0,0,0,0,0,0,0,0,0,0,0,
506,仙踪·腕·染（仇恨）,仇恨百分比提升13%,6,0,0,0,0,0,0,0,0,0,0,0,0,0,0,0,0,0,0,0,0,0,0133,0,0,0,0
507,仙踪·腕·染（外破）,外功破防等级提升76点,6,0,0,0,0,0,0,0,0,0,0,0,0,0,0,0,0,76,0,0,0,0,0,0,0,0,
508,仙踪·腕·染（内破）,内功破防等级提升76点,6,0,0,0,0,0,0,0,0,0,0,0,0,0,0,0,0,76,0,0,0,0,0,0,0,0,
509,仙踪·腕·染（会心）,全会心提升76点,6,0,0,0,0,0,0,0,0,0,0,0,0,0,0,76,0,0,0,0,0,0,0,0,0,0,
510,仙踪·腕·染（无双）,无双等级提升76点,6,0,0,0,0,0,0,0,0,0,0,0,0,0,0,0,0,0,0,0,076,0,0,0,0,0,0
511,仙踪·鞋·染（外攻）,外功攻击提升34点,6,0,0,0,0,0,0,0,0,0,0,0,0,34,0,0,0,0,0,0,0,0,0,0,0,0,
512,仙踪·鞋·染（内功）,内功攻击提升41点,6,0,0,0,0,0,0,0,0,0,0,0,0,41,0,0,0,0,0,0,0,0,0,0,0,0,
513,仙踪·鞋·染（治疗）,疗伤成效提升37点,6,0,0,0,0,0,0,0,0,0,0,0,0,0,037,0,0,0,0,0,0,0,0,0,0,0,0
514,仙踪·鞋·染（命中）,全命中提升76点,6,0,0,0,0,0,0,0,0,0,0,0,0,0,0,0,0,0,0,76,0,0,0,0,0,0,
515,仙踪·鞋·染（急速）,加速提升76点,6,0,0,0,0,0,0,0,0,0,0,0,0,0,0,0,0,0,076,0,0,0,0,0,0,0,0
516,仙踪·衣·染（体质）,体质提升28点,8,0,028,0,0,0,0,0,0,0,0,0,0,0,0,0,0,0,0,0,0,0,0,0,0,0,0
517,仙踪·衣·染（气血）,最大气血值提升379点,8,0,0,0,0,0,0,0,0,0,0,0,0,0,0,0,0,0,0,0,0,0,0,0,0,0,0379
518,仙踪·衣·染（格挡）,拆招提升471点,8,0,0,0,0,0,0,0,0,0,0,471,0,0,0,0,0,0,0,0,0,0,0,0,0,0,
519,仙踪·衣·染（闪避）,闪避提升38点,8,0,0,0,0,0,0,0,0,38,0,0,0,0,0,0,0,0,0,0,0,0,0,0,0,0,
520,仙踪·衣·染（外防）,外功防御提升38点,8,0,0,0,0,0,0,38,0,0,0,0,0,0,0,0,0,0,0,0,0,0,0,0,0,0,
521,仙踪·衣·染（内防）,内功防御提升38点,8,0,0,0,0,0,0,0,038,0,0,0,0,0,0,0,0,0,0,0,0,0,0,0,0,0,0
522,仙踪·衣·染（招架）,招架提升38点,8,0,0,0,0,0,0,0,0,0,038,0,0,0,0,0,0,0,0,0,0,0,0,0,0,0,0
523,仙踪·衣·染（御劲）,化劲提升38点,8,0,0,0,0,0,0,0,0,0,0,0,0,0,0,0,0,0,0,0,0,38,0,0,0,0,
524,仙踪·衣·染（化劲）,御劲提升38点,8,0,0,0,0,0,0,0,0,0,0,0,038,0,0,0,0,0,0,0,0,0,0,0,0,0,0
525,仙踪·鞋·染（跑速）,跑步速度提升5%（鞋子）,7,0,0,0,0,0,0,0,0,0,0,0,0,0,0,0,0,0,0,0,0,0,0,0,0,0,0
526,烨阳晶石·项链（体质）,体质提升56点,999,0,056,0,0,0,0,0,0,0,0,0,0,0,0,0,0,0,0,0,0,0,0,0,0,0,0
527,烨阳晶石·项链（御劲）,御劲提升76点,999,0,0,0,0,0,0,0,0,0,0,0,076,0,0,0,0,0,0,0,0,0,0,0,0,0,0
528,烨阳晶石·腰坠（体质）,体质提升56点,1,0,056,0,0,0,0,0,0,0,0,0,0,0,0,0,0,0,0,0,0,0,0,0,0,0,0
529,烨阳晶石·腰坠（化劲）,化劲提升76点,1,0,0,0,0,0,0,0,0,0,0,0,0,0,0,0,0,0,0,0,0,76,0,0,0,0,
530,烨阳晶石·戒指（根骨）,根骨提升34点,2,0,0,34,0,0,0,0,0,0,0,0,0,0,0,0,0,0,0,0,0,0,0,0,0,0,
531,烨阳晶石·戒指（力道）,力道提升34点,2,0,0,0,034,0,0,0,0,0,0,0,0,0,0,0,0,0,0,0,0,0,0,0,0,0,0
532,烨阳晶石·戒指（元气）,元气提升34点,2,0,0,0,0,0,034,0,0,0,0,0,0,0,0,0,0,0,0,0,0,0,0,0,0,0,0
533,烨阳晶石·戒指（身法）,身法提升34点,2,0,0,0,0,34,0,0,0,0,0,0,0,0,0,0,0,0,0,0,0,0,0,0,0,0,
534,烨阳晶石·戒指（外伤）,外功攻击提升68点,2,0,0,0,0,0,0,0,0,0,0,0,0,68,0,0,0,0,0,0,0,0,0,0,0,0,
535,烨阳晶石·戒指（内伤）,内功攻击提升82点,2,0,0,0,0,0,0,0,0,0,0,0,0,82,0,0,0,0,0,0,0,0,0,0,0,0,
536,烨阳晶石·戒指（外命）,外功命中等级提升152点,2,0,0,0,0,0,0,0,0,0,0,0,0,0,0,0,0,0,0,152,0,0,0,0,0,0,
537,烨阳晶石·戒指（内命）,内功命中等级提升152点,2,0,0,0,0,0,0,0,0,0,0,0,0,0,0,0,0,0,0,152,0,0,0,0,0,0,
538,烨阳晶石·暗器（根骨）,根骨提升34点,4,0,0,34,0,0,0,0,0,0,0,0,0,0,0,0,0,0,0,0,0,0,0,0,0,0,
539,烨阳晶石·暗器（力道）,力道提升34点,4,0,0,0,034,0,0,0,0,0,0,0,0,0,0,0,0,0,0,0,0,0,0,0,0,0,0
540,烨阳晶石·暗器（元气）,元气提升34点,4,0,0,0,0,0,034,0,0,0,0,0,0,0,0,0,0,0,0,0,0,0,0,0,0,0,0
541,烨阳晶石·暗器（身法）,身法提升34点,4,0,0,0,0,34,0,0,0,0,0,0,0,0,0,0,0,0,0,0,0,0,0,0,0,0,
542,烨阳晶石·暗器（外破）,外功破防等级提升152点,4,0,0,0,0,0,0,0,0,0,0,0,0,0,0,0,0,152,0,0,0,0,0,0,0,0,
543,烨阳晶石·暗器（内破）,内功破防等级提升152点,4,0,0,0,0,0,0,0,0,0,0,0,0,0,0,0,0,152,0,0,0,0,0,0,0,0,
544,烨阳晶石·暗器（加速）,加速提升152点,4,0,0,0,0,0,0,0,0,0,0,0,0,0,0,0,0,0,0152,0,0,0,0,0,0,0,0
