setID,name,pos0,pos1,pos2,pos3,pos4,pos5,pos6,pos7,pos8,pos9,pos10,pos11,desc2,index2,desc3,index3,desc4,index4
1667,寻踪觅宝·望郁,,,,,,寻踪觅宝·望郁靴,寻踪觅宝·望郁袖,,寻踪觅宝·望郁衫,寻踪觅宝·望郁帽,寻踪觅宝·望郁带,,气力值上限提高100,sprint|100,,|,在寻宝时，遭遇特殊事件概率提升5%,|
1668,寻踪觅宝·与采,,,,,,寻踪觅宝·与采靴,寻踪觅宝·与采袖,,寻踪觅宝·与采衫,寻踪觅宝·与采帽,寻踪觅宝·与采带,,气力值上限提高100,sprint|100,,|,在寻宝时，遭遇特殊事件概率提升5%,|
1669,寻踪觅宝·生浪,,,,,,寻踪觅宝·生浪靴,寻踪觅宝·生浪袖,,寻踪觅宝·生浪衫,寻踪觅宝·生浪帽,寻踪觅宝·生浪带,,气力值上限提高100,sprint|100,,|,在寻宝时，遭遇特殊事件概率提升5%,|
1670,寻踪觅宝·玉趾,,,,,,寻踪觅宝·玉趾靴,寻踪觅宝·玉趾袖,,寻踪觅宝·玉趾衫,寻踪觅宝·玉趾帽,寻踪觅宝·玉趾带,,气力值上限提高100,sprint|100,,|,在寻宝时，遭遇特殊事件概率提升5%,|
1671,寻踪觅宝·临春,,,,,,寻踪觅宝·临春靴,寻踪觅宝·临春袖,,寻踪觅宝·临春衫,寻踪觅宝·临春帽,寻踪觅宝·临春带,,气力值上限提高100,sprint|100,,|,在寻宝时，遭遇特殊事件概率提升5%,|
1672,寻踪觅宝·心哀,,,,,,寻踪觅宝·心哀靴,寻踪觅宝·心哀袖,,寻踪觅宝·心哀衫,寻踪觅宝·心哀帽,寻踪觅宝·心哀带,,气力值上限提高100,sprint|100,,|,在寻宝时，遭遇特殊事件概率提升5%,|
1673,鹤梦·醉禅,,,,,,鹤梦·醉禅履,鹤梦·醉禅护手,,鹤梦·醉禅袈裟,鹤梦·醉禅帽,鹤梦·醉禅腰带,,"“韦陀献杵”伤害提高10%, “拿云式”伤害提高10%",|,,|,施展阳性伤害招式，一定几率提高自身阳性内功基础攻击力10%，持续6秒,|
1674,鹤梦·奉莲,,,,,,鹤梦·奉莲履,鹤梦·奉莲护手,,鹤梦·奉莲袈裟,鹤梦·奉莲帽,鹤梦·奉莲腰带,,“无相诀”调息时间降低10秒,|,,|,被伤害招式命中后，一定几率使10秒内自身反弹增加25%，内力消耗降低20%、威胁值增加20%,|
1675,鹤梦·凝清,,,,,,鹤梦·凝清靴,鹤梦·凝清护手,,鹤梦·凝清衣,鹤梦·凝清冠,鹤梦·凝清腰带,,"“阳明指”伤害提高10%, “快雪时晴”伤害提高10%",|,,|,施展混元性伤害招式，一定几率提高自身混元性内功基础攻击力10%，持续6秒,|
1676,鹤梦·兰舟,,,,,,鹤梦·兰舟靴,鹤梦·兰舟护手,,鹤梦·兰舟衣,鹤梦·兰舟冠,鹤梦·兰舟腰带,,“长针”治疗效果提高5%,|,,|,施展疗伤招式后，一定几率使10秒内治疗会心效果增加20%，内力消耗降低20%，威胁值降低20%,|
1677,鹤梦·断愁,,,,,,鹤梦·断愁战靴,鹤梦·断愁护臂,,鹤梦·断愁战甲,鹤梦·断愁盔,鹤梦·断愁护腰,,“龙牙”伤害提高10%,|,,|,施展外功伤害招式，一定几率提高自身外功基础攻击力10%，持续6秒,|
1678,鹤梦·君忧,,,,,,鹤梦·君忧战靴,鹤梦·君忧护臂,,鹤梦·君忧战甲,鹤梦·君忧盔,鹤梦·君忧护腰,,“守如山”调息时间降低15秒,|,,|,被伤害招式命中后，一定几率使10秒内自身闪避率增加20%，内力消耗降低20%、威胁值增加20%,|
1679,鹤梦·希夷,,,,,,鹤梦·希夷靴,鹤梦·希夷袖,,鹤梦·希夷道袍,鹤梦·希夷冠,鹤梦·希夷玉带,,“万世不竭”伤害提高10%,|,,|,施展混元性伤害招式，一定几率提高自身混元性基础内功攻击力10%，持续6秒,|
1680,鹤梦·方寸,,,,,,鹤梦·方寸靴,鹤梦·方寸袖,,鹤梦·方寸道袍,鹤梦·方寸冠,鹤梦·方寸玉带,,“无我无剑”伤害提高10%,|,,|,施展外功伤害招式，一定几率提高自身外功基础攻击力10%，持续6秒,|
1681,鹤梦·疏夜,,,,,,鹤梦·疏夜靴,鹤梦·疏夜护手,,鹤梦·疏夜衣,鹤梦·疏夜冠,鹤梦·疏夜腰带,,“玳弦急曲”伤害提高10%,|,,|,施展阴性伤害招式，一定几率提高自身阴性内功基础攻击力10%，持续6秒,|
1682,鹤梦·云棠,,,,,,鹤梦·云棠靴,鹤梦·云棠护手,,鹤梦·云棠衣,鹤梦·云棠冠,鹤梦·云棠腰带,,“回雪飘摇”治疗效果提高5%,|,,|,施展疗伤招式后，一定几率使10秒内治疗会心效果增加20%，内力消耗降低20%，威胁值降低20%,|
1683,鹤梦·斓梦,,,,,,鹤梦·斓梦鞋,鹤梦·斓梦镯,,鹤梦·斓梦襟衫,鹤梦·斓梦头帕,鹤梦·斓梦腰带,,"“蝎心”伤害提高10%, “蛇影”伤害提高10%",|,,|,施展毒性伤害招式，一定几率提高自身毒性内功基础攻击力10%，持续6秒,|
1684,鹤梦·蹁跹,,,,,,鹤梦·蹁跹鞋,鹤梦·蹁跹镯,,鹤梦·蹁跹襟衫,鹤梦·蹁跹头帕,鹤梦·蹁跹腰带,,“醉舞九天”治疗效果提高5%,|,,|,施展疗伤招式后，一定几率使10秒内治疗会心效果增加20%，内力消耗降低20%，威胁值降低20%,|
1685,鹤梦·风影,,,,,,鹤梦·风影靴,鹤梦·风影护手,,鹤梦·风影衣,鹤梦·风影冠,鹤梦·风影腰带,,"“蚀肌弹”伤害提高10%, “暴雨梨花针”伤害提高10%",|,,|,施展外功伤害招式，一定几率提高自身毒性内功基础攻击力10%，持续6秒,|
1686,鹤梦·星魂,,,,,,鹤梦·星魂靴,鹤梦·星魂护手,,鹤梦·星魂衣,鹤梦·星魂冠,鹤梦·星魂腰带,,"“夺魄箭”伤害提高10%, “暴雨梨花针”伤害提高10%",|,,|,施展外功伤害招式，一定几率提高自身外功基础攻击力10%，持续6秒,|
1687,鹤梦·兼勇,,,,,,鹤梦·兼勇靴,鹤梦·兼勇护手,,鹤梦·兼勇袿衣,鹤梦·兼勇冠,鹤梦·兼勇护腰,,"“云飞玉皇”伤害提高10%, “听雷”伤害提高10%",|,,|,施展外功伤害招式，一定几率提高自身外功基础攻击力10%，持续6秒,|
1688,鹤梦·啸傲,,,,,,鹤梦·啸傲屐,鹤梦·啸傲束腕,,鹤梦·啸傲短袄,鹤梦·啸傲软帽,鹤梦·啸傲革带,,“亢龙有悔”伤害提高10%,|,,|,施展外功伤害招式，一定几率提高自身外功基础攻击力10%，持续6秒,|
1689,鹤梦·冥月,,,,,,鹤梦·冥月靴,鹤梦·冥月护手,,鹤梦·冥月衣,鹤梦·冥月冠,鹤梦·冥月腰带,,“净世破魔击”伤害提高10%,|,,|,施展阴阳性伤害招式，一定几率提高自身阴阳性内功基础攻击力10%，持续6秒,|
1690,鹤梦·明泉,,,,,,鹤梦·明泉靴,鹤梦·明泉护手,,鹤梦·明泉衣,鹤梦·明泉冠,鹤梦·明泉腰带,,“贪魔体”调息时间降低5秒,|,,|,被伤害招式命中后，一定几率使10秒内自身被疗伤成效提高20%，日灵、月魂的获取速度提高20%，威胁值提高20%,|
1691,鹤梦·铸毅,,,,,,鹤梦·铸毅战靴,鹤梦·铸毅臂甲,,鹤梦·铸毅玄甲,鹤梦·铸毅盔,鹤梦·铸毅腰甲,,"“劫刀”伤害提高10%, “盾压”伤害提高10%",|,,|,施展外功伤害招式，一定几率提高自身外功基础攻击力10%，持续6秒,|
1692,鹤梦·撼锋,,,,,,鹤梦·撼锋战靴,鹤梦·撼锋臂甲,,鹤梦·撼锋玄甲,鹤梦·撼锋盔,鹤梦·撼锋腰甲,,“盾壁”调息时间降低10秒,|,,|,被伤害招式命中后，一定几率使10秒内自身气血上限提高20%，被治疗成效提高20%，威胁值提高20%,|
1693,鹤梦·星楼,,,,,,鹤梦·星楼丝履,鹤梦·星楼护手,,鹤梦·星楼襦,鹤梦·星楼冠,鹤梦·星楼腰带,,"“宫”伤害提高10%, “徵”伤害提高10%",|,,|,施展阴性伤害招式命中后，一定几率提高自身阴性内功基础攻击力10%，持续6秒,|
1694,鹤梦·清弦,,,,,,鹤梦·清弦丝履,鹤梦·清弦护手,,鹤梦·清弦襦,鹤梦·清弦冠,鹤梦·清弦腰带,,"“宫”治疗效果提高5%, “徵”治疗效果提高5%",|,,|,施展疗伤招式后，一定几率使10秒内治疗会心效果增加20%，内力消耗降低20%，威胁值降低20%,|
1695,鹤梦·狂歌,,,,,,鹤梦·狂歌丝履,鹤梦·狂歌护手,,鹤梦·狂歌襦,鹤梦·狂歌冠,鹤梦·狂歌腰带,,"“刀啸风吟”伤害提高10%, “项王击鼎”伤害提高10%",|,,|,施展外功伤害招式，一定几率提高自身外功基础攻击力10%，持续6秒。,|
1696,鹤梦·逸仙,,,,,,鹤梦·逸仙丝履,鹤梦·逸仙护手,,鹤梦·逸仙襦,鹤梦·逸仙冠,鹤梦·逸仙腰带,,"“木落雁归”伤害提高10%, “翼绝云天”伤害提高10%",|,,|,施展外功伤害招式，一定几率提高自身外功基础攻击力10%，持续6秒。,|
1697,寻踪觅宝·九星,,,,,,寻踪觅宝·九星靴,寻踪觅宝·九星袖,,寻踪觅宝·九星衫,寻踪觅宝·九星帽,寻踪觅宝·九星带,,气力值上限提高100,sprint|100,,|,在寻宝时，遭遇特殊事件概率提升5%,|
1698,寻踪觅宝·五气,,,,,,寻踪觅宝·五气靴,寻踪觅宝·五气袖,,寻踪觅宝·五气衫,寻踪觅宝·五气帽,寻踪觅宝·五气带,,气力值上限提高100,sprint|100,,|,在寻宝时，遭遇特殊事件概率提升5%,|
1699,寻踪觅宝·制化,,,,,,寻踪觅宝·制化靴,寻踪觅宝·制化袖,,寻踪觅宝·制化衫,寻踪觅宝·制化帽,寻踪觅宝·制化带,,气力值上限提高100,sprint|100,,|,在寻宝时，遭遇特殊事件概率提升5%,|
1700,寻踪觅宝·寿世,,,,,,寻踪觅宝·寿世靴,寻踪觅宝·寿世袖,,寻踪觅宝·寿世衫,寻踪觅宝·寿世帽,寻踪觅宝·寿世带,,气力值上限提高100,sprint|100,,|,在寻宝时，遭遇特殊事件概率提升5%,|
1701,寻踪觅宝·青囊,,,,,,寻踪觅宝·青囊靴,寻踪觅宝·青囊袖,,寻踪觅宝·青囊衫,寻踪觅宝·青囊帽,寻踪觅宝·青囊带,,气力值上限提高100,sprint|100,,|,在寻宝时，遭遇特殊事件概率提升5%,|
1702,寻踪觅宝·生克,,,,,,寻踪觅宝·生克靴,寻踪觅宝·生克袖,,寻踪觅宝·生克衫,寻踪觅宝·生克帽,寻踪觅宝·生克带,,气力值上限提高100,sprint|100,,|,在寻宝时，遭遇特殊事件概率提升5%,|
1703,天韶·无量,,,,,,天韶·无量履,天韶·无量护手,,天韶·无量袈裟,天韶·无量帽,天韶·无量腰带,,施展阳性伤害招式，一定几率提高自身阳性内功基础攻击力10%，持续6秒,|,,|,"“韦陀献杵”伤害提高10%, “拿云式”伤害提高10%",|
1704,天韶·归悟,,,,,,天韶·归悟履,天韶·归悟护手,,天韶·归悟袈裟,天韶·归悟帽,天韶·归悟腰带,,被伤害招式命中后，一定几率使10秒内自身反弹增加25%，内力消耗降低20%、威胁值增加20%,|,,|,“无相诀”调息时间降低10秒,|
1705,天韶·孤怀,,,,,,天韶·孤怀靴,天韶·孤怀护手,,天韶·孤怀衣,天韶·孤怀冠,天韶·孤怀腰带,,施展混元性伤害招式，一定几率提高自身混元性内功基础攻击力10%，持续6秒,|,,|,"“阳明指”伤害提高10%, “快雪时晴”伤害提高10%",|
1706,天韶·陶兀,,,,,,天韶·陶兀靴,天韶·陶兀护手,,天韶·陶兀衣,天韶·陶兀冠,天韶·陶兀腰带,,施展疗伤招式后，一定几率使10秒内治疗会心效果增加20%，内力消耗降低20%，威胁值降低20%,|,,|,“长针”治疗效果提高5%,|
1707,天韶·无寒,,,,,,天韶·无寒战靴,天韶·无寒护臂,,天韶·无寒战甲,天韶·无寒盔,天韶·无寒护腰,,施展外功伤害招式，一定几率提高自身外功基础攻击力10%，持续6秒,|,,|,“龙牙”伤害提高10%,|
1708,天韶·破都,,,,,,天韶·破都战靴,天韶·破都护臂,,天韶·破都战甲,天韶·破都盔,天韶·破都护腰,,被伤害招式命中后，一定几率使10秒内自身闪避率增加20%，内力消耗降低20%、威胁值增加20%,|,,|,“守如山”调息时间降低15秒,|
1709,天韶·鹤观松影,,,,,,天韶·鹤观松影靴,天韶·鹤观松影袖,,天韶·鹤观松影道袍,天韶·鹤观松影冠,天韶·鹤观松影玉带,,施展混元性伤害招式，一定几率提高自身混元性基础内功攻击力10%，持续6秒,|,,|,“万世不竭”伤害提高10%,|
1710,天韶·鹤乘千云,,,,,,天韶·鹤乘千云靴,天韶·鹤乘千云袖,,天韶·鹤乘千云道袍,天韶·鹤乘千云冠,天韶·鹤乘千云玉带,,施展外功伤害招式，一定几率提高自身外功基础攻击力10%，持续6秒,|,,|,“无我无剑”伤害提高10%,|
1711,天韶·江山丽,,,,,,天韶·江山丽靴,天韶·江山丽护手,,天韶·江山丽衣,天韶·江山丽冠,天韶·江山丽腰带,,施展阴性伤害招式，一定几率提高自身阴性内功基础攻击力10%，持续6秒,|,,|,“玳弦急曲”伤害提高10%,|
1712,天韶·霜花露实,,,,,,天韶·霜花露实靴,天韶·霜花露实护手,,天韶·霜花露实衣,天韶·霜花露实冠,天韶·霜花露实腰带,,施展疗伤招式后，一定几率使10秒内治疗会心效果增加20%，内力消耗降低20%，威胁值降低20%,|,,|,“回雪飘摇”治疗效果提高5%,|
1713,天韶·迷骨,,,,,,天韶·迷骨鞋,天韶·迷骨镯,,天韶·迷骨襟衫,天韶·迷骨头帕,天韶·迷骨腰带,,施展毒性伤害招式，一定几率提高自身毒性内功基础攻击力10%，持续6秒,|,,|,"“蝎心”伤害提高10%, “蛇影”伤害提高10%",|
1714,天韶·朝幽,,,,,,天韶·朝幽鞋,天韶·朝幽镯,,天韶·朝幽襟衫,天韶·朝幽头帕,天韶·朝幽腰带,,施展疗伤招式后，一定几率使10秒内治疗会心效果增加20%，内力消耗降低20%，威胁值降低20%,|,,|,“醉舞九天”治疗效果提高5%,|
1715,天韶·羽魂,,,,,,天韶·羽魂靴,天韶·羽魂护手,,天韶·羽魂衣,天韶·羽魂冠,天韶·羽魂腰带,,施展外功伤害招式，一定几率提高自身毒性内功基础攻击力10%，持续6秒,|,,|,"“蚀肌弹”伤害提高10%, “暴雨梨花针”伤害提高10%",|
1716,天韶·雾渺,,,,,,天韶·雾渺靴,天韶·雾渺护手,,天韶·雾渺衣,天韶·雾渺冠,天韶·雾渺腰带,,施展外功伤害招式，一定几率提高自身外功基础攻击力10%，持续6秒,|,,|,"“夺魄箭”伤害提高10%, “暴雨梨花针”伤害提高10%",|
1717,天韶·听山,,,,,,天韶·听山靴,天韶·听山护手,,天韶·听山袿衣,天韶·听山冠,天韶·听山护腰,,施展外功伤害招式，一定几率提高自身外功基础攻击力10%，持续6秒,|,,|,"“云飞玉皇”伤害提高10%, “听雷”伤害提高10%",|
1718,天韶·酬江,,,,,,天韶·酬江屐,天韶·酬江束腕,,天韶·酬江短袄,天韶·酬江软帽,天韶·酬江革带,,施展外功伤害招式，一定几率提高自身外功基础攻击力10%，持续6秒,|,,|,“亢龙有悔”伤害提高10%,|
1719,天韶·辉芒,,,,,,天韶·辉芒靴,天韶·辉芒护手,,天韶·辉芒衣,天韶·辉芒冠,天韶·辉芒腰带,,施展阴阳性伤害招式，一定几率提高自身阴阳性内功基础攻击力10%，持续6秒,|,,|,“净世破魔击”伤害提高10%,|
1720,天韶·耀世,,,,,,天韶·耀世靴,天韶·耀世护手,,天韶·耀世衣,天韶·耀世冠,天韶·耀世腰带,,被伤害招式命中后，一定几率使10秒内自身被疗伤成效提高20%，日灵、月魂的获取速度提高20%，威胁值提高20%,|,,|,“贪魔体”调息时间降低5秒,|
1721,天韶·净沙,,,,,,天韶·净沙战靴,天韶·净沙臂甲,,天韶·净沙玄甲,天韶·净沙盔,天韶·净沙腰甲,,施展外功伤害招式，一定几率提高自身外功基础攻击力10%，持续6秒,|,,|,"“劫刀”伤害提高10%, “盾压”伤害提高10%",|
1722,天韶·遥光,,,,,,天韶·遥光战靴,天韶·遥光臂甲,,天韶·遥光玄甲,天韶·遥光盔,天韶·遥光腰甲,,被伤害招式命中后，一定几率使10秒内自身气血上限提高20%，被治疗成效提高20%，威胁值提高20%,|,,|,“盾壁”调息时间降低10秒,|
1723,天韶·风倾,,,,,,天韶·风倾丝履,天韶·风倾护手,,天韶·风倾襦,天韶·风倾冠,天韶·风倾腰带,,施展阴性伤害招式命中后，一定几率提高自身阴性内功基础攻击力10%，持续6秒,|,,|,"“宫”伤害提高10%, “徵”伤害提高10%",|
1724,天韶·燕池,,,,,,天韶·燕池丝履,天韶·燕池护手,,天韶·燕池襦,天韶·燕池冠,天韶·燕池腰带,,施展疗伤招式后，一定几率使10秒内治疗会心效果增加20%，内力消耗降低20%，威胁值降低20%,|,,|,"“宫”治疗效果提高5%, “徵”治疗效果提高5%",|
1725,天韶·奉刀,,,,,,天韶·奉刀丝履,天韶·奉刀护手,,天韶·奉刀襦,天韶·奉刀冠,天韶·奉刀腰带,,施展外功伤害招式，一定几率提高自身外功基础攻击力10%，持续6秒。,|,,|,"“刀啸风吟”伤害提高10%, “项王击鼎”伤害提高10%",|
1726,天韶·蓬壶渡水,,,,,,天韶·蓬壶渡水丝履,天韶·蓬壶渡水护手,,天韶·蓬壶渡水襦,天韶·蓬壶渡水冠,天韶·蓬壶渡水腰带,,施展外功伤害招式，一定几率提高自身外功基础攻击力10%，持续6秒。,|,,|,"“木落雁归”伤害提高10%, “翼绝云天”伤害提高10%",|
1727,寒风,,,,,,寒风靴,寒风缠,寒风裤,寒风衣,寒风冠,寒风腰带,,全会心等级提高160,crit|160,,|,无双等级提高160,strain|160
1728,寒川,,,,,,寒川靴,寒川缠,寒川裤,寒川衣,寒川冠,寒川腰带,,全会心等级提高160,crit|160,,|,无双等级提高160,strain|160
1729,寒山,,,,,,寒山靴,寒山缠,寒山裤,寒山衣,寒山冠,寒山腰带,,全会心等级提高160,crit|160,,|,无双等级提高160,strain|160
1730,寒夜,,,,,,寒夜靴,寒夜缠,寒夜裤,寒夜衣,寒夜冠,寒夜腰带,,全会心等级提高160,crit|160,,|,无双等级提高160,strain|160
1731,寒林,,,,,,寒林靴,寒林缠,寒林裤,寒林衣,寒林冠,寒林腰带,,加速等级提高160,acce|160,,|,治疗量提高135,heal|135
1732,寒猎,,,,,,寒猎靴,寒猎缠,寒猎裤,寒猎衣,寒猎冠,寒猎腰带,,全命中等级提高160,hit|160,,|,加速等级提高160,acce|160
1733,策马扬戈·莲禅,,,,,,策马扬戈·莲禅靴,策马扬戈·莲禅护手,,策马扬戈·莲禅衣,策马扬戈·莲禅冠,策马扬戈·莲禅腰带,,内功破防等级提高99,overcome|99,,|,“捉影式”招式调息时间减少3秒,|
1734,策马扬戈·竹砚,,,,,,策马扬戈·竹砚靴,策马扬戈·竹砚护手,,策马扬戈·竹砚衣,策马扬戈·竹砚冠,策马扬戈·竹砚腰带,,内功破防等级提高99,overcome|99,,|,“水月无间”招式调息时间减少6秒,|
1735,策马扬戈·澜梦,,,,,,策马扬戈·澜梦靴,策马扬戈·澜梦护手,,策马扬戈·澜梦衣,策马扬戈·澜梦冠,策马扬戈·澜梦腰带,,加速等级提高99,acce|99,,|,“水月无间”招式调息时间减少6秒,|
1736,策马扬戈·凛戈,,,,,,策马扬戈·凛戈靴,策马扬戈·凛戈护手,,策马扬戈·凛戈衣,策马扬戈·凛戈冠,策马扬戈·凛戈腰带,,外功破防等级提高99,overcome|99,,|,“突”招式调息时间减少3秒,|
1737,策马扬戈·霜柏,,,,,,策马扬戈·霜柏靴,策马扬戈·霜柏护手,,策马扬戈·霜柏衣,策马扬戈·霜柏冠,策马扬戈·霜柏腰带,,内功破防等级提高99,overcome|99,,|,“生太极”招式调息时间减少1秒,|
1738,策马扬戈·雪空,,,,,,策马扬戈·雪空靴,策马扬戈·雪空护手,,策马扬戈·雪空衣,策马扬戈·雪空冠,策马扬戈·雪空腰带,,外功破防等级提高99,overcome|99,,|,“人剑合一”招式调息时间减少1秒,|
1739,策马扬戈·影凌,,,,,,策马扬戈·影凌靴,策马扬戈·影凌护手,,策马扬戈·影凌衣,策马扬戈·影凌冠,策马扬戈·影凌腰带,,内功破防等级提高99,overcome|99,,|,“帝骖龙翔”招式调息时间减少2秒,|
1740,策马扬戈·月语,,,,,,策马扬戈·月语靴,策马扬戈·月语护手,,策马扬戈·月语衣,策马扬戈·月语冠,策马扬戈·月语腰带,,加速等级提高99,acce|99,,|,“繁音急节”招式调息时间减少10秒,|
1741,策马扬戈·骨离,,,,,,策马扬戈·骨离靴,策马扬戈·骨离护手,,策马扬戈·骨离衣,策马扬戈·骨离冠,策马扬戈·骨离腰带,,内功破防等级提高99,overcome|99,,|,“蛊虫献祭”招式调息时间减少3秒,|
1742,策马扬戈·魄尘,,,,,,策马扬戈·魄尘靴,策马扬戈·魄尘护手,,策马扬戈·魄尘衣,策马扬戈·魄尘冠,策马扬戈·魄尘腰带,,加速等级提高99,acce|99,,|,“蛊虫献祭”招式调息时间减少3秒,|
1743,策马扬戈·锋落,,,,,,策马扬戈·锋落靴,策马扬戈·锋落护手,,策马扬戈·锋落衣,策马扬戈·锋落冠,策马扬戈·锋落腰带,,内功破防等级提高99,overcome|99,,|,“雷震子”招式调息时间减少5秒,|
1744,策马扬戈·星承,,,,,,策马扬戈·星承靴,策马扬戈·星承护手,,策马扬戈·星承衣,策马扬戈·星承冠,策马扬戈·星承腰带,,外功破防等级提高99,overcome|99,,|,“雷震子”招式调息时间减少5秒,|
1745,策马扬戈·泉湖,,,,,,策马扬戈·泉湖靴,策马扬戈·泉湖护手,,策马扬戈·泉湖衣,策马扬戈·泉湖冠,策马扬戈·泉湖腰带,,外功破防等级提高99,overcome|99,,|,“醉月”招式调息时间减少1秒,|
1746,策马扬戈·庭疏,,,,,,策马扬戈·庭疏靴,策马扬戈·庭疏护手,,策马扬戈·庭疏衣,策马扬戈·庭疏冠,策马扬戈·庭疏腰带,,外功破防等级提高99,overcome|99,,|,“乘龙戏水”招式调息时间减少2秒,|
1747,策马扬戈·灼世,,,,,,策马扬戈·灼世靴,策马扬戈·灼世护手,,策马扬戈·灼世衣,策马扬戈·灼世冠,策马扬戈·灼世腰带,,内功破防等级提高99,overcome|99,,|,“怖畏暗刑”招式调息时间减少4秒,|
1748,策马扬戈·寒雁,,,,,,策马扬戈·寒雁靴,策马扬戈·寒雁护手,,策马扬戈·寒雁衣,策马扬戈·寒雁冠,策马扬戈·寒雁腰带,,外功破防等级提高99,overcome|99,,|,“血怒”充能时间降低3秒,|
1749,策马扬戈·知霄,,,,,,策马扬戈·知霄靴,策马扬戈·知霄护手,,策马扬戈·知霄衣,策马扬戈·知霄冠,策马扬戈·知霄腰带,,内功破防等级提高99,overcome|99,,|,“孤影化双”招式调息时间减少30秒,|
1750,策马扬戈·泠诗,,,,,,策马扬戈·泠诗靴,策马扬戈·泠诗护手,,策马扬戈·泠诗衣,策马扬戈·泠诗冠,策马扬戈·泠诗腰带,,加速等级提高99,acce|99,,|,“孤影化双”招式调息时间减少30秒,|
1751,策马扬戈·斩岳,,,,,,策马扬戈·斩岳靴,策马扬戈·斩岳护手,,策马扬戈·斩岳衣,策马扬戈·斩岳冠,策马扬戈·斩岳腰带,,外功破防等级提高99,overcome|99,,|,“楚河汉界”调息时间降低5秒,|
1752,策马扬戈·碧澜,,,,,,策马扬戈·碧澜靴,策马扬戈·碧澜护手,,策马扬戈·碧澜衣,策马扬戈·碧澜冠,策马扬戈·碧澜腰带,,外功破防等级提高99,overcome|99,,|,浮游天地调息时间降低2秒,|
1753,霜威海岱·瞻檐,,,,,,霜威海岱·瞻檐履,霜威海岱·瞻檐袖,,霜威海岱·瞻檐袈裟,霜威海岱·瞻檐冠,霜威海岱·瞻檐带,,全会心等级提高107,crit|107,,|,“无相诀”招式调息时间减少6秒,|
1754,霜威海岱·山君,,,,,,霜威海岱·山君履,霜威海岱·山君袖,,霜威海岱·山君衣,霜威海岱·山君帽,霜威海岱·山君带,,全会心等级提高107,crit|107,,|,“春泥护花”招式调息时间减少3秒,|
1755,霜威海岱·伶仃,,,,,,霜威海岱·伶仃履,霜威海岱·伶仃袖,,霜威海岱·伶仃衣,霜威海岱·伶仃帽,霜威海岱·伶仃带,,全会心等级提高107,crit|107,,|,“春泥护花”招式调息时间减少3秒,|
1756,霜威海岱·嫖姚,,,,,,霜威海岱·嫖姚马靴,霜威海岱·嫖姚臂甲,,霜威海岱·嫖姚战甲,霜威海岱·嫖姚战盔,霜威海岱·嫖姚腰甲,,全会心等级提高107,crit|107,,|,“守如山”招式调息时间减少10秒,|
1757,霜威海岱·渊海,,,,,,霜威海岱·渊海靴,霜威海岱·渊海袖,,霜威海岱·渊海袍,霜威海岱·渊海冠,霜威海岱·渊海带,,全会心等级提高107,crit|107,,|,“镇山河”招式调息时间减少25秒,|
1758,霜威海岱·无崖,,,,,,霜威海岱·无崖靴,霜威海岱·无崖袖,,霜威海岱·无崖袍,霜威海岱·无崖冠,霜威海岱·无崖带,,全会心等级提高107,crit|107,,|,“转乾坤”招式调息时间减少10秒,|
1759,霜威海岱·天泣,,,,,,霜威海岱·天泣履,霜威海岱·天泣袖,,霜威海岱·天泣衫,霜威海岱·天泣帽,霜威海岱·天泣带,,全会心等级提高107,crit|107,,|,“天地低昂”招式调息时间减少7秒,|
1760,霜威海岱·放晓,,,,,,霜威海岱·放晓履,霜威海岱·放晓袖,,霜威海岱·放晓衫,霜威海岱·放晓帽,霜威海岱·放晓带,,全会心等级提高107,crit|107,,|,“天地低昂”招式调息时间减少7秒,|
1761,霜威海岱·晚雾,,,,,,霜威海岱·晚雾履,霜威海岱·晚雾袖,,霜威海岱·晚雾衫,霜威海岱·晚雾帽,霜威海岱·晚雾带,,全会心等级提高107,crit|107,,|,“玄水蛊”招式调息时间减少5秒,|
1762,霜威海岱·九疑,,,,,,霜威海岱·九疑履,霜威海岱·九疑袖,,霜威海岱·九疑衫,霜威海岱·九疑帽,霜威海岱·九疑带,,全会心等级提高107,crit|107,,|,“圣手织天”减伤效果持续时间延长1秒,|
1763,霜威海岱·陈机,,,,,,霜威海岱·陈机靴,霜威海岱·陈机护腕,,霜威海岱·陈机衣,霜威海岱·陈机帽,霜威海岱·陈机束腰,,全会心等级提高107,crit|107,,|,“惊鸿游龙”招式调息时间减少10秒,|
1764,霜威海岱·擎云,,,,,,霜威海岱·擎云靴,霜威海岱·擎云护腕,,霜威海岱·擎云衣,霜威海岱·擎云帽,霜威海岱·擎云束腰,,全会心等级提高107,crit|107,,|,“惊鸿游龙”招式调息时间减少10秒,|
1765,霜威海岱·栖月,,,,,,霜威海岱·栖月靴,霜威海岱·栖月护腕,,霜威海岱·栖月衣,霜威海岱·栖月帽,霜威海岱·栖月束腰,,全会心等级提高107,crit|107,,|,“云栖松”招式调息时间减少8秒,|
1766,霜威海岱·野望,,,,,,霜威海岱·野望屐,霜威海岱·野望缠,,霜威海岱·野望衣,霜威海岱·野望帽,霜威海岱·野望束腰,,全会心等级提高107,crit|107,,|,“笑醉狂”招式调息时间减少6秒,|
1767,霜威海岱·断愁,,,,,,霜威海岱·断愁靴,霜威海岱·断愁护腕,,霜威海岱·断愁衣,霜威海岱·断愁兜帽,霜威海岱·断愁束腰,,全会心等级提高107,crit|107,,|,“贪魔体”招式调息时间减少5秒,|
1768,霜威海岱·望归,,,,,,霜威海岱·望归战靴,霜威海岱·望归臂甲,,霜威海岱·望归战甲,霜威海岱·望归战盔,霜威海岱·望归腰甲,,全会心等级提高107,crit|107,,|,“无惧”调息时间降低2秒,|
1769,霜威海岱·秋明,,,,,,霜威海岱·秋明履,霜威海岱·秋明袖,,霜威海岱·秋明衫,霜威海岱·秋明冠,霜威海岱·秋明带,,全会心等级提高107,crit|107,,|,“清绝影歌”招式调息时间减少15秒,|
1770,霜威海岱·竹书,,,,,,霜威海岱·竹书履,霜威海岱·竹书袖,,霜威海岱·竹书衫,霜威海岱·竹书冠,霜威海岱·竹书带,,全会心等级提高107,crit|107,,|,“杯水留影”招式调息时间减少30秒,|
1771,霜威海岱·惊澜,,,,,,霜威海岱·惊澜靴,霜威海岱·惊澜护臂,,霜威海岱·惊澜衣,霜威海岱·惊澜冠,霜威海岱·惊澜束腰,,全会心等级提高107,crit|107,,|,“散流霞”调息时间降低5秒,|
1772,霜威海岱·唤月,,,,,,霜威海岱·唤月靴,霜威海岱·唤月袖,,霜威海岱·唤月衣,霜威海岱·唤月冠,霜威海岱·唤月带,,全会心等级提高107,crit|107,,|,疾电叱羽调息时间降低10秒,|
1773,煞心焚骨·生灭,,,,,,煞心焚骨·生灭履,煞心焚骨·生灭袖,,煞心焚骨·生灭袈裟,煞心焚骨·生灭冠,煞心焚骨·生灭带,,全会心等级提高107,crit|107,,|,“无相诀”招式调息时间减少6秒,|
1774,煞心焚骨·削玉,,,,,,煞心焚骨·削玉履,煞心焚骨·削玉袖,,煞心焚骨·削玉衣,煞心焚骨·削玉帽,煞心焚骨·削玉带,,全会心等级提高107,crit|107,,|,“春泥护花”招式调息时间减少3秒,|
1775,煞心焚骨·相失,,,,,,煞心焚骨·相失履,煞心焚骨·相失袖,,煞心焚骨·相失衣,煞心焚骨·相失帽,煞心焚骨·相失带,,全会心等级提高107,crit|107,,|,“春泥护花”招式调息时间减少3秒,|
1776,煞心焚骨·旧游,,,,,,煞心焚骨·旧游马靴,煞心焚骨·旧游臂甲,,煞心焚骨·旧游战甲,煞心焚骨·旧游战盔,煞心焚骨·旧游腰甲,,全会心等级提高107,crit|107,,|,“守如山”招式调息时间减少10秒,|
1777,煞心焚骨·照旷,,,,,,煞心焚骨·照旷靴,煞心焚骨·照旷袖,,煞心焚骨·照旷袍,煞心焚骨·照旷冠,煞心焚骨·照旷带,,全会心等级提高107,crit|107,,|,“镇山河”招式调息时间减少25秒,|
1778,煞心焚骨·混溟,,,,,,煞心焚骨·混溟靴,煞心焚骨·混溟袖,,煞心焚骨·混溟袍,煞心焚骨·混溟冠,煞心焚骨·混溟带,,全会心等级提高107,crit|107,,|,“转乾坤”招式调息时间减少10秒,|
1779,煞心焚骨·珠红,,,,,,煞心焚骨·珠红履,煞心焚骨·珠红袖,,煞心焚骨·珠红衫,煞心焚骨·珠红帽,煞心焚骨·珠红带,,全会心等级提高107,crit|107,,|,“天地低昂”招式调息时间减少7秒,|
1780,煞心焚骨·成妆,,,,,,煞心焚骨·成妆履,煞心焚骨·成妆袖,,煞心焚骨·成妆衫,煞心焚骨·成妆帽,煞心焚骨·成妆带,,全会心等级提高107,crit|107,,|,“天地低昂”招式调息时间减少7秒,|
1781,煞心焚骨·迷水,,,,,,煞心焚骨·迷水履,煞心焚骨·迷水袖,,煞心焚骨·迷水衫,煞心焚骨·迷水帽,煞心焚骨·迷水带,,全会心等级提高107,crit|107,,|,“玄水蛊”招式调息时间减少5秒,|
1782,煞心焚骨·索居,,,,,,煞心焚骨·索居履,煞心焚骨·索居袖,,煞心焚骨·索居衫,煞心焚骨·索居帽,煞心焚骨·索居带,,全会心等级提高107,crit|107,,|,“圣手织天”减伤效果持续时间延长1秒,|
1783,煞心焚骨·幽影,,,,,,煞心焚骨·幽影靴,煞心焚骨·幽影护腕,,煞心焚骨·幽影衣,煞心焚骨·幽影帽,煞心焚骨·幽影束腰,,全会心等级提高107,crit|107,,|,“惊鸿游龙”招式调息时间减少10秒,|
1784,煞心焚骨·弃命,,,,,,煞心焚骨·弃命靴,煞心焚骨·弃命护腕,,煞心焚骨·弃命衣,煞心焚骨·弃命帽,煞心焚骨·弃命束腰,,全会心等级提高107,crit|107,,|,“惊鸿游龙”招式调息时间减少10秒,|
1785,煞心焚骨·问冢,,,,,,煞心焚骨·问冢靴,煞心焚骨·问冢护腕,,煞心焚骨·问冢衣,煞心焚骨·问冢帽,煞心焚骨·问冢束腰,,全会心等级提高107,crit|107,,|,“云栖松”招式调息时间减少8秒,|
1786,煞心焚骨·屠龙,,,,,,煞心焚骨·屠龙屐,煞心焚骨·屠龙缠,,煞心焚骨·屠龙衣,煞心焚骨·屠龙帽,煞心焚骨·屠龙束腰,,全会心等级提高107,crit|107,,|,“笑醉狂”招式调息时间减少6秒,|
1787,煞心焚骨·羌声,,,,,,煞心焚骨·羌声靴,煞心焚骨·羌声护腕,,煞心焚骨·羌声衣,煞心焚骨·羌声兜帽,煞心焚骨·羌声束腰,,全会心等级提高107,crit|107,,|,“贪魔体”招式调息时间减少5秒,|
1788,煞心焚骨·温酒,,,,,,煞心焚骨·温酒战靴,煞心焚骨·温酒臂甲,,煞心焚骨·温酒战甲,煞心焚骨·温酒战盔,煞心焚骨·温酒腰甲,,全会心等级提高107,crit|107,,|,“无惧”调息时间降低2秒,|
1789,煞心焚骨·苌弘,,,,,,煞心焚骨·苌弘履,煞心焚骨·苌弘袖,,煞心焚骨·苌弘衫,煞心焚骨·苌弘冠,煞心焚骨·苌弘带,,全会心等级提高107,crit|107,,|,“清绝影歌”招式调息时间减少15秒,|
1790,煞心焚骨·幽涧,,,,,,煞心焚骨·幽涧履,煞心焚骨·幽涧袖,,煞心焚骨·幽涧衫,煞心焚骨·幽涧冠,煞心焚骨·幽涧带,,全会心等级提高107,crit|107,,|,“杯水留影”招式调息时间减少30秒,|
1791,煞心焚骨·纵歌,,,,,,煞心焚骨·纵歌靴,煞心焚骨·纵歌护臂,,煞心焚骨·纵歌衣,煞心焚骨·纵歌冠,煞心焚骨·纵歌束腰,,全会心等级提高107,crit|107,,|,“散流霞”调息时间降低5秒,|
1792,煞心焚骨·广寒,,,,,,煞心焚骨·广寒靴,煞心焚骨·广寒袖,,煞心焚骨·广寒衣,煞心焚骨·广寒冠,煞心焚骨·广寒带,,全会心等级提高107,crit|107,,|,疾电叱羽调息时间降低10秒,|
1793,傲骨寒芒·空尘,,,,,,傲骨寒芒·空尘靴,傲骨寒芒·空尘护手,,傲骨寒芒·空尘衣,傲骨寒芒·空尘冠,傲骨寒芒·空尘腰带,,内功破防等级提高107,overcome|107,,|,“捉影式”招式调息时间减少3秒,|
1794,傲骨寒芒·溪绘,,,,,,傲骨寒芒·溪绘靴,傲骨寒芒·溪绘护手,,傲骨寒芒·溪绘衣,傲骨寒芒·溪绘冠,傲骨寒芒·溪绘腰带,,内功破防等级提高107,overcome|107,,|,“水月无间”招式调息时间减少6秒,|
1795,傲骨寒芒·流素,,,,,,傲骨寒芒·流素靴,傲骨寒芒·流素护手,,傲骨寒芒·流素衣,傲骨寒芒·流素冠,傲骨寒芒·流素腰带,,加速等级提高107,acce|107,,|,“水月无间”招式调息时间减少6秒,|
1796,傲骨寒芒·破云,,,,,,傲骨寒芒·破云靴,傲骨寒芒·破云护手,,傲骨寒芒·破云衣,傲骨寒芒·破云冠,傲骨寒芒·破云腰带,,外功破防等级提高107,overcome|107,,|,“突”招式调息时间减少3秒,|
1797,傲骨寒芒·映松,,,,,,傲骨寒芒·映松靴,傲骨寒芒·映松护手,,傲骨寒芒·映松衣,傲骨寒芒·映松冠,傲骨寒芒·映松腰带,,内功破防等级提高107,overcome|107,,|,“生太极”招式调息时间减少1秒,|
1798,傲骨寒芒·凌锋,,,,,,傲骨寒芒·凌锋靴,傲骨寒芒·凌锋护手,,傲骨寒芒·凌锋衣,傲骨寒芒·凌锋冠,傲骨寒芒·凌锋腰带,,外功破防等级提高107,overcome|107,,|,“人剑合一”招式调息时间减少1秒,|
1799,傲骨寒芒·落舞,,,,,,傲骨寒芒·落舞靴,傲骨寒芒·落舞护手,,傲骨寒芒·落舞衣,傲骨寒芒·落舞冠,傲骨寒芒·落舞腰带,,内功破防等级提高107,overcome|107,,|,“帝骖龙翔”招式调息时间减少2秒,|
1800,傲骨寒芒·浅韶,,,,,,傲骨寒芒·浅韶靴,傲骨寒芒·浅韶护手,,傲骨寒芒·浅韶衣,傲骨寒芒·浅韶冠,傲骨寒芒·浅韶腰带,,加速等级提高107,acce|107,,|,“繁音急节”招式调息时间减少10秒,|
1801,傲骨寒芒·碎云,,,,,,傲骨寒芒·碎云靴,傲骨寒芒·碎云护手,,傲骨寒芒·碎云衣,傲骨寒芒·碎云冠,傲骨寒芒·碎云腰带,,内功破防等级提高107,overcome|107,,|,“蛊虫献祭”招式调息时间减少3秒,|
1802,傲骨寒芒·迷颜,,,,,,傲骨寒芒·迷颜靴,傲骨寒芒·迷颜护手,,傲骨寒芒·迷颜衣,傲骨寒芒·迷颜冠,傲骨寒芒·迷颜腰带,,加速等级提高107,acce|107,,|,“蛊虫献祭”招式调息时间减少3秒,|
1803,傲骨寒芒·风魄,,,,,,傲骨寒芒·风魄靴,傲骨寒芒·风魄护手,,傲骨寒芒·风魄衣,傲骨寒芒·风魄冠,傲骨寒芒·风魄腰带,,内功破防等级提高107,overcome|107,,|,“雷震子”招式调息时间减少5秒,|
1804,傲骨寒芒·竹寂,,,,,,傲骨寒芒·竹寂靴,傲骨寒芒·竹寂护手,,傲骨寒芒·竹寂衣,傲骨寒芒·竹寂冠,傲骨寒芒·竹寂腰带,,外功破防等级提高107,overcome|107,,|,“雷震子”招式调息时间减少5秒,|
1805,傲骨寒芒·江风,,,,,,傲骨寒芒·江风靴,傲骨寒芒·江风护手,,傲骨寒芒·江风衣,傲骨寒芒·江风冠,傲骨寒芒·江风腰带,,外功破防等级提高107,overcome|107,,|,“醉月”招式调息时间减少1秒,|
1806,傲骨寒芒·舟河,,,,,,傲骨寒芒·舟河靴,傲骨寒芒·舟河护手,,傲骨寒芒·舟河衣,傲骨寒芒·舟河冠,傲骨寒芒·舟河腰带,,外功破防等级提高107,overcome|107,,|,“乘龙戏水”招式调息时间减少2秒,|
1807,傲骨寒芒·漠辰,,,,,,傲骨寒芒·漠辰靴,傲骨寒芒·漠辰护手,,傲骨寒芒·漠辰衣,傲骨寒芒·漠辰冠,傲骨寒芒·漠辰腰带,,内功破防等级提高107,overcome|107,,|,“怖畏暗刑”招式调息时间减少4秒,|
1808,傲骨寒芒·霜魂,,,,,,傲骨寒芒·霜魂靴,傲骨寒芒·霜魂护手,,傲骨寒芒·霜魂衣,傲骨寒芒·霜魂冠,傲骨寒芒·霜魂腰带,,外功破防等级提高107,overcome|107,,|,“血怒”充能时间降低3秒,|
1809,傲骨寒芒·棠落,,,,,,傲骨寒芒·棠落靴,傲骨寒芒·棠落护手,,傲骨寒芒·棠落衣,傲骨寒芒·棠落冠,傲骨寒芒·棠落腰带,,内功破防等级提高107,overcome|107,,|,“孤影化双”招式调息时间减少30秒,|
1810,傲骨寒芒·镜弦,,,,,,傲骨寒芒·镜弦靴,傲骨寒芒·镜弦护手,,傲骨寒芒·镜弦衣,傲骨寒芒·镜弦冠,傲骨寒芒·镜弦腰带,,加速等级提高107,acce|107,,|,“孤影化双”招式调息时间减少30秒,|
1811,傲骨寒芒·载嵘,,,,,,傲骨寒芒·载嵘靴,傲骨寒芒·载嵘护手,,傲骨寒芒·载嵘衣,傲骨寒芒·载嵘冠,傲骨寒芒·载嵘腰带,,外功破防等级提高107,overcome|107,,|,“楚河汉界”调息时间降低5秒,|
1812,傲骨寒芒·沧渺,,,,,,傲骨寒芒·沧渺靴,傲骨寒芒·沧渺护手,,傲骨寒芒·沧渺衣,傲骨寒芒·沧渺冠,傲骨寒芒·沧渺腰带,,外功破防等级提高107,overcome|107,,|,浮游天地调息时间降低2秒,|
1813,鲸波荡世·非相,,,,,,鲸波荡世·非相履,鲸波荡世·非相袖,,鲸波荡世·非相袈裟,鲸波荡世·非相冠,鲸波荡世·非相带,,全会心等级提高117,crit|117,,|,“无相诀”招式调息时间减少6秒,|
1814,鲸波荡世·飘风,,,,,,鲸波荡世·飘风履,鲸波荡世·飘风袖,,鲸波荡世·飘风衣,鲸波荡世·飘风帽,鲸波荡世·飘风带,,全会心等级提高117,crit|117,,|,“春泥护花”招式调息时间减少3秒,|
1815,鲸波荡世·古调,,,,,,鲸波荡世·古调履,鲸波荡世·古调袖,,鲸波荡世·古调衣,鲸波荡世·古调帽,鲸波荡世·古调带,,全会心等级提高117,crit|117,,|,“春泥护花”招式调息时间减少3秒,|
1816,鲸波荡世·寒月,,,,,,鲸波荡世·寒月马靴,鲸波荡世·寒月臂甲,,鲸波荡世·寒月战甲,鲸波荡世·寒月战盔,鲸波荡世·寒月腰甲,,全会心等级提高117,crit|117,,|,“守如山”招式调息时间减少10秒,|
1817,鲸波荡世·知梦,,,,,,鲸波荡世·知梦靴,鲸波荡世·知梦袖,,鲸波荡世·知梦袍,鲸波荡世·知梦冠,鲸波荡世·知梦带,,全会心等级提高117,crit|117,,|,“镇山河”招式调息时间减少25秒,|
1818,鲸波荡世·忘年,,,,,,鲸波荡世·忘年靴,鲸波荡世·忘年袖,,鲸波荡世·忘年袍,鲸波荡世·忘年冠,鲸波荡世·忘年带,,全会心等级提高117,crit|117,,|,“转乾坤”招式调息时间减少10秒,|
1819,鲸波荡世·钗燕,,,,,,鲸波荡世·钗燕履,鲸波荡世·钗燕袖,,鲸波荡世·钗燕衫,鲸波荡世·钗燕帽,鲸波荡世·钗燕带,,全会心等级提高117,crit|117,,|,“天地低昂”招式调息时间减少7秒,|
1820,鲸波荡世·拾兰,,,,,,鲸波荡世·拾兰履,鲸波荡世·拾兰袖,,鲸波荡世·拾兰衫,鲸波荡世·拾兰帽,鲸波荡世·拾兰带,,全会心等级提高117,crit|117,,|,“天地低昂”招式调息时间减少7秒,|
1821,鲸波荡世·巫曲,,,,,,鲸波荡世·巫曲履,鲸波荡世·巫曲袖,,鲸波荡世·巫曲衫,鲸波荡世·巫曲帽,鲸波荡世·巫曲带,,全会心等级提高117,crit|117,,|,“玄水蛊”招式调息时间减少5秒,|
1822,鲸波荡世·云隐,,,,,,鲸波荡世·云隐履,鲸波荡世·云隐袖,,鲸波荡世·云隐衫,鲸波荡世·云隐冠,鲸波荡世·云隐带,,全会心等级提高117,crit|117,,|,“圣手织天”减伤效果持续时间延长1秒,|
1823,鲸波荡世·夜行,,,,,,鲸波荡世·夜行靴,鲸波荡世·夜行护腕,,鲸波荡世·夜行衣,鲸波荡世·夜行帽,鲸波荡世·夜行束腰,,全会心等级提高117,crit|117,,|,“惊鸿游龙”招式调息时间减少10秒,|
1824,鲸波荡世·孤匣,,,,,,鲸波荡世·孤匣靴,鲸波荡世·孤匣护腕,,鲸波荡世·孤匣衣,鲸波荡世·孤匣帽,鲸波荡世·孤匣束腰,,全会心等级提高117,crit|117,,|,“惊鸿游龙”招式调息时间减少10秒,|
1825,鲸波荡世·贯虹,,,,,,鲸波荡世·贯虹靴,鲸波荡世·贯虹护腕,,鲸波荡世·贯虹衣,鲸波荡世·贯虹帽,鲸波荡世·贯虹束腰,,全会心等级提高117,crit|117,,|,“云栖松”招式调息时间减少8秒,|
1826,鲸波荡世·赤胆,,,,,,鲸波荡世·赤胆屐,鲸波荡世·赤胆缠,,鲸波荡世·赤胆衣,鲸波荡世·赤胆帽,鲸波荡世·赤胆束腰,,全会心等级提高117,crit|117,,|,“笑醉狂”招式调息时间减少6秒,|
1827,鲸波荡世·聆夜,,,,,,鲸波荡世·聆夜靴,鲸波荡世·聆夜护腕,,鲸波荡世·聆夜衣,鲸波荡世·聆夜兜帽,鲸波荡世·聆夜束腰,,全会心等级提高117,crit|117,,|,“贪魔体”招式调息时间减少5秒,|
1828,鲸波荡世·烽尘,,,,,,鲸波荡世·烽尘战靴,鲸波荡世·烽尘臂甲,,鲸波荡世·烽尘战甲,鲸波荡世·烽尘战盔,鲸波荡世·烽尘腰甲,,全会心等级提高117,crit|117,,|,“无惧”调息时间降低2秒,|
1829,鲸波荡世·箭书,,,,,,鲸波荡世·箭书履,鲸波荡世·箭书袖,,鲸波荡世·箭书衫,鲸波荡世·箭书冠,鲸波荡世·箭书带,,全会心等级提高117,crit|117,,|,“清绝影歌”招式调息时间减少15秒,|
1830,鲸波荡世·砌玉,,,,,,鲸波荡世·砌玉履,鲸波荡世·砌玉袖,,鲸波荡世·砌玉衫,鲸波荡世·砌玉冠,鲸波荡世·砌玉带,,全会心等级提高117,crit|117,,|,“杯水留影”招式调息时间减少30秒,|
1831,鲸波荡世·寒流,,,,,,鲸波荡世·寒流靴,鲸波荡世·寒流护臂,,鲸波荡世·寒流衣,鲸波荡世·寒流冠,鲸波荡世·寒流束腰,,全会心等级提高117,crit|117,,|,“散流霞”调息时间降低5秒,|
1832,鲸波荡世·烟泓,,,,,,鲸波荡世·烟泓靴,鲸波荡世·烟泓袖,,鲸波荡世·烟泓衣,鲸波荡世·烟泓冠,鲸波荡世·烟泓带,,全会心等级提高117,crit|117,,|,疾电叱羽调息时间降低10秒,|
1833,醉解敌颅·法身,,,,,,醉解敌颅·法身履,醉解敌颅·法身袖,,醉解敌颅·法身袈裟,醉解敌颅·法身冠,醉解敌颅·法身带,,全会心等级提高117,crit|117,,|,“无相诀”招式调息时间减少6秒,|
1834,醉解敌颅·闲主,,,,,,醉解敌颅·闲主履,醉解敌颅·闲主袖,,醉解敌颅·闲主衣,醉解敌颅·闲主帽,醉解敌颅·闲主带,,全会心等级提高117,crit|117,,|,“春泥护花”招式调息时间减少3秒,|
1835,醉解敌颅·摇影,,,,,,醉解敌颅·摇影履,醉解敌颅·摇影袖,,醉解敌颅·摇影衣,醉解敌颅·摇影帽,醉解敌颅·摇影带,,全会心等级提高117,crit|117,,|,“春泥护花”招式调息时间减少3秒,|
1836,醉解敌颅·夜杀,,,,,,醉解敌颅·夜杀马靴,醉解敌颅·夜杀臂甲,,醉解敌颅·夜杀战甲,醉解敌颅·夜杀战盔,醉解敌颅·夜杀腰甲,,全会心等级提高117,crit|117,,|,“守如山”招式调息时间减少10秒,|
1837,醉解敌颅·常觉,,,,,,醉解敌颅·常觉靴,醉解敌颅·常觉袖,,醉解敌颅·常觉袍,醉解敌颅·常觉冠,醉解敌颅·常觉带,,全会心等级提高117,crit|117,,|,“镇山河”招式调息时间减少25秒,|
1838,醉解敌颅·见妄,,,,,,醉解敌颅·见妄靴,醉解敌颅·见妄袖,,醉解敌颅·见妄袍,醉解敌颅·见妄冠,醉解敌颅·见妄带,,全会心等级提高117,crit|117,,|,“转乾坤”招式调息时间减少10秒,|
1839,醉解敌颅·若耶,,,,,,醉解敌颅·若耶履,醉解敌颅·若耶袖,,醉解敌颅·若耶衫,醉解敌颅·若耶帽,醉解敌颅·若耶带,,全会心等级提高117,crit|117,,|,“天地低昂”招式调息时间减少7秒,|
1840,醉解敌颅·螺红,,,,,,醉解敌颅·螺红履,醉解敌颅·螺红袖,,醉解敌颅·螺红衫,醉解敌颅·螺红帽,醉解敌颅·螺红带,,全会心等级提高117,crit|117,,|,“天地低昂”招式调息时间减少7秒,|
1841,醉解敌颅·蛮溪,,,,,,醉解敌颅·蛮溪履,醉解敌颅·蛮溪袖,,醉解敌颅·蛮溪衫,醉解敌颅·蛮溪帽,醉解敌颅·蛮溪带,,全会心等级提高117,crit|117,,|,“玄水蛊”招式调息时间减少5秒,|
1842,醉解敌颅·闲游,,,,,,醉解敌颅·闲游履,醉解敌颅·闲游袖,,醉解敌颅·闲游衫,醉解敌颅·闲游冠,醉解敌颅·闲游带,,全会心等级提高117,crit|117,,|,“圣手织天”减伤效果持续时间延长1秒,|
1843,醉解敌颅·笑天,,,,,,醉解敌颅·笑天靴,醉解敌颅·笑天护腕,,醉解敌颅·笑天衣,醉解敌颅·笑天帽,醉解敌颅·笑天束腰,,全会心等级提高117,crit|117,,|,“惊鸿游龙”招式调息时间减少10秒,|
1844,醉解敌颅·阎罗,,,,,,醉解敌颅·阎罗靴,醉解敌颅·阎罗护腕,,醉解敌颅·阎罗衣,醉解敌颅·阎罗帽,醉解敌颅·阎罗束腰,,全会心等级提高117,crit|117,,|,“惊鸿游龙”招式调息时间减少10秒,|
1845,醉解敌颅·照影,,,,,,醉解敌颅·照影靴,醉解敌颅·照影护腕,,醉解敌颅·照影衣,醉解敌颅·照影帽,醉解敌颅·照影束腰,,全会心等级提高117,crit|117,,|,“云栖松”招式调息时间减少8秒,|
1846,醉解敌颅·酩酊,,,,,,醉解敌颅·酩酊屐,醉解敌颅·酩酊缠,,醉解敌颅·酩酊衣,醉解敌颅·酩酊帽,醉解敌颅·酩酊束腰,,全会心等级提高117,crit|117,,|,“笑醉狂”招式调息时间减少6秒,|
1847,醉解敌颅·渡魔,,,,,,醉解敌颅·渡魔靴,醉解敌颅·渡魔护腕,,醉解敌颅·渡魔衣,醉解敌颅·渡魔兜帽,醉解敌颅·渡魔束腰,,全会心等级提高117,crit|117,,|,“贪魔体”招式调息时间减少5秒,|
1848,醉解敌颅·历浊,,,,,,醉解敌颅·历浊战靴,醉解敌颅·历浊臂甲,,醉解敌颅·历浊战甲,醉解敌颅·历浊战盔,醉解敌颅·历浊腰甲,,全会心等级提高117,crit|117,,|,“无惧”调息时间降低2秒,|
1849,醉解敌颅·澹荡,,,,,,醉解敌颅·澹荡履,醉解敌颅·澹荡袖,,醉解敌颅·澹荡衫,醉解敌颅·澹荡冠,醉解敌颅·澹荡带,,全会心等级提高117,crit|117,,|,“清绝影歌”招式调息时间减少15秒,|
1850,醉解敌颅·悲风,,,,,,醉解敌颅·悲风履,醉解敌颅·悲风袖,,醉解敌颅·悲风衫,醉解敌颅·悲风冠,醉解敌颅·悲风带,,全会心等级提高117,crit|117,,|,“杯水留影”招式调息时间减少30秒,|
1851,醉解敌颅·霜行,,,,,,醉解敌颅·霜行靴,醉解敌颅·霜行护臂,,醉解敌颅·霜行衣,醉解敌颅·霜行冠,醉解敌颅·霜行束腰,,全会心等级提高117,crit|117,,|,“散流霞”调息时间降低5秒,|
1852,醉解敌颅·卷河,,,,,,醉解敌颅·卷河靴,醉解敌颅·卷河袖,,醉解敌颅·卷河衣,醉解敌颅·卷河冠,醉解敌颅·卷河带,,全会心等级提高117,crit|117,,|,疾电叱羽调息时间降低10秒,|
1853,沧海狂澜·音尘,,,,,,沧海狂澜·音尘靴,沧海狂澜·音尘护手,,沧海狂澜·音尘衣,沧海狂澜·音尘帽,沧海狂澜·音尘腰带,,内功破防等级提高117,overcome|117,,|,“捉影式”招式调息时间减少3秒,|
1854,沧海狂澜·云桐,,,,,,沧海狂澜·云桐靴,沧海狂澜·云桐护手,,沧海狂澜·云桐衣,沧海狂澜·云桐帽,沧海狂澜·云桐腰带,,内功破防等级提高117,overcome|117,,|,“水月无间”招式调息时间减少6秒,|
1855,沧海狂澜·寂松,,,,,,沧海狂澜·寂松靴,沧海狂澜·寂松护手,,沧海狂澜·寂松衣,沧海狂澜·寂松帽,沧海狂澜·寂松腰带,,加速等级提高117,acce|117,,|,“水月无间”招式调息时间减少6秒,|
1856,沧海狂澜·烽秋,,,,,,沧海狂澜·烽秋靴,沧海狂澜·烽秋护手,,沧海狂澜·烽秋衣,沧海狂澜·烽秋帽,沧海狂澜·烽秋腰带,,外功破防等级提高117,overcome|117,,|,“突”招式调息时间减少3秒,|
1857,沧海狂澜·皓雪,,,,,,沧海狂澜·皓雪靴,沧海狂澜·皓雪护手,,沧海狂澜·皓雪衣,沧海狂澜·皓雪帽,沧海狂澜·皓雪腰带,,内功破防等级提高117,overcome|117,,|,“生太极”招式调息时间减少1秒,|
1858,沧海狂澜·傲风,,,,,,沧海狂澜·傲风靴,沧海狂澜·傲风护手,,沧海狂澜·傲风衣,沧海狂澜·傲风帽,沧海狂澜·傲风腰带,,外功破防等级提高117,overcome|117,,|,“人剑合一”招式调息时间减少1秒,|
1859,沧海狂澜·落烟,,,,,,沧海狂澜·落烟靴,沧海狂澜·落烟护手,,沧海狂澜·落烟衣,沧海狂澜·落烟帽,沧海狂澜·落烟腰带,,内功破防等级提高117,overcome|117,,|,“帝骖龙翔”招式调息时间减少2秒,|
1860,沧海狂澜·絮烛,,,,,,沧海狂澜·絮烛靴,沧海狂澜·絮烛护手,,沧海狂澜·絮烛衣,沧海狂澜·絮烛帽,沧海狂澜·絮烛腰带,,加速等级提高117,acce|117,,|,“繁音急节”招式调息时间减少10秒,|
1861,沧海狂澜·惑梦,,,,,,沧海狂澜·惑梦靴,沧海狂澜·惑梦护手,,沧海狂澜·惑梦衣,沧海狂澜·惑梦帽,沧海狂澜·惑梦腰带,,内功破防等级提高117,overcome|117,,|,“蛊虫献祭”招式调息时间减少3秒,|
1862,沧海狂澜·蝶仙,,,,,,沧海狂澜·蝶仙靴,沧海狂澜·蝶仙护手,,沧海狂澜·蝶仙衣,沧海狂澜·蝶仙帽,沧海狂澜·蝶仙腰带,,加速等级提高117,acce|117,,|,“蛊虫献祭”招式调息时间减少3秒,|
1863,沧海狂澜·影幽,,,,,,沧海狂澜·影幽靴,沧海狂澜·影幽护手,,沧海狂澜·影幽衣,沧海狂澜·影幽帽,沧海狂澜·影幽腰带,,内功破防等级提高117,overcome|117,,|,“雷震子”招式调息时间减少5秒,|
1864,沧海狂澜·苍星,,,,,,沧海狂澜·苍星靴,沧海狂澜·苍星护手,,沧海狂澜·苍星衣,沧海狂澜·苍星帽,沧海狂澜·苍星腰带,,外功破防等级提高117,overcome|117,,|,“雷震子”招式调息时间减少5秒,|
1865,沧海狂澜·藏心,,,,,,沧海狂澜·藏心靴,沧海狂澜·藏心护手,,沧海狂澜·藏心衣,沧海狂澜·藏心帽,沧海狂澜·藏心腰带,,外功破防等级提高117,overcome|117,,|,“醉月”招式调息时间减少1秒,|
1866,沧海狂澜·芦庭,,,,,,沧海狂澜·芦庭靴,沧海狂澜·芦庭护手,,沧海狂澜·芦庭衣,沧海狂澜·芦庭帽,沧海狂澜·芦庭腰带,,外功破防等级提高117,overcome|117,,|,“乘龙戏水”招式调息时间减少2秒,|
1867,沧海狂澜·烈刃,,,,,,沧海狂澜·烈刃靴,沧海狂澜·烈刃护手,,沧海狂澜·烈刃衣,沧海狂澜·烈刃帽,沧海狂澜·烈刃腰带,,内功破防等级提高117,overcome|117,,|,“怖畏暗刑”招式调息时间减少4秒,|
1868,沧海狂澜·征承,,,,,,沧海狂澜·征承靴,沧海狂澜·征承护手,,沧海狂澜·征承衣,沧海狂澜·征承帽,沧海狂澜·征承腰带,,外功破防等级提高117,overcome|117,,|,“血怒”充能时间降低3秒,|
1869,沧海狂澜·寄南,,,,,,沧海狂澜·寄南靴,沧海狂澜·寄南护手,,沧海狂澜·寄南衣,沧海狂澜·寄南帽,沧海狂澜·寄南腰带,,内功破防等级提高117,overcome|117,,|,“孤影化双”招式调息时间减少30秒,|
1870,沧海狂澜·梨音,,,,,,沧海狂澜·梨音靴,沧海狂澜·梨音护手,,沧海狂澜·梨音衣,沧海狂澜·梨音帽,沧海狂澜·梨音腰带,,加速等级提高117,acce|117,,|,“孤影化双”招式调息时间减少30秒,|
1871,沧海狂澜·酌锋,,,,,,沧海狂澜·酌锋靴,沧海狂澜·酌锋护手,,沧海狂澜·酌锋衣,沧海狂澜·酌锋帽,沧海狂澜·酌锋腰带,,外功破防等级提高117,overcome|117,,|,“楚河汉界”调息时间降低5秒,|
1872,沧海狂澜·闲舟,,,,,,沧海狂澜·闲舟靴,沧海狂澜·闲舟护手,,沧海狂澜·闲舟衣,沧海狂澜·闲舟帽,沧海狂澜·闲舟腰带,,外功破防等级提高117,overcome|117,,|,浮游天地调息时间降低2秒,|
1873,文王·两乡,,,,,,文王·两乡靴,文王·两乡护臂,,文王·两乡衫,文王·两乡冠,文王·两乡腰甲,,施展外功伤害招式，一定几率提高自身外功基础攻击力10%，持续6秒。,|,,|,"“木落雁归”伤害提高10%, “翼绝云天”伤害提高10%",|
1874,雪河·乱心,,,,,,雪河·乱心轻靴,雪河·乱心护手,,雪河·乱心衫,雪河·乱心帽,雪河·乱心腰带,,"“木落雁归”伤害提高10%, “翼绝云天”伤害提高10%",|,,|,施展外功伤害招式，一定几率提高自身外功基础攻击力10%，持续6秒。,|
1875,燕云·取醉,,,,,,燕云·取醉靴,燕云·取醉护臂,,燕云·取醉衣,燕云·取醉冠,燕云·取醉护腰,,施展外功伤害招式，一定几率提高自身外功基础攻击力10%，持续6秒。,|,,|,"“木落雁归”伤害提高10%, “翼绝云天”伤害提高10%",|
1876,驰冥·清悄,,,,,,驰冥·清悄靴,驰冥·清悄袖,,驰冥·清悄衣,驰冥·清悄帽,驰冥·清悄腰带,,"“木落雁归”伤害提高10%, “翼绝云天”伤害提高10%",|,,|,施展外功伤害招式，一定几率提高自身外功基础攻击力10%，持续6秒。,|
1877,未烬·春离,,,,,,未烬·春离靴,未烬·春离袖,,未烬·春离袍,未烬·春离帽,未烬·春离带,,施展外功伤害招式，一定几率提高自身外功基础攻击力10%，持续6秒。,|,,|,"“木落雁归”伤害提高10%, “翼绝云天”伤害提高10%",|
1878,万里长风·未料,,,,,,万里长风·未料靴,万里长风·未料护腕,,万里长风·未料衣,万里长风·未料冠,万里长风·未料束腰,,全会心等级提高75,crit|75,,|,疾电叱羽调息时间降低10秒,|
1879,剑鸣八荒·解作,,,,,,剑鸣八荒·解作靴,剑鸣八荒·解作护手,,剑鸣八荒·解作衣,剑鸣八荒·解作冠,剑鸣八荒·解作束腰,,全会心等级提高75,crit|75,,|,疾电叱羽调息时间降低10秒,|
1880,霜威海岱·瞻檐,霜威海岱·瞻檐链,霜威海岱·瞻檐坠,霜威海岱·瞻檐戒,霜威海岱·瞻檐戒,,,,,,,,,御劲等级提高67,toughness|67,化劲等级提高67,huajing|67,,|
1881,霜威海岱·山君,霜威海岱·山君链,霜威海岱·山君坠,霜威海岱·山君戒,霜威海岱·山君戒,,,,,,,,,御劲等级提高67,toughness|67,化劲等级提高67,huajing|67,,|
1882,霜威海岱·伶仃,霜威海岱·伶仃链,霜威海岱·伶仃坠,霜威海岱·伶仃戒,霜威海岱·伶仃戒,,,,,,,,,御劲等级提高67,toughness|67,化劲等级提高67,huajing|67,,|
1883,霜威海岱·嫖姚,霜威海岱·嫖姚链,霜威海岱·嫖姚坠,霜威海岱·嫖姚戒,霜威海岱·嫖姚戒,,,,,,,,,御劲等级提高67,toughness|67,化劲等级提高67,huajing|67,,|
1884,霜威海岱·渊海,霜威海岱·渊海链,霜威海岱·渊海坠,霜威海岱·渊海戒,霜威海岱·渊海戒,,,,,,,,,御劲等级提高67,toughness|67,化劲等级提高67,huajing|67,,|
1885,霜威海岱·无崖,霜威海岱·无崖链,霜威海岱·无崖坠,霜威海岱·无崖戒,霜威海岱·无崖戒,,,,,,,,,御劲等级提高67,toughness|67,化劲等级提高67,huajing|67,,|
1886,霜威海岱·天泣,霜威海岱·天泣链,霜威海岱·天泣坠,霜威海岱·天泣戒,霜威海岱·天泣戒,,,,,,,,,御劲等级提高67,toughness|67,化劲等级提高67,huajing|67,,|
1887,霜威海岱·放晓,霜威海岱·放晓链,霜威海岱·放晓坠,霜威海岱·放晓戒,霜威海岱·放晓戒,,,,,,,,,御劲等级提高67,toughness|67,化劲等级提高67,huajing|67,,|
1888,霜威海岱·晚雾,霜威海岱·晚雾链,霜威海岱·晚雾坠,霜威海岱·晚雾戒,霜威海岱·晚雾戒,,,,,,,,,御劲等级提高67,toughness|67,化劲等级提高67,huajing|67,,|
1889,霜威海岱·九疑,霜威海岱·九疑链,霜威海岱·九疑坠,霜威海岱·九疑戒,霜威海岱·九疑戒,,,,,,,,,御劲等级提高67,toughness|67,化劲等级提高67,huajing|67,,|
1890,霜威海岱·陈机,霜威海岱·陈机链,霜威海岱·陈机坠,霜威海岱·陈机戒,霜威海岱·陈机戒,,,,,,,,,御劲等级提高67,toughness|67,化劲等级提高67,huajing|67,,|
1891,霜威海岱·擎云,霜威海岱·擎云链,霜威海岱·擎云坠,霜威海岱·擎云戒,霜威海岱·擎云戒,,,,,,,,,御劲等级提高67,toughness|67,化劲等级提高67,huajing|67,,|
1892,霜威海岱·栖月,霜威海岱·栖月链,霜威海岱·栖月坠,霜威海岱·栖月戒,霜威海岱·栖月戒,,,,,,,,,御劲等级提高67,toughness|67,化劲等级提高67,huajing|67,,|
1893,霜威海岱·野望,霜威海岱·野望链,霜威海岱·野望坠,霜威海岱·野望戒,霜威海岱·野望戒,,,,,,,,,御劲等级提高67,toughness|67,化劲等级提高67,huajing|67,,|
1894,霜威海岱·断愁,霜威海岱·断愁链,霜威海岱·断愁坠,霜威海岱·断愁戒,霜威海岱·断愁戒,,,,,,,,,御劲等级提高67,toughness|67,化劲等级提高67,huajing|67,,|
1895,霜威海岱·望归,霜威海岱·望归链,霜威海岱·望归坠,霜威海岱·望归戒,霜威海岱·望归戒,,,,,,,,,御劲等级提高67,toughness|67,化劲等级提高67,huajing|67,,|
1896,霜威海岱·秋明,霜威海岱·秋明链,霜威海岱·秋明坠,霜威海岱·秋明戒,霜威海岱·秋明戒,,,,,,,,,御劲等级提高67,toughness|67,化劲等级提高67,huajing|67,,|
1897,霜威海岱·竹书,霜威海岱·竹书链,霜威海岱·竹书坠,霜威海岱·竹书戒,霜威海岱·竹书戒,,,,,,,,,御劲等级提高67,toughness|67,化劲等级提高67,huajing|67,,|
1898,霜威海岱·惊澜,霜威海岱·惊澜链,霜威海岱·惊澜坠,霜威海岱·惊澜戒,霜威海岱·惊澜戒,,,,,,,,,御劲等级提高67,toughness|67,化劲等级提高67,huajing|67,,|
1899,霜威海岱·唤月,霜威海岱·唤月链,霜威海岱·唤月坠,霜威海岱·唤月戒,霜威海岱·唤月戒,,,,,,,,,御劲等级提高67,toughness|67,化劲等级提高67,huajing|67,,|
1900,煞心焚骨·生灭,煞心焚骨·生灭链,煞心焚骨·生灭坠,煞心焚骨·生灭戒,煞心焚骨·生灭戒,,,,,,,,,御劲等级提高67,toughness|67,化劲等级提高67,huajing|67,,|
1901,煞心焚骨·削玉,煞心焚骨·削玉链,煞心焚骨·削玉坠,煞心焚骨·削玉戒,煞心焚骨·削玉戒,,,,,,,,,御劲等级提高67,toughness|67,化劲等级提高67,huajing|67,,|
1902,煞心焚骨·相失,煞心焚骨·相失链,煞心焚骨·相失坠,煞心焚骨·相失戒,煞心焚骨·相失戒,,,,,,,,,御劲等级提高67,toughness|67,化劲等级提高67,huajing|67,,|
1903,煞心焚骨·旧游,煞心焚骨·旧游链,煞心焚骨·旧游坠,煞心焚骨·旧游戒,煞心焚骨·旧游戒,,,,,,,,,御劲等级提高67,toughness|67,化劲等级提高67,huajing|67,,|
1904,煞心焚骨·照旷,煞心焚骨·照旷链,煞心焚骨·照旷坠,煞心焚骨·照旷戒,煞心焚骨·照旷戒,,,,,,,,,御劲等级提高67,toughness|67,化劲等级提高67,huajing|67,,|
1905,煞心焚骨·混溟,煞心焚骨·混溟链,煞心焚骨·混溟坠,煞心焚骨·混溟戒,煞心焚骨·混溟戒,,,,,,,,,御劲等级提高67,toughness|67,化劲等级提高67,huajing|67,,|
1906,煞心焚骨·珠红,煞心焚骨·珠红链,煞心焚骨·珠红坠,煞心焚骨·珠红戒,煞心焚骨·珠红戒,,,,,,,,,御劲等级提高67,toughness|67,化劲等级提高67,huajing|67,,|
1907,煞心焚骨·成妆,煞心焚骨·成妆链,煞心焚骨·成妆坠,煞心焚骨·成妆戒,煞心焚骨·成妆戒,,,,,,,,,御劲等级提高67,toughness|67,化劲等级提高67,huajing|67,,|
1908,煞心焚骨·迷水,煞心焚骨·迷水链,煞心焚骨·迷水坠,煞心焚骨·迷水戒,煞心焚骨·迷水戒,,,,,,,,,御劲等级提高67,toughness|67,化劲等级提高67,huajing|67,,|
1909,煞心焚骨·索居,煞心焚骨·索居链,煞心焚骨·索居坠,煞心焚骨·索居戒,煞心焚骨·索居戒,,,,,,,,,御劲等级提高67,toughness|67,化劲等级提高67,huajing|67,,|
1910,煞心焚骨·幽影,煞心焚骨·幽影链,煞心焚骨·幽影坠,煞心焚骨·幽影戒,煞心焚骨·幽影戒,,,,,,,,,御劲等级提高67,toughness|67,化劲等级提高67,huajing|67,,|
1911,煞心焚骨·弃命,煞心焚骨·弃命链,煞心焚骨·弃命坠,煞心焚骨·弃命戒,煞心焚骨·弃命戒,,,,,,,,,御劲等级提高67,toughness|67,化劲等级提高67,huajing|67,,|
1912,煞心焚骨·问冢,煞心焚骨·问冢链,煞心焚骨·问冢坠,煞心焚骨·问冢戒,煞心焚骨·问冢戒,,,,,,,,,御劲等级提高67,toughness|67,化劲等级提高67,huajing|67,,|
1913,煞心焚骨·屠龙,煞心焚骨·屠龙链,煞心焚骨·屠龙坠,煞心焚骨·屠龙戒,煞心焚骨·屠龙戒,,,,,,,,,御劲等级提高67,toughness|67,化劲等级提高67,huajing|67,,|
1914,煞心焚骨·羌声,煞心焚骨·羌声链,煞心焚骨·羌声坠,煞心焚骨·羌声戒,煞心焚骨·羌声戒,,,,,,,,,御劲等级提高67,toughness|67,化劲等级提高67,huajing|67,,|
1915,煞心焚骨·温酒,煞心焚骨·温酒链,煞心焚骨·温酒坠,煞心焚骨·温酒戒,煞心焚骨·温酒戒,,,,,,,,,御劲等级提高67,toughness|67,化劲等级提高67,huajing|67,,|
1916,煞心焚骨·苌弘,煞心焚骨·苌弘链,煞心焚骨·苌弘坠,煞心焚骨·苌弘戒,煞心焚骨·苌弘戒,,,,,,,,,御劲等级提高67,toughness|67,化劲等级提高67,huajing|67,,|
1917,煞心焚骨·幽涧,煞心焚骨·幽涧链,煞心焚骨·幽涧坠,煞心焚骨·幽涧戒,煞心焚骨·幽涧戒,,,,,,,,,御劲等级提高67,toughness|67,化劲等级提高67,huajing|67,,|
1918,煞心焚骨·纵歌,煞心焚骨·纵歌链,煞心焚骨·纵歌坠,煞心焚骨·纵歌戒,煞心焚骨·纵歌戒,,,,,,,,,御劲等级提高67,toughness|67,化劲等级提高67,huajing|67,,|
1919,煞心焚骨·广寒,煞心焚骨·广寒链,煞心焚骨·广寒坠,煞心焚骨·广寒戒,煞心焚骨·广寒戒,,,,,,,,,御劲等级提高67,toughness|67,化劲等级提高67,huajing|67,,|
1920,鲸波荡世·非相,鲸波荡世·非相链,鲸波荡世·非相坠,鲸波荡世·非相戒,鲸波荡世·非相戒,,,,,,,,,化劲等级提高73,huajing|73,御劲等级提高73,toughness|73,,|
1921,鲸波荡世·飘风,鲸波荡世·飘风链,鲸波荡世·飘风坠,鲸波荡世·飘风戒,鲸波荡世·飘风戒,,,,,,,,,化劲等级提高73,huajing|73,御劲等级提高73,toughness|73,,|
1922,鲸波荡世·古调,鲸波荡世·古调链,鲸波荡世·古调坠,鲸波荡世·古调戒,鲸波荡世·古调戒,,,,,,,,,化劲等级提高73,huajing|73,御劲等级提高73,toughness|73,,|
1923,鲸波荡世·寒月,鲸波荡世·寒月链,鲸波荡世·寒月坠,鲸波荡世·寒月戒,鲸波荡世·寒月戒,,,,,,,,,化劲等级提高73,huajing|73,御劲等级提高73,toughness|73,,|
1924,鲸波荡世·知梦,鲸波荡世·知梦链,鲸波荡世·知梦坠,鲸波荡世·知梦戒,鲸波荡世·知梦戒,,,,,,,,,化劲等级提高73,huajing|73,御劲等级提高73,toughness|73,,|
1925,鲸波荡世·忘年,鲸波荡世·忘年链,鲸波荡世·忘年坠,鲸波荡世·忘年戒,鲸波荡世·忘年戒,,,,,,,,,化劲等级提高73,huajing|73,御劲等级提高73,toughness|73,,|
1926,鲸波荡世·钗燕,鲸波荡世·钗燕链,鲸波荡世·钗燕坠,鲸波荡世·钗燕戒,鲸波荡世·钗燕戒,,,,,,,,,化劲等级提高73,huajing|73,御劲等级提高73,toughness|73,,|
1927,鲸波荡世·拾兰,鲸波荡世·拾兰链,鲸波荡世·拾兰坠,鲸波荡世·拾兰戒,鲸波荡世·拾兰戒,,,,,,,,,化劲等级提高73,huajing|73,御劲等级提高73,toughness|73,,|
1928,鲸波荡世·巫曲,鲸波荡世·巫曲链,鲸波荡世·巫曲坠,鲸波荡世·巫曲戒,鲸波荡世·巫曲戒,,,,,,,,,化劲等级提高73,huajing|73,御劲等级提高73,toughness|73,,|
1929,鲸波荡世·云隐,鲸波荡世·云隐链,鲸波荡世·云隐坠,鲸波荡世·云隐戒,鲸波荡世·云隐戒,,,,,,,,,化劲等级提高73,huajing|73,御劲等级提高73,toughness|73,,|
1930,鲸波荡世·夜行,鲸波荡世·夜行链,鲸波荡世·夜行坠,鲸波荡世·夜行戒,鲸波荡世·夜行戒,,,,,,,,,化劲等级提高73,huajing|73,御劲等级提高73,toughness|73,,|
1931,鲸波荡世·孤匣,鲸波荡世·孤匣链,鲸波荡世·孤匣坠,鲸波荡世·孤匣戒,鲸波荡世·孤匣戒,,,,,,,,,化劲等级提高73,huajing|73,御劲等级提高73,toughness|73,,|
1932,鲸波荡世·贯虹,鲸波荡世·贯虹链,鲸波荡世·贯虹坠,鲸波荡世·贯虹戒,鲸波荡世·贯虹戒,,,,,,,,,化劲等级提高73,huajing|73,御劲等级提高73,toughness|73,,|
1933,鲸波荡世·赤胆,鲸波荡世·赤胆链,鲸波荡世·赤胆坠,鲸波荡世·赤胆戒,鲸波荡世·赤胆戒,,,,,,,,,化劲等级提高73,huajing|73,御劲等级提高73,toughness|73,,|
1934,鲸波荡世·聆夜,鲸波荡世·聆夜链,鲸波荡世·聆夜坠,鲸波荡世·聆夜戒,鲸波荡世·聆夜戒,,,,,,,,,化劲等级提高73,huajing|73,御劲等级提高73,toughness|73,,|
1935,鲸波荡世·烽尘,鲸波荡世·烽尘链,鲸波荡世·烽尘坠,鲸波荡世·烽尘戒,鲸波荡世·烽尘戒,,,,,,,,,化劲等级提高73,huajing|73,御劲等级提高73,toughness|73,,|
1936,鲸波荡世·箭书,鲸波荡世·箭书链,鲸波荡世·箭书坠,鲸波荡世·箭书戒,鲸波荡世·箭书戒,,,,,,,,,化劲等级提高73,huajing|73,御劲等级提高73,toughness|73,,|
1937,鲸波荡世·砌玉,鲸波荡世·砌玉链,鲸波荡世·砌玉坠,鲸波荡世·砌玉戒,鲸波荡世·砌玉戒,,,,,,,,,化劲等级提高73,huajing|73,御劲等级提高73,toughness|73,,|
1938,鲸波荡世·寒流,鲸波荡世·寒流链,鲸波荡世·寒流坠,鲸波荡世·寒流戒,鲸波荡世·寒流戒,,,,,,,,,化劲等级提高73,huajing|73,御劲等级提高73,toughness|73,,|
1939,鲸波荡世·烟泓,鲸波荡世·烟泓链,鲸波荡世·烟泓坠,鲸波荡世·烟泓戒,鲸波荡世·烟泓戒,,,,,,,,,化劲等级提高73,huajing|73,御劲等级提高73,toughness|73,,|
1940,醉解敌颅·法身,醉解敌颅·法身链,醉解敌颅·法身坠,醉解敌颅·法身戒,醉解敌颅·法身戒,,,,,,,,,化劲等级提高73,huajing|73,御劲等级提高73,toughness|73,,|
1941,醉解敌颅·闲主,醉解敌颅·闲主链,醉解敌颅·闲主坠,醉解敌颅·闲主戒,醉解敌颅·闲主戒,,,,,,,,,化劲等级提高73,huajing|73,御劲等级提高73,toughness|73,,|
1942,醉解敌颅·摇影,醉解敌颅·摇影链,醉解敌颅·摇影坠,醉解敌颅·摇影戒,醉解敌颅·摇影戒,,,,,,,,,化劲等级提高73,huajing|73,御劲等级提高73,toughness|73,,|
1943,醉解敌颅·夜杀,醉解敌颅·夜杀链,醉解敌颅·夜杀坠,醉解敌颅·夜杀戒,醉解敌颅·夜杀戒,,,,,,,,,化劲等级提高73,huajing|73,御劲等级提高73,toughness|73,,|
1944,醉解敌颅·常觉,醉解敌颅·常觉链,醉解敌颅·常觉坠,醉解敌颅·常觉戒,醉解敌颅·常觉戒,,,,,,,,,化劲等级提高73,huajing|73,御劲等级提高73,toughness|73,,|
1945,醉解敌颅·见妄,醉解敌颅·见妄链,醉解敌颅·见妄坠,醉解敌颅·见妄戒,醉解敌颅·见妄戒,,,,,,,,,化劲等级提高73,huajing|73,御劲等级提高73,toughness|73,,|
1946,醉解敌颅·若耶,醉解敌颅·若耶链,醉解敌颅·若耶坠,醉解敌颅·若耶戒,醉解敌颅·若耶戒,,,,,,,,,化劲等级提高73,huajing|73,御劲等级提高73,toughness|73,,|
1947,醉解敌颅·螺红,醉解敌颅·螺红链,醉解敌颅·螺红坠,醉解敌颅·螺红戒,醉解敌颅·螺红戒,,,,,,,,,化劲等级提高73,huajing|73,御劲等级提高73,toughness|73,,|
1948,醉解敌颅·蛮溪,醉解敌颅·蛮溪链,醉解敌颅·蛮溪坠,醉解敌颅·蛮溪戒,醉解敌颅·蛮溪戒,,,,,,,,,化劲等级提高73,huajing|73,御劲等级提高73,toughness|73,,|
1949,醉解敌颅·闲游,醉解敌颅·闲游链,醉解敌颅·闲游坠,醉解敌颅·闲游戒,醉解敌颅·闲游戒,,,,,,,,,化劲等级提高73,huajing|73,御劲等级提高73,toughness|73,,|
1950,醉解敌颅·笑天,醉解敌颅·笑天链,醉解敌颅·笑天坠,醉解敌颅·笑天戒,醉解敌颅·笑天戒,,,,,,,,,化劲等级提高73,huajing|73,御劲等级提高73,toughness|73,,|
1951,醉解敌颅·阎罗,醉解敌颅·阎罗链,醉解敌颅·阎罗坠,醉解敌颅·阎罗戒,醉解敌颅·阎罗戒,,,,,,,,,化劲等级提高73,huajing|73,御劲等级提高73,toughness|73,,|
1952,醉解敌颅·照影,醉解敌颅·照影链,醉解敌颅·照影坠,醉解敌颅·照影戒,醉解敌颅·照影戒,,,,,,,,,化劲等级提高73,huajing|73,御劲等级提高73,toughness|73,,|
1953,醉解敌颅·酩酊,醉解敌颅·酩酊链,醉解敌颅·酩酊坠,醉解敌颅·酩酊戒,醉解敌颅·酩酊戒,,,,,,,,,化劲等级提高73,huajing|73,御劲等级提高73,toughness|73,,|
1954,醉解敌颅·渡魔,醉解敌颅·渡魔链,醉解敌颅·渡魔坠,醉解敌颅·渡魔戒,醉解敌颅·渡魔戒,,,,,,,,,化劲等级提高73,huajing|73,御劲等级提高73,toughness|73,,|
1955,醉解敌颅·历浊,醉解敌颅·历浊链,醉解敌颅·历浊坠,醉解敌颅·历浊戒,醉解敌颅·历浊戒,,,,,,,,,化劲等级提高73,huajing|73,御劲等级提高73,toughness|73,,|
1956,醉解敌颅·澹荡,醉解敌颅·澹荡链,醉解敌颅·澹荡坠,醉解敌颅·澹荡戒,醉解敌颅·澹荡戒,,,,,,,,,化劲等级提高73,huajing|73,御劲等级提高73,toughness|73,,|
1957,醉解敌颅·悲风,醉解敌颅·悲风链,醉解敌颅·悲风坠,醉解敌颅·悲风戒,醉解敌颅·悲风戒,,,,,,,,,化劲等级提高73,huajing|73,御劲等级提高73,toughness|73,,|
1958,醉解敌颅·霜行,醉解敌颅·霜行链,醉解敌颅·霜行坠,醉解敌颅·霜行戒,醉解敌颅·霜行戒,,,,,,,,,化劲等级提高73,huajing|73,御劲等级提高73,toughness|73,,|
1959,醉解敌颅·卷河,醉解敌颅·卷河链,醉解敌颅·卷河坠,醉解敌颅·卷河戒,醉解敌颅·卷河戒,,,,,,,,,化劲等级提高73,huajing|73,御劲等级提高73,toughness|73,,|
1960,万里长风·未料,万里长风·未料链,万里长风·未料坠,万里长风·未料戒,万里长风·未料戒,,,,,,,,,化劲等级提高47,huajing|47,御劲等级提高47,toughness|47,,|
1961,剑鸣八荒·解作,剑鸣八荒·解作链,剑鸣八荒·解作坠,剑鸣八荒·解作戒,剑鸣八荒·解作戒,,,,,,,,,化劲等级提高47,huajing|47,御劲等级提高47,toughness|47,,|
1962,沧波,,,,,,,,,沧波御厨上衣·刀功,,沧波御厨腰带·刀功 ,沧波渔网架·刀功,全属性提高30,body/spirit/strength/agility/spunk|30,,|,,|
1963,沧波,,,,,,,,,沧波御厨上衣·刀功,,沧波御厨腰带·刀功 ,沧波渔网架·刀功,全属性提高30,body/spirit/strength/agility/spunk|30,,|,,|
1964,菩提,,,,,,,,,菩提御厨上衣·火候,,菩提御厨腰带·火候,菩提擀面杖·火候,全属性提高46,body/spirit/strength/agility/spunk|46,,|,,|
1965,菩提,,,,,,,,,菩提御厨上衣·清蒸,,菩提御厨腰带·清蒸,菩提擀面杖·清蒸,全属性提高46,body/spirit/strength/agility/spunk|46,,|,,|
1966,翡翠,,,,,,,,,翡翠御厨上衣·火候,,翡翠御厨腰带·火候,翡翠玲珑筷·火候,全属性提高46,body/spirit/strength/agility/spunk|46,,|,,|
1967,翡翠,,,,,,,,,翡翠御厨上衣·水煮,,翡翠御厨腰带·水煮,翡翠玲珑筷·水煮,全属性提高46,body/spirit/strength/agility/spunk|46,,|,,|
1968,御赐,,,,,,,,,御赐御厨上衣·刀功,,御赐御厨腰带·刀功,御赐大锅铲·刀功,全属性提高46,body/spirit/strength/agility/spunk|46,,|,,|
1969,御赐,,,,,,,,,御赐御厨上衣·生煎,,御赐御厨腰带·生煎,御赐大锅铲·生煎,全属性提高46,body/spirit/strength/agility/spunk|46,,|,,|
1970,灵虚,,,,,,,,,灵虚御厨上衣·火候,,灵虚御厨腰带·火候,灵虚大菜刀·火候,全属性提高46,body/spirit/strength/agility/spunk|46,,|,,|
1971,灵虚,,,,,,,,,灵虚御厨上衣·刀功,,灵虚御厨腰带·刀功,灵虚大菜刀·刀功,全属性提高46,body/spirit/strength/agility/spunk|46,,|,,|
1972,霓裳,,,,,,,,,霓裳御厨上衣·火候,,霓裳御厨腰带·火候,霓裳玉女勺·火候,全属性提高46,body/spirit/strength/agility/spunk|46,,|,,|
1973,霓裳,,,,,,,,,霓裳御厨上衣·水煮,,霓裳御厨腰带·水煮,霓裳玉女勺·水煮,全属性提高46,body/spirit/strength/agility/spunk|46,,|,,|
1974,瑶星,,,,,,,,,瑶星御厨上衣·火候,,瑶星御厨腰带·火候,瑶星青玉葱·火候,全属性提高46,body/spirit/strength/agility/spunk|46,,|,,|
1975,瑶星,,,,,,,,,瑶星御厨上衣·水煮,,瑶星御厨腰带·水煮,瑶星青玉葱·水煮,全属性提高46,body/spirit/strength/agility/spunk|46,,|,,|
1976,蜀月,,,,,,,,,蜀月御厨上衣·火候,,蜀月御厨腰带·火候,蜀月竹筒饭·火候,全属性提高46,body/spirit/strength/agility/spunk|46,,|,,|
1977,蜀月,,,,,,,,,蜀月御厨上衣·刀功,,蜀月御厨腰带·刀功,蜀月竹筒饭·刀功,全属性提高46,body/spirit/strength/agility/spunk|46,,|,,|
1978,至尊,,,,,,,,,至尊御厨上衣·刀功,,至尊御厨腰带·刀功,至尊剔骨刀·刀功,全属性提高46,body/spirit/strength/agility/spunk|46,,|,,|
1979,醉梦逍遥,,,,,,,,,醉梦逍遥上衣·刀功,,醉梦逍遥腰带·刀功,醉梦逍遥棒·刀功,全属性提高46,body/spirit/strength/agility/spunk|46,,|,,|
1980,妙火,,,,,,,,,妙火御厨上衣·火候,,妙火御厨腰带·火候,妙火天香串·火候,全属性提高46,body/spirit/strength/agility/spunk|46,,|,,|
1981,妙火,,,,,,,,,妙火御厨上衣·清蒸,,妙火御厨腰带·清蒸,妙火天香串·清蒸,全属性提高46,body/spirit/strength/agility/spunk|46,,|,,|
1982,塞雪,,,,,,,,,塞雪御厨上衣·刀工,,塞雪御厨腰带·刀工,塞雪蒸鱼屉·刀功,全属性提高46,body/spirit/strength/agility/spunk|46,,|,,|
1983,塞雪,,,,,,,,,塞雪御厨上衣·清蒸,,塞雪御厨腰带·清蒸,塞雪蒸鱼屉·清蒸,全属性提高46,body/spirit/strength/agility/spunk|46,,|,,|
1984,古意,,,,,,,,,古意御厨上衣·火候,,古意御厨腰带·火候,古意调味匣·火候,全属性提高46,body/spirit/strength/agility/spunk|46,,|,,|
1985,古意,,,,,,,,,古意御厨上衣·水煮,,古意御厨腰带·水煮,古意调味匣·水煮,全属性提高46,body/spirit/strength/agility/spunk|46,,|,,|
1986,傲寒,,,,,,,,,傲寒御厨上衣·刀功,,傲寒御厨腰带·刀功 ,傲寒绛腊厨装·刀功,全属性提高46,body/spirit/strength/agility/spunk|46,,|,,|
1987,沧波,,,,,,,,,沧波御厨上衣·刀功,,沧波御厨腰带·刀功 ,沧波渔网架·刀功,全属性提高46,body/spirit/strength/agility/spunk|46,,|,,|
1988,寻踪觅宝·奇古,,,,,,寻踪觅宝·奇古靴,寻踪觅宝·奇古袖,,寻踪觅宝·奇古衫,寻踪觅宝·奇古帽,寻踪觅宝·奇古带,,气力值上限提高100,sprint|100,,|,在寻宝时，遭遇特殊事件概率提升5%,|
1989,寻踪觅宝·亘绝,,,,,,寻踪觅宝·亘绝靴,寻踪觅宝·亘绝袖,,寻踪觅宝·亘绝衫,寻踪觅宝·亘绝帽,寻踪觅宝·亘绝带,,气力值上限提高100,sprint|100,,|,在寻宝时，遭遇特殊事件概率提升5%,|
1990,寻踪觅宝·宿世,,,,,,寻踪觅宝·宿世靴,寻踪觅宝·宿世袖,,寻踪觅宝·宿世衫,寻踪觅宝·宿世帽,寻踪觅宝·宿世带,,气力值上限提高100,sprint|100,,|,在寻宝时，遭遇特殊事件概率提升5%,|
1991,寻踪觅宝·无时,,,,,,寻踪觅宝·无时靴,寻踪觅宝·无时袖,,寻踪觅宝·无时衫,寻踪觅宝·无时帽,寻踪觅宝·无时带,,气力值上限提高100,sprint|100,,|,在寻宝时，遭遇特殊事件概率提升5%,|
1992,寻踪觅宝·思旧,,,,,,寻踪觅宝·思旧靴,寻踪觅宝·思旧袖,,寻踪觅宝·思旧衫,寻踪觅宝·思旧帽,寻踪觅宝·思旧带,,气力值上限提高100,sprint|100,,|,在寻宝时，遭遇特殊事件概率提升5%,|
1993,寻踪觅宝·遗远,,,,,,寻踪觅宝·遗远靴,寻踪觅宝·遗远袖,,寻踪觅宝·遗远衫,寻踪觅宝·遗远帽,寻踪觅宝·遗远带,,气力值上限提高100,sprint|100,,|,在寻宝时，遭遇特殊事件概率提升5%,|
1994,凌绝·不可量,,,,,,凌绝·不可量履,凌绝·不可量缠,,凌绝·不可量袈裟,凌绝·不可量冠,凌绝·不可量带,,"“韦陀献杵”伤害提高10%, “拿云式”伤害提高10%",|,,|,施展阳性伤害招式，一定几率提高自身阳性内功基础攻击力10%，持续6秒,|
1995,凌绝·那罗延,,,,,,凌绝·那罗延履,凌绝·那罗延缠,,凌绝·那罗延袈裟,凌绝·那罗延冠,凌绝·那罗延带,,“无相诀”调息时间降低10秒,|,,|,被伤害招式命中后，一定几率使10秒内自身反弹增加25%，内力消耗降低20%、威胁值增加20%,|
1996,凌绝·溪行,,,,,,凌绝·溪行靴,凌绝·溪行袖,,凌绝·溪行衫,凌绝·溪行帽,凌绝·溪行带,,"“阳明指”伤害提高10%, “快雪时晴”伤害提高10%",|,,|,施展混元性伤害招式，一定几率提高自身混元性内功基础攻击力10%，持续6秒,|
1997,凌绝·芳树,,,,,,凌绝·芳树靴,凌绝·芳树袖,,凌绝·芳树衫,凌绝·芳树帽,凌绝·芳树带,,“长针”治疗效果提高5%,|,,|,施展疗伤招式后，一定几率使10秒内治疗会心效果增加20%，内力消耗降低20%，威胁值降低20%,|
1998,凌绝·照石,,,,,,凌绝·照石战靴,凌绝·照石护臂,,凌绝·照石战甲,凌绝·照石盔,凌绝·照石护腰,,“龙牙”伤害提高10%,|,,|,施展外功伤害招式，一定几率提高自身外功基础攻击力10%，持续6秒,|
1999,凌绝·交河,,,,,,凌绝·交河战靴,凌绝·交河护臂,,凌绝·交河战甲,凌绝·交河盔,凌绝·交河护腰,,“守如山”调息时间降低15秒,|,,|,被伤害招式命中后，一定几率使10秒内自身闪避率增加20%，内力消耗降低20%、威胁值增加20%,|
2000,凌绝·深景,,,,,,凌绝·深景履,凌绝·深景护手,,凌绝·深景衣,凌绝·深景冠,凌绝·深景带,,“万世不竭”伤害提高10%,|,,|,施展混元性伤害招式，一定几率提高自身混元性基础内功攻击力10%，持续6秒,|
2001,凌绝·望淮,,,,,,凌绝·望淮履,凌绝·望淮护手,,凌绝·望淮衣,凌绝·望淮冠,凌绝·望淮带,,“无我无剑”伤害提高10%,|,,|,施展外功伤害招式，一定几率提高自身外功基础攻击力10%，持续6秒,|
2002,凌绝·秋照,,,,,,凌绝·秋照踏,凌绝·秋照袖,,凌绝·秋照衫,凌绝·秋照钗,凌绝·秋照绣带,,“玳弦急曲”伤害提高10%,|,,|,施展阴性伤害招式，一定几率提高自身阴性内功基础攻击力10%，持续6秒,|
2003,凌绝·蘅芳,,,,,,凌绝·蘅芳踏,凌绝·蘅芳袖,,凌绝·蘅芳衫,凌绝·蘅芳钗,凌绝·蘅芳绣带,,“回雪飘摇”治疗效果提高5%,|,,|,施展疗伤招式后，一定几率使10秒内治疗会心效果增加20%，内力消耗降低20%，威胁值降低20%,|
2004,凌绝·褰鼻,,,,,,凌绝·褰鼻鞋,凌绝·褰鼻镯,,凌绝·褰鼻衫,凌绝·褰鼻头帕,凌绝·褰鼻腰带,,"“蝎心”伤害提高10%, “蛇影”伤害提高10%",|,,|,施展毒性伤害招式，一定几率提高自身毒性内功基础攻击力10%，持续6秒,|
2005,凌绝·远香,,,,,,凌绝·远香鞋,凌绝·远香镯,,凌绝·远香衫,凌绝·远香头帕,凌绝·远香腰带,,“醉舞九天”治疗效果提高5%,|,,|,施展疗伤招式后，一定几率使10秒内治疗会心效果增加20%，内力消耗降低20%，威胁值降低20%,|
2006,凌绝·威灵,,,,,,凌绝·威灵靴,凌绝·威灵护手,,凌绝·威灵衣,凌绝·威灵冠,凌绝·威灵腰带,,"“蚀肌弹”伤害提高10%, “暴雨梨花针”伤害提高10%",|,,|,施展外功伤害招式，一定几率提高自身毒性内功基础攻击力10%，持续6秒,|
2007,凌绝·鸣竹,,,,,,凌绝·鸣竹靴,凌绝·鸣竹护手,,凌绝·鸣竹衣,凌绝·鸣竹冠,凌绝·鸣竹腰带,,"“夺魄箭”伤害提高10%, “暴雨梨花针”伤害提高10%",|,,|,施展外功伤害招式，一定几率提高自身外功基础攻击力10%，持续6秒,|
2008,凌绝·鸿归,,,,,,凌绝·鸿归靴,凌绝·鸿归护手,,凌绝·鸿归衣,凌绝·鸿归冠,凌绝·鸿归护腰,,"“云飞玉皇”伤害提高10%, “听雷”伤害提高10%",|,,|,施展外功伤害招式，一定几率提高自身外功基础攻击力10%，持续6秒,|
2009,凌绝·酒狂,,,,,,凌绝·酒狂屐,凌绝·酒狂束腕,,凌绝·酒狂衣,凌绝·酒狂抹额,凌绝·酒狂革带,,“亢龙有悔”伤害提高10%,|,,|,施展外功伤害招式，一定几率提高自身外功基础攻击力10%，持续6秒,|
2010,凌绝·轸离,,,,,,凌绝·轸离履,凌绝·轸离护手,,凌绝·轸离衣,凌绝·轸离帽,凌绝·轸离腰带,,“净世破魔击”伤害提高10%,|,,|,施展阴阳性伤害招式，一定几率提高自身阴阳性内功基础攻击力10%，持续6秒,|
2011,凌绝·古城,,,,,,凌绝·古城履,凌绝·古城护手,,凌绝·古城衣,凌绝·古城帽,凌绝·古城腰带,,“贪魔体”调息时间降低5秒,|,,|,被伤害招式命中后，一定几率使10秒内自身被疗伤成效提高20%，日灵、月魂的获取速度提高20%，威胁值提高20%,|
2012,凌绝·故峰,,,,,,凌绝·故峰靴,凌绝·故峰臂甲,,凌绝·故峰玄甲,凌绝·故峰盔,凌绝·故峰腰甲,,"“劫刀”伤害提高10%, “盾压”伤害提高10%",|,,|,施展外功伤害招式，一定几率提高自身外功基础攻击力10%，持续6秒,|
2013,凌绝·何艰,,,,,,凌绝·何艰靴,凌绝·何艰臂甲,,凌绝·何艰玄甲,凌绝·何艰盔,凌绝·何艰腰甲,,“盾壁”调息时间降低10秒,|,,|,被伤害招式命中后，一定几率使10秒内自身气血上限提高20%，被治疗成效提高20%，威胁值提高20%,|
2014,凌绝·明芜,,,,,,凌绝·明芜丝履,凌绝·明芜袖,,凌绝·明芜襦,凌绝·明芜冠,凌绝·明芜带,,"“宫”伤害提高10%, “徵”伤害提高10%",|,,|,施展阴性伤害招式命中后，一定几率提高自身阴性内功基础攻击力10%，持续6秒,|
2015,凌绝·流曲,,,,,,凌绝·流曲丝履,凌绝·流曲袖,,凌绝·流曲襦,凌绝·流曲冠,凌绝·流曲带,,"“宫”治疗效果提高5%, “徵”治疗效果提高5%",|,,|,施展疗伤招式后，一定几率使10秒内治疗会心效果增加20%，内力消耗降低20%，威胁值降低20%,|
2016,凌绝·负拔,,,,,,凌绝·负拔靴,凌绝·负拔护手,,凌绝·负拔衣,凌绝·负拔冠,凌绝·负拔腰带,,"“刀啸风吟”伤害提高10%, “项王击鼎”伤害提高10%",|,,|,施展外功伤害招式，一定几率提高自身外功基础攻击力10%，持续6秒。,|
2017,凌绝·联翩,,,,,,凌绝·联翩丝履,凌绝·联翩袖,,凌绝·联翩襦,凌绝·联翩冠,凌绝·联翩带,,"“木落雁归”伤害提高10%, “翼绝云天”伤害提高10%",|,,|,施展外功伤害招式，一定几率提高自身外功基础攻击力10%，持续6秒。,|
2018,兹桐,,,,,,兹桐靴,兹桐袖,兹桐裤,兹桐衣,兹桐冠,兹桐腰带,,全会心等级提高190,crit|190,,|,无双等级提高190,strain|190
2019,兹杨,,,,,,兹杨靴,兹杨袖,兹杨裤,兹杨衣,兹杨冠,兹杨腰带,,全会心等级提高190,crit|190,,|,无双等级提高190,strain|190
2020,兹松,,,,,,兹松靴,兹松袖,兹松裤,兹松衣,兹松冠,兹松腰带,,全会心等级提高190,crit|190,,|,无双等级提高190,strain|190
2021,兹栎,,,,,,兹栎靴,兹栎袖,兹栎裤,兹栎衣,兹栎冠,兹栎腰带,,全会心等级提高190,crit|190,,|,无双等级提高190,strain|190
2022,兹桕,,,,,,兹桕靴,兹桕袖,兹桕裤,兹桕衣,兹桕冠,兹桕腰带,,加速等级提高190,acce|190,,|,治疗量提高146,heal|146
2023,兹樟,,,,,,兹樟靴,兹樟袖,兹樟裤,兹樟衣,兹樟冠,兹樟腰带,,全命中等级提高190,hit|190,,|,加速等级提高190,acce|190
2084,清空挂角·净贤,清空挂角·净贤链,清空挂角·净贤坠,清空挂角·净贤戒,清空挂角·净贤戒,,,,,,,,,御劲等级提高85,toughness|85,化劲等级提高85,huajing|85,,|
2085,清空挂角·阳景,清空挂角·阳景链,清空挂角·阳景坠,清空挂角·阳景戒,清空挂角·阳景戒,,,,,,,,,御劲等级提高85,toughness|85,化劲等级提高85,huajing|85,,|
2086,清空挂角·同康,清空挂角·同康链,清空挂角·同康坠,清空挂角·同康戒,清空挂角·同康戒,,,,,,,,,御劲等级提高85,toughness|85,化劲等级提高85,huajing|85,,|
2087,清空挂角·将天,清空挂角·将天链,清空挂角·将天坠,清空挂角·将天戒,清空挂角·将天戒,,,,,,,,,御劲等级提高85,toughness|85,化劲等级提高85,huajing|85,,|
2088,清空挂角·见清,清空挂角·见清链,清空挂角·见清坠,清空挂角·见清戒,清空挂角·见清戒,,,,,,,,,御劲等级提高85,toughness|85,化劲等级提高85,huajing|85,,|
2089,清空挂角·销铄,清空挂角·销铄链,清空挂角·销铄坠,清空挂角·销铄戒,清空挂角·销铄戒,,,,,,,,,御劲等级提高85,toughness|85,化劲等级提高85,huajing|85,,|
2090,清空挂角·染月,清空挂角·染月链,清空挂角·染月坠,清空挂角·染月戒,清空挂角·染月戒,,,,,,,,,御劲等级提高85,toughness|85,化劲等级提高85,huajing|85,,|
2091,清空挂角·新桃,清空挂角·新桃链,清空挂角·新桃坠,清空挂角·新桃戒,清空挂角·新桃戒,,,,,,,,,御劲等级提高85,toughness|85,化劲等级提高85,huajing|85,,|
2092,清空挂角·虫鸣,清空挂角·虫鸣链,清空挂角·虫鸣坠,清空挂角·虫鸣戒,清空挂角·虫鸣戒,,,,,,,,,御劲等级提高85,toughness|85,化劲等级提高85,huajing|85,,|
2093,清空挂角·占梦,清空挂角·占梦链,清空挂角·占梦坠,清空挂角·占梦戒,清空挂角·占梦戒,,,,,,,,,御劲等级提高85,toughness|85,化劲等级提高85,huajing|85,,|
2094,清空挂角·常山,清空挂角·常山链,清空挂角·常山坠,清空挂角·常山戒,清空挂角·常山戒,,,,,,,,,御劲等级提高85,toughness|85,化劲等级提高85,huajing|85,,|
2095,清空挂角·密怀,清空挂角·密怀链,清空挂角·密怀坠,清空挂角·密怀戒,清空挂角·密怀戒,,,,,,,,,御劲等级提高85,toughness|85,化劲等级提高85,huajing|85,,|
2096,清空挂角·昂藏,清空挂角·昂藏链,清空挂角·昂藏坠,清空挂角·昂藏戒,清空挂角·昂藏戒,,,,,,,,,御劲等级提高85,toughness|85,化劲等级提高85,huajing|85,,|
2097,清空挂角·台城,清空挂角·台城链,清空挂角·台城坠,清空挂角·台城戒,清空挂角·台城戒,,,,,,,,,御劲等级提高85,toughness|85,化劲等级提高85,huajing|85,,|
2098,清空挂角·阳城,清空挂角·阳城链,清空挂角·阳城坠,清空挂角·阳城戒,清空挂角·阳城戒,,,,,,,,,御劲等级提高85,toughness|85,化劲等级提高85,huajing|85,,|
2099,清空挂角·存馀,清空挂角·存馀链,清空挂角·存馀坠,清空挂角·存馀戒,清空挂角·存馀戒,,,,,,,,,御劲等级提高85,toughness|85,化劲等级提高85,huajing|85,,|
2100,清空挂角·乘漪,清空挂角·乘漪链,清空挂角·乘漪坠,清空挂角·乘漪戒,清空挂角·乘漪戒,,,,,,,,,御劲等级提高85,toughness|85,化劲等级提高85,huajing|85,,|
2101,清空挂角·木兰,清空挂角·木兰链,清空挂角·木兰坠,清空挂角·木兰戒,清空挂角·木兰戒,,,,,,,,,御劲等级提高85,toughness|85,化劲等级提高85,huajing|85,,|
2102,清空挂角·凝朝,清空挂角·凝朝链,清空挂角·凝朝坠,清空挂角·凝朝戒,清空挂角·凝朝戒,,,,,,,,,御劲等级提高85,toughness|85,化劲等级提高85,huajing|85,,|
2103,清空挂角·云碎,清空挂角·云碎链,清空挂角·云碎坠,清空挂角·云碎戒,清空挂角·云碎戒,,,,,,,,,御劲等级提高85,toughness|85,化劲等级提高85,huajing|85,,|
2104,血染锋铓·来合,血染锋铓·来合链,血染锋铓·来合坠,血染锋铓·来合戒,血染锋铓·来合戒,,,,,,,,,御劲等级提高85,toughness|85,化劲等级提高85,huajing|85,,|
2105,血染锋铓·西望,血染锋铓·西望链,血染锋铓·西望坠,血染锋铓·西望戒,血染锋铓·西望戒,,,,,,,,,御劲等级提高85,toughness|85,化劲等级提高85,huajing|85,,|
2106,血染锋铓·繁昼,血染锋铓·繁昼链,血染锋铓·繁昼坠,血染锋铓·繁昼戒,血染锋铓·繁昼戒,,,,,,,,,御劲等级提高85,toughness|85,化劲等级提高85,huajing|85,,|
2107,血染锋铓·边曙,血染锋铓·边曙链,血染锋铓·边曙坠,血染锋铓·边曙戒,血染锋铓·边曙戒,,,,,,,,,御劲等级提高85,toughness|85,化劲等级提高85,huajing|85,,|
2108,血染锋铓·俟霞,血染锋铓·俟霞链,血染锋铓·俟霞坠,血染锋铓·俟霞戒,血染锋铓·俟霞戒,,,,,,,,,御劲等级提高85,toughness|85,化劲等级提高85,huajing|85,,|
2109,血染锋铓·倒玉,血染锋铓·倒玉链,血染锋铓·倒玉坠,血染锋铓·倒玉戒,血染锋铓·倒玉戒,,,,,,,,,御劲等级提高85,toughness|85,化劲等级提高85,huajing|85,,|
2110,血染锋铓·徽织,血染锋铓·徽织链,血染锋铓·徽织坠,血染锋铓·徽织戒,血染锋铓·徽织戒,,,,,,,,,御劲等级提高85,toughness|85,化劲等级提高85,huajing|85,,|
2111,血染锋铓·柘枝,血染锋铓·柘枝链,血染锋铓·柘枝坠,血染锋铓·柘枝戒,血染锋铓·柘枝戒,,,,,,,,,御劲等级提高85,toughness|85,化劲等级提高85,huajing|85,,|
2112,血染锋铓·霜毒,血染锋铓·霜毒链,血染锋铓·霜毒坠,血染锋铓·霜毒戒,血染锋铓·霜毒戒,,,,,,,,,御劲等级提高85,toughness|85,化劲等级提高85,huajing|85,,|
2113,血染锋铓·浮芳,血染锋铓·浮芳链,血染锋铓·浮芳坠,血染锋铓·浮芳戒,血染锋铓·浮芳戒,,,,,,,,,御劲等级提高85,toughness|85,化劲等级提高85,huajing|85,,|
2114,血染锋铓·野径,血染锋铓·野径链,血染锋铓·野径坠,血染锋铓·野径戒,血染锋铓·野径戒,,,,,,,,,御劲等级提高85,toughness|85,化劲等级提高85,huajing|85,,|
2115,血染锋铓·惊魄,血染锋铓·惊魄链,血染锋铓·惊魄坠,血染锋铓·惊魄戒,血染锋铓·惊魄戒,,,,,,,,,御劲等级提高85,toughness|85,化劲等级提高85,huajing|85,,|
2116,血染锋铓·枯荣,血染锋铓·枯荣链,血染锋铓·枯荣坠,血染锋铓·枯荣戒,血染锋铓·枯荣戒,,,,,,,,,御劲等级提高85,toughness|85,化劲等级提高85,huajing|85,,|
2117,血染锋铓·振湖,血染锋铓·振湖链,血染锋铓·振湖坠,血染锋铓·振湖戒,血染锋铓·振湖戒,,,,,,,,,御劲等级提高85,toughness|85,化劲等级提高85,huajing|85,,|
2118,血染锋铓·广漠,血染锋铓·广漠链,血染锋铓·广漠坠,血染锋铓·广漠戒,血染锋铓·广漠戒,,,,,,,,,御劲等级提高85,toughness|85,化劲等级提高85,huajing|85,,|
2119,血染锋铓·负誉,血染锋铓·负誉链,血染锋铓·负誉坠,血染锋铓·负誉戒,血染锋铓·负誉戒,,,,,,,,,御劲等级提高85,toughness|85,化劲等级提高85,huajing|85,,|
2120,血染锋铓·轻翮,血染锋铓·轻翮链,血染锋铓·轻翮坠,血染锋铓·轻翮戒,血染锋铓·轻翮戒,,,,,,,,,御劲等级提高85,toughness|85,化劲等级提高85,huajing|85,,|
2121,血染锋铓·藤绿,血染锋铓·藤绿链,血染锋铓·藤绿坠,血染锋铓·藤绿戒,血染锋铓·藤绿戒,,,,,,,,,御劲等级提高85,toughness|85,化劲等级提高85,huajing|85,,|
2122,血染锋铓·象元,血染锋铓·象元链,血染锋铓·象元坠,血染锋铓·象元戒,血染锋铓·象元戒,,,,,,,,,御劲等级提高85,toughness|85,化劲等级提高85,huajing|85,,|
2123,血染锋铓·泗海,血染锋铓·泗海链,血染锋铓·泗海坠,血染锋铓·泗海戒,血染锋铓·泗海戒,,,,,,,,,御劲等级提高85,toughness|85,化劲等级提高85,huajing|85,,|
2124,寻踪觅宝·寄月,,,,,,寻踪觅宝·寄月靴,寻踪觅宝·寄月袖,,寻踪觅宝·寄月衫,寻踪觅宝·寄月帽,寻踪觅宝·寄月带,,气力值上限提高100,sprint|100,,|,在寻宝时，遭遇特殊事件概率提升5%,|
2125,寻踪觅宝·昭堂,,,,,,寻踪觅宝·昭堂靴,寻踪觅宝·昭堂袖,,寻踪觅宝·昭堂衫,寻踪觅宝·昭堂帽,寻踪觅宝·昭堂带,,气力值上限提高100,sprint|100,,|,在寻宝时，遭遇特殊事件概率提升5%,|
2126,寻踪觅宝·思疆,,,,,,寻踪觅宝·思疆靴,寻踪觅宝·思疆袖,,寻踪觅宝·思疆衫,寻踪觅宝·思疆帽,寻踪觅宝·思疆带,,气力值上限提高100,sprint|100,,|,在寻宝时，遭遇特殊事件概率提升5%,|
2127,寻踪觅宝·欺风,,,,,,寻踪觅宝·欺风靴,寻踪觅宝·欺风袖,,寻踪觅宝·欺风衫,寻踪觅宝·欺风帽,寻踪觅宝·欺风带,,气力值上限提高100,sprint|100,,|,在寻宝时，遭遇特殊事件概率提升5%,|
2128,寻踪觅宝·借妆,,,,,,寻踪觅宝·借妆靴,寻踪觅宝·借妆袖,,寻踪觅宝·借妆衫,寻踪觅宝·借妆帽,寻踪觅宝·借妆带,,气力值上限提高100,sprint|100,,|,在寻宝时，遭遇特殊事件概率提升5%,|
2129,寻踪觅宝·刚直,,,,,,寻踪觅宝·刚直靴,寻踪觅宝·刚直袖,,寻踪觅宝·刚直衫,寻踪觅宝·刚直帽,寻踪觅宝·刚直带,,气力值上限提高100,sprint|100,,|,在寻宝时，遭遇特殊事件概率提升5%,|
2130,晓天·蕴法,,,,,,晓天·蕴法靴,晓天·蕴法护手,,晓天·蕴法衣,晓天·蕴法冠,晓天·蕴法腰带,,施展阳性伤害招式，一定几率提高自身阳性内功基础攻击力10%，持续6秒,|,,|,"“韦陀献杵”伤害提高10%, “拿云式”伤害提高10%",|
2131,晓天·观静,,,,,,晓天·观静靴,晓天·观静护手,,晓天·观静衣,晓天·观静冠,晓天·观静腰带,,被伤害招式命中后，一定几率使10秒内自身反弹增加25%，内力消耗降低20%、威胁值增加20%,|,,|,“无相诀”调息时间降低10秒,|
2132,晓天·墨尘,,,,,,晓天·墨尘靴,晓天·墨尘护手,,晓天·墨尘衣,晓天·墨尘冠,晓天·墨尘腰带,,施展混元性伤害招式，一定几率提高自身混元性内功基础攻击力10%，持续6秒,|,,|,"“阳明指”伤害提高10%, “快雪时晴”伤害提高10%",|
2133,晓天·敛寒,,,,,,晓天·敛寒靴,晓天·敛寒护手,,晓天·敛寒衣,晓天·敛寒冠,晓天·敛寒腰带,,施展疗伤招式后，一定几率使10秒内治疗会心效果增加20%，内力消耗降低20%，威胁值降低20%,|,,|,“长针”治疗效果提高5%,|
2134,晓天·正朔,,,,,,晓天·正朔靴,晓天·正朔护手,,晓天·正朔衣,晓天·正朔冠,晓天·正朔腰带,,施展外功伤害招式，一定几率提高自身外功基础攻击力10%，持续6秒,|,,|,“龙牙”伤害提高10%,|
2135,晓天·风晓,,,,,,晓天·风晓靴,晓天·风晓护手,,晓天·风晓衣,晓天·风晓冠,晓天·风晓腰带,,被伤害招式命中后，一定几率使10秒内自身闪避率增加20%，内力消耗降低20%、威胁值增加20%,|,,|,“守如山”调息时间降低15秒,|
2136,晓天·若浮,,,,,,晓天·若浮靴,晓天·若浮护手,,晓天·若浮衣,晓天·若浮冠,晓天·若浮腰带,,施展混元性伤害招式，一定几率提高自身混元性基础内功攻击力10%，持续6秒,|,,|,“万世不竭”伤害提高10%,|
2137,晓天·闻道,,,,,,晓天·闻道靴,晓天·闻道护手,,晓天·闻道衣,晓天·闻道冠,晓天·闻道腰带,,施展外功伤害招式，一定几率提高自身外功基础攻击力10%，持续6秒,|,,|,“无我无剑”伤害提高10%,|
2138,晓天·麟歌,,,,,,晓天·麟歌靴,晓天·麟歌护手,,晓天·麟歌衣,晓天·麟歌冠,晓天·麟歌腰带,,施展阴性伤害招式，一定几率提高自身阴性内功基础攻击力10%，持续6秒,|,,|,“玳弦急曲”伤害提高10%,|
2139,晓天·丽池,,,,,,晓天·丽池靴,晓天·丽池护手,,晓天·丽池衣,晓天·丽池冠,晓天·丽池腰带,,施展疗伤招式后，一定几率使10秒内治疗会心效果增加20%，内力消耗降低20%，威胁值降低20%,|,,|,“回雪飘摇”治疗效果提高5%,|
2140,晓天·分素,,,,,,晓天·分素靴,晓天·分素护手,,晓天·分素衣,晓天·分素冠,晓天·分素腰带,,施展毒性伤害招式，一定几率提高自身毒性内功基础攻击力10%，持续6秒,|,,|,"“蝎心”伤害提高10%, “蛇影”伤害提高10%",|
2141,晓天·蝶萦,,,,,,晓天·蝶萦靴,晓天·蝶萦护手,,晓天·蝶萦衣,晓天·蝶萦冠,晓天·蝶萦腰带,,施展疗伤招式后，一定几率使10秒内治疗会心效果增加20%，内力消耗降低20%，威胁值降低20%,|,,|,“醉舞九天”治疗效果提高5%,|
2142,晓天·朽夜,,,,,,晓天·朽夜靴,晓天·朽夜护手,,晓天·朽夜衣,晓天·朽夜冠,晓天·朽夜腰带,,施展外功伤害招式，一定几率提高自身毒性内功基础攻击力10%，持续6秒,|,,|,"“蚀肌弹”伤害提高10%, “暴雨梨花针”伤害提高10%",|
2143,晓天·鹘飞,,,,,,晓天·鹘飞靴,晓天·鹘飞护手,,晓天·鹘飞衣,晓天·鹘飞冠,晓天·鹘飞腰带,,施展外功伤害招式，一定几率提高自身外功基础攻击力10%，持续6秒,|,,|,"“夺魄箭”伤害提高10%, “暴雨梨花针”伤害提高10%",|
2144,晓天·旗风,,,,,,晓天·旗风靴,晓天·旗风护手,,晓天·旗风衣,晓天·旗风冠,晓天·旗风腰带,,施展外功伤害招式，一定几率提高自身外功基础攻击力10%，持续6秒,|,,|,"“云飞玉皇”伤害提高10%, “听雷”伤害提高10%",|
2145,晓天·醉梦,,,,,,晓天·醉梦靴,晓天·醉梦护手,,晓天·醉梦衣,晓天·醉梦冠,晓天·醉梦腰带,,施展外功伤害招式，一定几率提高自身外功基础攻击力10%，持续6秒,|,,|,“亢龙有悔”伤害提高10%,|
2146,晓天·燃劫,,,,,,晓天·燃劫靴,晓天·燃劫护手,,晓天·燃劫衣,晓天·燃劫冠,晓天·燃劫腰带,,施展阴阳性伤害招式，一定几率提高自身阴阳性内功基础攻击力10%，持续6秒,|,,|,“净世破魔击”伤害提高10%,|
2147,晓天·焚灯,,,,,,晓天·焚灯靴,晓天·焚灯护手,,晓天·焚灯衣,晓天·焚灯冠,晓天·焚灯腰带,,被伤害招式命中后，一定几率使10秒内自身被疗伤成效提高20%，日灵、月魂的获取速度提高20%，威胁值提高20%,|,,|,“贪魔体”调息时间降低5秒,|
2148,晓天·钜野,,,,,,晓天·钜野靴,晓天·钜野护手,,晓天·钜野衣,晓天·钜野冠,晓天·钜野腰带,,施展外功伤害招式，一定几率提高自身外功基础攻击力10%，持续6秒,|,,|,"“劫刀”伤害提高10%, “盾压”伤害提高10%",|
2149,晓天·重沙,,,,,,晓天·重沙靴,晓天·重沙护手,,晓天·重沙衣,晓天·重沙冠,晓天·重沙腰带,,被伤害招式命中后，一定几率使10秒内自身气血上限提高20%，被治疗成效提高20%，威胁值提高20%,|,,|,“盾壁”调息时间降低10秒,|
2150,晓天·舜弦,,,,,,晓天·舜弦靴,晓天·舜弦护手,,晓天·舜弦衣,晓天·舜弦冠,晓天·舜弦腰带,,施展阴性伤害招式命中后，一定几率提高自身阴性内功基础攻击力10%，持续6秒,|,,|,"“宫”伤害提高10%, “徵”伤害提高10%",|
2151,晓天·孤凤,,,,,,晓天·孤凤靴,晓天·孤凤护手,,晓天·孤凤衣,晓天·孤凤冠,晓天·孤凤腰带,,施展疗伤招式后，一定几率使10秒内治疗会心效果增加20%，内力消耗降低20%，威胁值降低20%,|,,|,"“宫”治疗效果提高5%, “徵”治疗效果提高5%",|
2152,晓天·千河,,,,,,晓天·千河靴,晓天·千河护手,,晓天·千河衣,晓天·千河冠,晓天·千河腰带,,施展外功伤害招式，一定几率提高自身外功基础攻击力10%，持续6秒。,|,,|,"“刀啸风吟”伤害提高10%, “项王击鼎”伤害提高10%",|
2153,晓天·飞潮,,,,,,晓天·飞潮靴,晓天·飞潮护手,,晓天·飞潮衣,晓天·飞潮冠,晓天·飞潮腰带,,施展外功伤害招式，一定几率提高自身外功基础攻击力10%，持续6秒。,|,,|,"“木落雁归”伤害提高10%, “翼绝云天”伤害提高10%",|
2154,晓天·点殷,,,,,,晓天·点殷靴,晓天·点殷护手,,晓天·点殷衣,晓天·点殷冠,晓天·点殷腰带,,施展外功伤害招式，一定几率提高自身外功基础攻击力10%，持续6秒。,|,,|,"“寂洪荒”伤害提高10%, “金戈回澜”伤害提高10%",|
2155,宿暮,,,,,,宿暮靴,宿暮袖,宿暮裤,宿暮衣,宿暮冠,宿暮腰带,,全会心等级提高225,crit|225,,|,无双等级提高225,strain|225
2156,宿雨,,,,,,宿雨靴,宿雨袖,宿雨裤,宿雨衣,宿雨冠,宿雨腰带,,全会心等级提高225,crit|225,,|,无双等级提高225,strain|225
2157,宿影,,,,,,宿影靴,宿影袖,宿影裤,宿影衣,宿影冠,宿影腰带,,全会心等级提高225,crit|225,,|,无双等级提高225,strain|225
2158,宿寂,,,,,,宿寂靴,宿寂袖,宿寂裤,宿寂衣,宿寂冠,宿寂腰带,,全会心等级提高225,crit|225,,|,无双等级提高225,strain|225
2159,宿溪,,,,,,宿溪靴,宿溪袖,宿溪裤,宿溪衣,宿溪冠,宿溪腰带,,加速等级提高225,acce|225,,|,治疗量提高158,heal|158
2160,宿月,,,,,,宿月靴,宿月袖,宿月裤,宿月衣,宿月冠,宿月腰带,,全命中等级提高225,hit|225,,|,加速等级提高225,acce|225
2161,清空挂角·净贤,,,,,,清空挂角·净贤履,清空挂角·净贤护手,,清空挂角·净贤衣,清空挂角·净贤冠,清空挂角·净贤带,,全会心等级提高162,crit|162,,|,“无相诀”招式调息时间减少6秒,|
2162,清空挂角·阳景,,,,,,清空挂角·阳景履,清空挂角·阳景护手,,清空挂角·阳景衣,清空挂角·阳景冠,清空挂角·阳景带,,全会心等级提高162,crit|162,,|,“春泥护花”招式调息时间减少3秒,|
2163,清空挂角·同康,,,,,,清空挂角·同康履,清空挂角·同康护手,,清空挂角·同康衣,清空挂角·同康冠,清空挂角·同康带,,全会心等级提高162,crit|162,,|,“春泥护花”招式调息时间减少3秒,|
2164,清空挂角·将天,,,,,,清空挂角·将天战靴,清空挂角·将天臂甲,,清空挂角·将天战甲,清空挂角·将天战盔,清空挂角·将天腰甲,,全会心等级提高162,crit|162,,|,“守如山”招式调息时间减少10秒,|
2165,清空挂角·见清,,,,,,清空挂角·见清履,清空挂角·见清护手,,清空挂角·见清衣,清空挂角·见清冠,清空挂角·见清带,,全会心等级提高162,crit|162,,|,“镇山河”招式调息时间减少25秒,|
2166,清空挂角·销铄,,,,,,清空挂角·销铄履,清空挂角·销铄护手,,清空挂角·销铄衣,清空挂角·销铄冠,清空挂角·销铄带,,全会心等级提高162,crit|162,,|,“转乾坤”招式调息时间减少10秒,|
2167,清空挂角·染月,,,,,,清空挂角·染月踏,清空挂角·染月袖,,清空挂角·染月罗衫,清空挂角·染月钗,清空挂角·染月带,,全会心等级提高162,crit|162,,|,“天地低昂”招式调息时间减少7秒,|
2168,清空挂角·新桃,,,,,,清空挂角·新桃踏,清空挂角·新桃袖,,清空挂角·新桃罗衫,清空挂角·新桃钗,清空挂角·新桃带,,全会心等级提高162,crit|162,,|,“天地低昂”招式调息时间减少7秒,|
2169,清空挂角·虫鸣,,,,,,清空挂角·虫鸣鞋,清空挂角·虫鸣袖,,清空挂角·虫鸣衣,清空挂角·虫鸣帽,清空挂角·虫鸣带,,全会心等级提高162,crit|162,,|,“玄水蛊”招式调息时间减少5秒,|
2170,清空挂角·占梦,,,,,,清空挂角·占梦鞋,清空挂角·占梦袖,,清空挂角·占梦衣,清空挂角·占梦帽,清空挂角·占梦带,,全会心等级提高162,crit|162,,|,“圣手织天”减伤效果持续时间延长1秒,|
2171,清空挂角·常山,,,,,,清空挂角·常山靴,清空挂角·常山护腕,,清空挂角·常山衣,清空挂角·常山冠,清空挂角·常山束腰,,全会心等级提高162,crit|162,,|,“惊鸿游龙”招式调息时间减少10秒,|
2172,清空挂角·密怀,,,,,,清空挂角·密怀靴,清空挂角·密怀护腕,,清空挂角·密怀衣,清空挂角·密怀冠,清空挂角·密怀束腰,,全会心等级提高162,crit|162,,|,“惊鸿游龙”招式调息时间减少10秒,|
2173,清空挂角·昂藏,,,,,,清空挂角·昂藏靴,清空挂角·昂藏护手,,清空挂角·昂藏袍,清空挂角·昂藏冠,清空挂角·昂藏带,,全会心等级提高162,crit|162,,|,“云栖松”招式调息时间减少8秒,|
2174,清空挂角·台城,,,,,,清空挂角·台城屐,清空挂角·台城缠,,清空挂角·台城衣,清空挂角·台城帽,清空挂角·台城带,,全会心等级提高162,crit|162,,|,“笑醉狂”招式调息时间减少6秒,|
2175,清空挂角·阳城,,,,,,清空挂角·阳城履,清空挂角·阳城护手,,清空挂角·阳城袍,清空挂角·阳城帽,清空挂角·阳城带,,全会心等级提高162,crit|162,,|,“贪魔体”招式调息时间减少5秒,|
2176,清空挂角·存馀,,,,,,清空挂角·存馀战靴,清空挂角·存馀臂甲,,清空挂角·存馀战甲,清空挂角·存馀战盔,清空挂角·存馀腰甲,,全会心等级提高162,crit|162,,|,“无惧”调息时间降低2秒,|
2177,清空挂角·乘漪,,,,,,清空挂角·乘漪丝履,清空挂角·乘漪袖,,清空挂角·乘漪衫,清空挂角·乘漪冠,清空挂角·乘漪带,,全会心等级提高162,crit|162,,|,“清绝影歌”招式调息时间减少15秒,|
2178,清空挂角·木兰,,,,,,清空挂角·木兰丝履,清空挂角·木兰袖,,清空挂角·木兰衫,清空挂角·木兰冠,清空挂角·木兰带,,全会心等级提高162,crit|162,,|,“杯水留影”招式调息时间减少30秒,|
2179,清空挂角·凝朝,,,,,,清空挂角·凝朝靴,清空挂角·凝朝护臂,,清空挂角·凝朝衣,清空挂角·凝朝冠,清空挂角·凝朝束腰,,全会心等级提高162,crit|162,,|,“散流霞”调息时间降低5秒,|
2180,清空挂角·云碎,,,,,,清空挂角·云碎履,清空挂角·云碎袖,,清空挂角·云碎衣,清空挂角·云碎冠,清空挂角·云碎带,,全会心等级提高162,crit|162,,|,疾电叱羽调息时间降低10秒,|
2181,清空挂角·无世,,,,,,清空挂角·无世靴,清空挂角·无世护手,,清空挂角·无世衣,清空挂角·无世冠,清空挂角·无世腰带,,全会心等级提高162,crit|162,,|,十方玄机调息时间降低5秒,|
2182,血染锋铓·来合,,,,,,血染锋铓·来合履,血染锋铓·来合护手,,血染锋铓·来合衣,血染锋铓·来合冠,血染锋铓·来合带,,全会心等级提高162,crit|162,,|,“无相诀”招式调息时间减少6秒,|
2183,血染锋铓·西望,,,,,,血染锋铓·西望履,血染锋铓·西望护手,,血染锋铓·西望衣,血染锋铓·西望冠,血染锋铓·西望带,,全会心等级提高162,crit|162,,|,“春泥护花”招式调息时间减少3秒,|
2184,血染锋铓·繁昼,,,,,,血染锋铓·繁昼履,血染锋铓·繁昼护手,,血染锋铓·繁昼衣,血染锋铓·繁昼冠,血染锋铓·繁昼带,,全会心等级提高162,crit|162,,|,“春泥护花”招式调息时间减少3秒,|
2185,血染锋铓·边曙,,,,,,血染锋铓·边曙战靴,血染锋铓·边曙臂甲,,血染锋铓·边曙战甲,血染锋铓·边曙战盔,血染锋铓·边曙腰甲,,全会心等级提高162,crit|162,,|,“守如山”招式调息时间减少10秒,|
2186,血染锋铓·俟霞,,,,,,血染锋铓·俟霞履,血染锋铓·俟霞护手,,血染锋铓·俟霞衣,血染锋铓·俟霞冠,血染锋铓·俟霞带,,全会心等级提高162,crit|162,,|,“镇山河”招式调息时间减少25秒,|
2187,血染锋铓·倒玉,,,,,,血染锋铓·倒玉履,血染锋铓·倒玉护手,,血染锋铓·倒玉衣,血染锋铓·倒玉冠,血染锋铓·倒玉带,,全会心等级提高162,crit|162,,|,“转乾坤”招式调息时间减少10秒,|
2188,血染锋铓·徽织,,,,,,血染锋铓·徽织踏,血染锋铓·徽织袖,,血染锋铓·徽织罗衫,血染锋铓·徽织钗,血染锋铓·徽织带,,全会心等级提高162,crit|162,,|,“天地低昂”招式调息时间减少7秒,|
2189,血染锋铓·柘枝,,,,,,血染锋铓·柘枝踏,血染锋铓·柘枝袖,,血染锋铓·柘枝罗衫,血染锋铓·柘枝钗,血染锋铓·柘枝带,,全会心等级提高162,crit|162,,|,“天地低昂”招式调息时间减少7秒,|
2190,血染锋铓·霜毒,,,,,,血染锋铓·霜毒鞋,血染锋铓·霜毒袖,,血染锋铓·霜毒衣,血染锋铓·霜毒帽,血染锋铓·霜毒带,,全会心等级提高162,crit|162,,|,“玄水蛊”招式调息时间减少5秒,|
2191,血染锋铓·浮芳,,,,,,血染锋铓·浮芳鞋,血染锋铓·浮芳袖,,血染锋铓·浮芳衣,血染锋铓·浮芳帽,血染锋铓·浮芳带,,全会心等级提高162,crit|162,,|,“圣手织天”减伤效果持续时间延长1秒,|
2192,血染锋铓·野径,,,,,,血染锋铓·野径靴,血染锋铓·野径护腕,,血染锋铓·野径衣,血染锋铓·野径冠,血染锋铓·野径束腰,,全会心等级提高162,crit|162,,|,“惊鸿游龙”招式调息时间减少10秒,|
2193,血染锋铓·惊魄,,,,,,血染锋铓·惊魄靴,血染锋铓·惊魄护腕,,血染锋铓·惊魄衣,血染锋铓·惊魄冠,血染锋铓·惊魄束腰,,全会心等级提高162,crit|162,,|,“惊鸿游龙”招式调息时间减少10秒,|
2194,血染锋铓·枯荣,,,,,,血染锋铓·枯荣靴,血染锋铓·枯荣护手,,血染锋铓·枯荣袍,血染锋铓·枯荣冠,血染锋铓·枯荣带,,全会心等级提高162,crit|162,,|,“云栖松”招式调息时间减少8秒,|
2195,血染锋铓·振湖,,,,,,血染锋铓·振湖屐,血染锋铓·振湖缠,,血染锋铓·振湖衣,血染锋铓·振湖帽,血染锋铓·振湖带,,全会心等级提高162,crit|162,,|,“笑醉狂”招式调息时间减少6秒,|
2196,血染锋铓·广漠,,,,,,血染锋铓·广漠履,血染锋铓·广漠护手,,血染锋铓·广漠袍,血染锋铓·广漠帽,血染锋铓·广漠带,,全会心等级提高162,crit|162,,|,“贪魔体”招式调息时间减少5秒,|
2197,血染锋铓·负誉,,,,,,血染锋铓·负誉战靴,血染锋铓·负誉臂甲,,血染锋铓·负誉战甲,血染锋铓·负誉战盔,血染锋铓·负誉腰甲,,全会心等级提高162,crit|162,,|,“无惧”调息时间降低2秒,|
2198,血染锋铓·轻翮,,,,,,血染锋铓·轻翮丝履,血染锋铓·轻翮袖,,血染锋铓·轻翮衫,血染锋铓·轻翮冠,血染锋铓·轻翮带,,全会心等级提高162,crit|162,,|,“清绝影歌”招式调息时间减少15秒,|
2199,血染锋铓·藤绿,,,,,,血染锋铓·藤绿丝履,血染锋铓·藤绿袖,,血染锋铓·藤绿衫,血染锋铓·藤绿冠,血染锋铓·藤绿带,,全会心等级提高162,crit|162,,|,“杯水留影”招式调息时间减少30秒,|
2200,血染锋铓·象元,,,,,,血染锋铓·象元靴,血染锋铓·象元护臂,,血染锋铓·象元衣,血染锋铓·象元冠,血染锋铓·象元束腰,,全会心等级提高162,crit|162,,|,“散流霞”调息时间降低5秒,|
2201,血染锋铓·泗海,,,,,,血染锋铓·泗海履,血染锋铓·泗海袖,,血染锋铓·泗海衣,血染锋铓·泗海冠,血染锋铓·泗海带,,全会心等级提高162,crit|162,,|,疾电叱羽调息时间降低10秒,|
2202,血染锋铓·朝霜,,,,,,血染锋铓·朝霜靴,血染锋铓·朝霜护手,,血染锋铓·朝霜衣,血染锋铓·朝霜冠,血染锋铓·朝霜腰带,,全会心等级提高162,crit|162,,|,十方玄机调息时间降低5秒,|
2203,鱼龙跋浪·度寰,,,,,,鱼龙跋浪·度寰履,鱼龙跋浪·度寰护手,,鱼龙跋浪·度寰衣,鱼龙跋浪·度寰冠,鱼龙跋浪·度寰带,,内功破防等级提高162,overcome|162,,|,“捉影式”招式调息时间减少3秒,|
2204,鱼龙跋浪·知岩,,,,,,鱼龙跋浪·知岩履,鱼龙跋浪·知岩护手,,鱼龙跋浪·知岩衣,鱼龙跋浪·知岩冠,鱼龙跋浪·知岩带,,内功破防等级提高162,overcome|162,,|,“水月无间”招式调息时间减少6秒,|
2205,鱼龙跋浪·云萝,,,,,,鱼龙跋浪·云萝履,鱼龙跋浪·云萝护手,,鱼龙跋浪·云萝衣,鱼龙跋浪·云萝冠,鱼龙跋浪·云萝带,,加速等级提高162,acce|162,,|,“水月无间”招式调息时间减少6秒,|
2206,鱼龙跋浪·懋德,,,,,,鱼龙跋浪·懋德战靴,鱼龙跋浪·懋德臂甲,,鱼龙跋浪·懋德战甲,鱼龙跋浪·懋德战盔,鱼龙跋浪·懋德腰甲,,外功破防等级提高162,overcome|162,,|,“突”招式调息时间减少3秒,|
2207,鱼龙跋浪·御极,,,,,,鱼龙跋浪·御极履,鱼龙跋浪·御极护手,,鱼龙跋浪·御极衣,鱼龙跋浪·御极冠,鱼龙跋浪·御极带,,内功破防等级提高162,overcome|162,,|,“生太极”招式调息时间减少1秒,|
2208,鱼龙跋浪·重云,,,,,,鱼龙跋浪·重云履,鱼龙跋浪·重云护手,,鱼龙跋浪·重云衣,鱼龙跋浪·重云冠,鱼龙跋浪·重云带,,外功破防等级提高162,overcome|162,,|,“人剑合一”招式调息时间减少1秒,|
2209,鱼龙跋浪·断情,,,,,,鱼龙跋浪·断情踏,鱼龙跋浪·断情袖,,鱼龙跋浪·断情罗衫,鱼龙跋浪·断情钗,鱼龙跋浪·断情带,,内功破防等级提高162,overcome|162,,|,“帝骖龙翔”招式调息时间减少2秒,|
2210,鱼龙跋浪·思君,,,,,,鱼龙跋浪·思君踏,鱼龙跋浪·思君袖,,鱼龙跋浪·思君罗衫,鱼龙跋浪·思君钗,鱼龙跋浪·思君带,,加速等级提高162,acce|162,,|,“繁音急节”招式调息时间减少10秒,|
2211,鱼龙跋浪·影蛊,,,,,,鱼龙跋浪·影蛊鞋,鱼龙跋浪·影蛊袖,,鱼龙跋浪·影蛊衣,鱼龙跋浪·影蛊帽,鱼龙跋浪·影蛊带,,内功破防等级提高162,overcome|162,,|,“蛊虫献祭”招式调息时间减少3秒,|
2212,鱼龙跋浪·轻那,,,,,,鱼龙跋浪·轻那鞋,鱼龙跋浪·轻那袖,,鱼龙跋浪·轻那衣,鱼龙跋浪·轻那帽,鱼龙跋浪·轻那带,,加速等级提高162,acce|162,,|,“蛊虫献祭”招式调息时间减少3秒,|
2213,鱼龙跋浪·危夜,,,,,,鱼龙跋浪·危夜靴,鱼龙跋浪·危夜护腕,,鱼龙跋浪·危夜衣,鱼龙跋浪·危夜冠,鱼龙跋浪·危夜束腰,,内功破防等级提高162,overcome|162,,|,“雷震子”招式调息时间减少5秒,|
2214,鱼龙跋浪·荆竹,,,,,,鱼龙跋浪·荆竹靴,鱼龙跋浪·荆竹护腕,,鱼龙跋浪·荆竹衣,鱼龙跋浪·荆竹冠,鱼龙跋浪·荆竹束腰,,外功破防等级提高162,overcome|162,,|,“雷震子”招式调息时间减少5秒,|
2215,鱼龙跋浪·子陵,,,,,,鱼龙跋浪·子陵靴,鱼龙跋浪·子陵护手,,鱼龙跋浪·子陵袍,鱼龙跋浪·子陵冠,鱼龙跋浪·子陵带,,外功破防等级提高162,overcome|162,,|,“醉月”招式调息时间减少1秒,|
2216,鱼龙跋浪·长醺,,,,,,鱼龙跋浪·长醺屐,鱼龙跋浪·长醺缠,,鱼龙跋浪·长醺衣,鱼龙跋浪·长醺帽,鱼龙跋浪·长醺带,,外功破防等级提高162,overcome|162,,|,“乘龙戏水”招式调息时间减少2秒,|
2217,鱼龙跋浪·金鼓,,,,,,鱼龙跋浪·金鼓履,鱼龙跋浪·金鼓护手,,鱼龙跋浪·金鼓袍,鱼龙跋浪·金鼓帽,鱼龙跋浪·金鼓带,,内功破防等级提高162,overcome|162,,|,“怖畏暗刑”招式调息时间减少4秒,|
2218,鱼龙跋浪·远致,,,,,,鱼龙跋浪·远致战靴,鱼龙跋浪·远致臂甲,,鱼龙跋浪·远致战甲,鱼龙跋浪·远致战盔,鱼龙跋浪·远致腰甲,,外功破防等级提高162,overcome|162,,|,“血怒”充能时间降低3秒,|
2219,鱼龙跋浪·连宵,,,,,,鱼龙跋浪·连宵丝履,鱼龙跋浪·连宵袖,,鱼龙跋浪·连宵衣,鱼龙跋浪·连宵冠,鱼龙跋浪·连宵带,,内功破防等级提高162,overcome|162,,|,“孤影化双”招式调息时间减少30秒,|
2220,鱼龙跋浪·缭绫,,,,,,鱼龙跋浪·缭绫丝履,鱼龙跋浪·缭绫袖,,鱼龙跋浪·缭绫衣,鱼龙跋浪·缭绫冠,鱼龙跋浪·缭绫带,,加速等级提高162,acce|162,,|,“孤影化双”招式调息时间减少30秒,|
2221,鱼龙跋浪·晚林,,,,,,鱼龙跋浪·晚林靴,鱼龙跋浪·晚林护臂,,鱼龙跋浪·晚林衣,鱼龙跋浪·晚林冠,鱼龙跋浪·晚林束腰,,外功破防等级提高162,overcome|162,,|,“楚河汉界”调息时间降低5秒,|
2222,鱼龙跋浪·独冥,,,,,,鱼龙跋浪·独冥履,鱼龙跋浪·独冥袖,,鱼龙跋浪·独冥衣,鱼龙跋浪·独冥冠,鱼龙跋浪·独冥带,,外功破防等级提高162,overcome|162,,|,浮游天地调息时间降低2秒,|
2223,鱼龙跋浪·羲和,,,,,,鱼龙跋浪·羲和靴,鱼龙跋浪·羲和护手,,鱼龙跋浪·羲和衣,鱼龙跋浪·羲和冠,鱼龙跋浪·羲和腰带,,外功破防等级提高162,overcome|162,,|,骤雨寒江调息时间降低2秒,|
2224,鹤梦·隐辰,,,,,,鹤梦·隐辰靴,鹤梦·隐辰护手,,鹤梦·隐辰衣,鹤梦·隐辰冠,鹤梦·隐辰腰带,,"“寂洪荒”伤害提高10%, “金戈回澜”伤害提高10%",|,,|,施展外功伤害招式，一定几率提高自身外功基础攻击力10%，持续6秒。,|
2225,天韶·藏雪,,,,,,天韶·藏雪靴,天韶·藏雪护手,,天韶·藏雪衣,天韶·藏雪帽,天韶·藏雪腰带,,施展外功伤害招式，一定几率提高自身外功基础攻击力10%，持续6秒。,|,,|,"“寂洪荒”伤害提高10%, “金戈回澜”伤害提高10%",|
2226,霜威海岱·暮微,,,,,,霜威海岱·暮微靴,霜威海岱·暮微护手,,霜威海岱·暮微衣,霜威海岱·暮微冠,霜威海岱·暮微腰带,,全会心等级提高107,crit|107,,|,十方玄机调息时间降低5秒,|
2227,煞心焚骨·云峰,,,,,,煞心焚骨·云峰靴,煞心焚骨·云峰护手,,煞心焚骨·云峰衣,煞心焚骨·云峰冠,煞心焚骨·云峰腰带,,全会心等级提高107,crit|107,,|,十方玄机调息时间降低5秒,|
2228,鲸波荡世·朝白,,,,,,鲸波荡世·朝白靴,鲸波荡世·朝白护手,,鲸波荡世·朝白衣,鲸波荡世·朝白冠,鲸波荡世·朝白腰带,,全会心等级提高117,crit|117,,|,十方玄机调息时间降低5秒,|
2229,醉解敌颅·鸿浅,,,,,,醉解敌颅·鸿浅靴,醉解敌颅·鸿浅护手,,醉解敌颅·鸿浅衣,醉解敌颅·鸿浅冠,醉解敌颅·鸿浅腰带,,全会心等级提高117,crit|117,,|,十方玄机调息时间降低5秒,|
2230,沧海狂澜·含光,,,,,,沧海狂澜·含光靴,沧海狂澜·含光护手,,沧海狂澜·含光衣,沧海狂澜·含光冠,沧海狂澜·含光腰带,,外功破防等级提高117,overcome|117,,|,骤雨寒江调息时间降低2秒,|
2231,凌绝·风破,,,,,,凌绝·风破靴,凌绝·风破护手,,凌绝·风破衣,凌绝·风破帽,凌绝·风破腰带,,"“寂洪荒”伤害提高10%, “金戈回澜”伤害提高10%",|,,|,施展外功伤害招式，一定几率提高自身外功基础攻击力10%，持续6秒。,|
2235,傲骨寒芒·飘飖,,,,,,傲骨寒芒·飘飖靴,傲骨寒芒·飘飖护手,,傲骨寒芒·飘飖衣,傲骨寒芒·飘飖冠,傲骨寒芒·飘飖腰带,,外功破防等级提高107,overcome|107,,|,骤雨寒江调息时间降低2秒,|
2236,万里长风·浮霄,,,,,,万里长风·浮霄靴,万里长风·浮霄护手,,万里长风·浮霄衣,万里长风·浮霄冠,万里长风·浮霄腰带,,全会心等级提高75,crit|75,,|,十方玄机调息时间降低5秒,|
2237,剑鸣八荒·鲸陵,,,,,,剑鸣八荒·鲸陵靴,剑鸣八荒·鲸陵护手,,剑鸣八荒·鲸陵衣,剑鸣八荒·鲸陵冠,剑鸣八荒·鲸陵腰带,,全会心等级提高75,crit|75,,|,十方玄机调息时间降低5秒,|
2238,凌幡折风·知处,凌幡折风·知处链,凌幡折风·知处坠,凌幡折风·知处戒,凌幡折风·知处戒,,,,,,,,,化劲等级提高100,huajing|100,御劲等级提高100,toughness|100,,|
2239,凌幡折风·云亭,凌幡折风·云亭链,凌幡折风·云亭坠,凌幡折风·云亭戒,凌幡折风·云亭戒,,,,,,,,,化劲等级提高100,huajing|100,御劲等级提高100,toughness|100,,|
2240,凌幡折风·坛月,凌幡折风·坛月链,凌幡折风·坛月坠,凌幡折风·坛月戒,凌幡折风·坛月戒,,,,,,,,,化劲等级提高100,huajing|100,御劲等级提高100,toughness|100,,|
2241,凌幡折风·堑冰,凌幡折风·堑冰链,凌幡折风·堑冰坠,凌幡折风·堑冰戒,凌幡折风·堑冰戒,,,,,,,,,化劲等级提高100,huajing|100,御劲等级提高100,toughness|100,,|
2242,凌幡折风·入妄,凌幡折风·入妄链,凌幡折风·入妄坠,凌幡折风·入妄戒,凌幡折风·入妄戒,,,,,,,,,化劲等级提高100,huajing|100,御劲等级提高100,toughness|100,,|
2243,凌幡折风·清汉,凌幡折风·清汉链,凌幡折风·清汉坠,凌幡折风·清汉戒,凌幡折风·清汉戒,,,,,,,,,化劲等级提高100,huajing|100,御劲等级提高100,toughness|100,,|
2244,凌幡折风·霄影,凌幡折风·霄影链,凌幡折风·霄影坠,凌幡折风·霄影戒,凌幡折风·霄影戒,,,,,,,,,化劲等级提高100,huajing|100,御劲等级提高100,toughness|100,,|
2245,凌幡折风·拂香,凌幡折风·拂香链,凌幡折风·拂香坠,凌幡折风·拂香戒,凌幡折风·拂香戒,,,,,,,,,化劲等级提高100,huajing|100,御劲等级提高100,toughness|100,,|
2246,凌幡折风·梦遥,凌幡折风·梦遥链,凌幡折风·梦遥坠,凌幡折风·梦遥戒,凌幡折风·梦遥戒,,,,,,,,,化劲等级提高100,huajing|100,御劲等级提高100,toughness|100,,|
2247,凌幡折风·幻生,凌幡折风·幻生链,凌幡折风·幻生坠,凌幡折风·幻生戒,凌幡折风·幻生戒,,,,,,,,,化劲等级提高100,huajing|100,御劲等级提高100,toughness|100,,|
2248,凌幡折风·引霜,凌幡折风·引霜链,凌幡折风·引霜坠,凌幡折风·引霜戒,凌幡折风·引霜戒,,,,,,,,,化劲等级提高100,huajing|100,御劲等级提高100,toughness|100,,|
2249,凌幡折风·转舟,凌幡折风·转舟链,凌幡折风·转舟坠,凌幡折风·转舟戒,凌幡折风·转舟戒,,,,,,,,,化劲等级提高100,huajing|100,御劲等级提高100,toughness|100,,|
2250,凌幡折风·洞野,凌幡折风·洞野链,凌幡折风·洞野坠,凌幡折风·洞野戒,凌幡折风·洞野戒,,,,,,,,,化劲等级提高100,huajing|100,御劲等级提高100,toughness|100,,|
2251,凌幡折风·却庭,凌幡折风·却庭链,凌幡折风·却庭坠,凌幡折风·却庭戒,凌幡折风·却庭戒,,,,,,,,,化劲等级提高100,huajing|100,御劲等级提高100,toughness|100,,|
2252,凌幡折风·腾沙,凌幡折风·腾沙链,凌幡折风·腾沙坠,凌幡折风·腾沙戒,凌幡折风·腾沙戒,,,,,,,,,化劲等级提高100,huajing|100,御劲等级提高100,toughness|100,,|
2253,凌幡折风·陇云,凌幡折风·陇云链,凌幡折风·陇云坠,凌幡折风·陇云戒,凌幡折风·陇云戒,,,,,,,,,化劲等级提高100,huajing|100,御劲等级提高100,toughness|100,,|
2254,凌幡折风·盈水,凌幡折风·盈水链,凌幡折风·盈水坠,凌幡折风·盈水戒,凌幡折风·盈水戒,,,,,,,,,化劲等级提高100,huajing|100,御劲等级提高100,toughness|100,,|
2255,凌幡折风·动尘,凌幡折风·动尘链,凌幡折风·动尘坠,凌幡折风·动尘戒,凌幡折风·动尘戒,,,,,,,,,化劲等级提高100,huajing|100,御劲等级提高100,toughness|100,,|
2256,凌幡折风·含泉,凌幡折风·含泉链,凌幡折风·含泉坠,凌幡折风·含泉戒,凌幡折风·含泉戒,,,,,,,,,化劲等级提高100,huajing|100,御劲等级提高100,toughness|100,,|
2257,凌幡折风·长波,凌幡折风·长波链,凌幡折风·长波坠,凌幡折风·长波戒,凌幡折风·长波戒,,,,,,,,,化劲等级提高100,huajing|100,御劲等级提高100,toughness|100,,|
2258,凌幡折风·飞血,凌幡折风·飞血链,凌幡折风·飞血坠,凌幡折风·飞血戒,凌幡折风·飞血戒,,,,,,,,,化劲等级提高100,huajing|100,御劲等级提高100,toughness|100,,|
2259,烈焰离渊·六度,烈焰离渊·六度链,烈焰离渊·六度坠,烈焰离渊·六度戒,烈焰离渊·六度戒,,,,,,,,,化劲等级提高100,huajing|100,御劲等级提高100,toughness|100,,|
2260,烈焰离渊·潜怀,烈焰离渊·潜怀链,烈焰离渊·潜怀坠,烈焰离渊·潜怀戒,烈焰离渊·潜怀戒,,,,,,,,,化劲等级提高100,huajing|100,御劲等级提高100,toughness|100,,|
2261,烈焰离渊·呼月,烈焰离渊·呼月链,烈焰离渊·呼月坠,烈焰离渊·呼月戒,烈焰离渊·呼月戒,,,,,,,,,化劲等级提高100,huajing|100,御劲等级提高100,toughness|100,,|
2262,烈焰离渊·英勇,烈焰离渊·英勇链,烈焰离渊·英勇坠,烈焰离渊·英勇戒,烈焰离渊·英勇戒,,,,,,,,,化劲等级提高100,huajing|100,御劲等级提高100,toughness|100,,|
2263,烈焰离渊·杀威,烈焰离渊·杀威链,烈焰离渊·杀威坠,烈焰离渊·杀威戒,烈焰离渊·杀威戒,,,,,,,,,化劲等级提高100,huajing|100,御劲等级提高100,toughness|100,,|
2264,烈焰离渊·行云,烈焰离渊·行云链,烈焰离渊·行云坠,烈焰离渊·行云戒,烈焰离渊·行云戒,,,,,,,,,化劲等级提高100,huajing|100,御劲等级提高100,toughness|100,,|
2265,烈焰离渊·惘然,烈焰离渊·惘然链,烈焰离渊·惘然坠,烈焰离渊·惘然戒,烈焰离渊·惘然戒,,,,,,,,,化劲等级提高100,huajing|100,御劲等级提高100,toughness|100,,|
2266,烈焰离渊·白头,烈焰离渊·白头链,烈焰离渊·白头坠,烈焰离渊·白头戒,烈焰离渊·白头戒,,,,,,,,,化劲等级提高100,huajing|100,御劲等级提高100,toughness|100,,|
2267,烈焰离渊·剜心,烈焰离渊·剜心链,烈焰离渊·剜心坠,烈焰离渊·剜心戒,烈焰离渊·剜心戒,,,,,,,,,化劲等级提高100,huajing|100,御劲等级提高100,toughness|100,,|
2268,烈焰离渊·玉碎,烈焰离渊·玉碎链,烈焰离渊·玉碎坠,烈焰离渊·玉碎戒,烈焰离渊·玉碎戒,,,,,,,,,化劲等级提高100,huajing|100,御劲等级提高100,toughness|100,,|
2269,烈焰离渊·催魂,烈焰离渊·催魂链,烈焰离渊·催魂坠,烈焰离渊·催魂戒,烈焰离渊·催魂戒,,,,,,,,,化劲等级提高100,huajing|100,御劲等级提高100,toughness|100,,|
2270,烈焰离渊·夜半,烈焰离渊·夜半链,烈焰离渊·夜半坠,烈焰离渊·夜半戒,烈焰离渊·夜半戒,,,,,,,,,化劲等级提高100,huajing|100,御劲等级提高100,toughness|100,,|
2271,烈焰离渊·不明,烈焰离渊·不明链,烈焰离渊·不明坠,烈焰离渊·不明戒,烈焰离渊·不明戒,,,,,,,,,化劲等级提高100,huajing|100,御劲等级提高100,toughness|100,,|
2272,烈焰离渊·临酒,烈焰离渊·临酒链,烈焰离渊·临酒坠,烈焰离渊·临酒戒,烈焰离渊·临酒戒,,,,,,,,,化劲等级提高100,huajing|100,御劲等级提高100,toughness|100,,|
2273,烈焰离渊·乌兔,烈焰离渊·乌兔链,烈焰离渊·乌兔坠,烈焰离渊·乌兔戒,烈焰离渊·乌兔戒,,,,,,,,,化劲等级提高100,huajing|100,御劲等级提高100,toughness|100,,|
2274,烈焰离渊·杀伐,烈焰离渊·杀伐链,烈焰离渊·杀伐坠,烈焰离渊·杀伐戒,烈焰离渊·杀伐戒,,,,,,,,,化劲等级提高100,huajing|100,御劲等级提高100,toughness|100,,|
2275,烈焰离渊·哀愁,烈焰离渊·哀愁链,烈焰离渊·哀愁坠,烈焰离渊·哀愁戒,烈焰离渊·哀愁戒,,,,,,,,,化劲等级提高100,huajing|100,御劲等级提高100,toughness|100,,|
2276,烈焰离渊·徒然,烈焰离渊·徒然链,烈焰离渊·徒然坠,烈焰离渊·徒然戒,烈焰离渊·徒然戒,,,,,,,,,化劲等级提高100,huajing|100,御劲等级提高100,toughness|100,,|
2277,烈焰离渊·血饮,烈焰离渊·血饮链,烈焰离渊·血饮坠,烈焰离渊·血饮戒,烈焰离渊·血饮戒,,,,,,,,,化劲等级提高100,huajing|100,御劲等级提高100,toughness|100,,|
2278,烈焰离渊·玄妙,烈焰离渊·玄妙链,烈焰离渊·玄妙坠,烈焰离渊·玄妙戒,烈焰离渊·玄妙戒,,,,,,,,,化劲等级提高100,huajing|100,御劲等级提高100,toughness|100,,|
2279,烈焰离渊·无痕,烈焰离渊·无痕链,烈焰离渊·无痕坠,烈焰离渊·无痕戒,烈焰离渊·无痕戒,,,,,,,,,化劲等级提高100,huajing|100,御劲等级提高100,toughness|100,,|
2280,霜威海岱·暮微,霜威海岱·暮微链,霜威海岱·暮微坠,霜威海岱·暮微戒,霜威海岱·暮微戒,,,,,,,,,御劲等级提高67,toughness|67,化劲等级提高67,huajing|67,,|
2281,煞心焚骨·云峰,煞心焚骨·云峰链,煞心焚骨·云峰坠,煞心焚骨·云峰戒,煞心焚骨·云峰戒,,,,,,,,,御劲等级提高67,toughness|67,化劲等级提高67,huajing|67,,|
2282,鲸波荡世·朝白,鲸波荡世·朝白链,鲸波荡世·朝白坠,鲸波荡世·朝白戒,鲸波荡世·朝白戒,,,,,,,,,化劲等级提高73,huajing|73,御劲等级提高73,toughness|73,,|
2283,醉解敌颅·鸿浅,醉解敌颅·鸿浅链,醉解敌颅·鸿浅坠,醉解敌颅·鸿浅戒,醉解敌颅·鸿浅戒,,,,,,,,,化劲等级提高73,huajing|73,御劲等级提高73,toughness|73,,|
2284,清空挂角·无世,清空挂角·无世链,清空挂角·无世坠,清空挂角·无世戒,清空挂角·无世戒,,,,,,,,,御劲等级提高85,toughness|85,化劲等级提高85,huajing|85,,|
2285,血染锋铓·朝霜,血染锋铓·朝霜链,血染锋铓·朝霜坠,血染锋铓·朝霜戒,血染锋铓·朝霜戒,,,,,,,,,御劲等级提高85,toughness|85,化劲等级提高85,huajing|85,,|
2286,万里长风·浮霄,万里长风·浮霄链,万里长风·浮霄坠,万里长风·浮霄戒,万里长风·浮霄戒,,,,,,,,,化劲等级提高47,huajing|47,御劲等级提高47,toughness|47,,|
2287,剑鸣八荒·鲸陵,剑鸣八荒·鲸陵链,剑鸣八荒·鲸陵坠,剑鸣八荒·鲸陵戒,剑鸣八荒·鲸陵戒,,,,,,,,,化劲等级提高47,huajing|47,御劲等级提高47,toughness|47,,|
2288,文王·游归,,,,,,文王·游归靴,文王·游归护手,,文王·游归衣,文王·游归冠,文王·游归腰带,,施展外功伤害招式，一定几率提高自身外功基础攻击力10%，持续6秒。,|,,|,"“寂洪荒”伤害提高10%, “金戈回澜”伤害提高10%",|
2289,雪河·重尘,,,,,,雪河·重尘靴,雪河·重尘护手,,雪河·重尘衣,雪河·重尘冠,雪河·重尘腰带,,"“寂洪荒”伤害提高10%, “金戈回澜”伤害提高10%",|,,|,施展外功伤害招式，一定几率提高自身外功基础攻击力10%，持续6秒。,|
2290,燕云·雁思,,,,,,燕云·雁思靴,燕云·雁思护手,,燕云·雁思衣,燕云·雁思冠,燕云·雁思腰带,,施展外功伤害招式，一定几率提高自身外功基础攻击力10%，持续6秒。,|,,|,"“寂洪荒”伤害提高10%, “金戈回澜”伤害提高10%",|
2291,驰冥·夜城,,,,,,驰冥·夜城靴,驰冥·夜城护手,,驰冥·夜城衣,驰冥·夜城冠,驰冥·夜城腰带,,"“寂洪荒”伤害提高10%, “金戈回澜”伤害提高10%",|,,|,施展外功伤害招式，一定几率提高自身外功基础攻击力10%，持续6秒。,|
2292,未烬·涯然,,,,,,未烬·涯然靴,未烬·涯然护手,,未烬·涯然衣,未烬·涯然冠,未烬·涯然腰带,,施展外功伤害招式，一定几率提高自身外功基础攻击力10%，持续6秒。,|,,|,"“寂洪荒”伤害提高10%, “金戈回澜”伤害提高10%",|
2293,菩提,,,,,,,,,菩提御厨上衣·火候,,菩提御厨腰带·火候,菩提擀面杖·火候,全属性提高62,body/spirit/strength/agility/spunk|62,,|,,|
2294,菩提,,,,,,,,,菩提御厨上衣·清蒸,,菩提御厨腰带·清蒸,菩提擀面杖·清蒸,全属性提高62,body/spirit/strength/agility/spunk|62,,|,,|
2295,翡翠,,,,,,,,,翡翠御厨上衣·火候,,翡翠御厨腰带·火候,翡翠玲珑筷·火候,全属性提高62,body/spirit/strength/agility/spunk|62,,|,,|
2296,翡翠,,,,,,,,,翡翠御厨上衣·水煮,,翡翠御厨腰带·水煮,翡翠玲珑筷·水煮,全属性提高62,body/spirit/strength/agility/spunk|62,,|,,|
2297,御赐,,,,,,,,,御赐御厨上衣·刀功,,御赐御厨腰带·刀功,御赐大锅铲·刀功,全属性提高62,body/spirit/strength/agility/spunk|62,,|,,|
2298,御赐,,,,,,,,,御赐御厨上衣·生煎,,御赐御厨腰带·生煎,御赐大锅铲·生煎,全属性提高62,body/spirit/strength/agility/spunk|62,,|,,|
2299,灵虚,,,,,,,,,灵虚御厨上衣·火候,,灵虚御厨腰带·火候,灵虚大菜刀·火候,全属性提高62,body/spirit/strength/agility/spunk|62,,|,,|
2300,灵虚,,,,,,,,,灵虚御厨上衣·刀功,,灵虚御厨腰带·刀功,灵虚大菜刀·刀功,全属性提高62,body/spirit/strength/agility/spunk|62,,|,,|
2301,霓裳,,,,,,,,,霓裳御厨上衣·火候,,霓裳御厨腰带·火候,霓裳玉女勺·火候,全属性提高62,body/spirit/strength/agility/spunk|62,,|,,|
2302,霓裳,,,,,,,,,霓裳御厨上衣·水煮,,霓裳御厨腰带·水煮,霓裳玉女勺·水煮,全属性提高62,body/spirit/strength/agility/spunk|62,,|,,|
2303,瑶星,,,,,,,,,瑶星御厨上衣·火候,,瑶星御厨腰带·火候,瑶星青玉葱·火候,全属性提高62,body/spirit/strength/agility/spunk|62,,|,,|
2304,瑶星,,,,,,,,,瑶星御厨上衣·水煮,,瑶星御厨腰带·水煮,瑶星青玉葱·水煮,全属性提高62,body/spirit/strength/agility/spunk|62,,|,,|
2305,蜀月,,,,,,,,,蜀月御厨上衣·火候,,蜀月御厨腰带·火候,蜀月竹筒饭·火候,全属性提高62,body/spirit/strength/agility/spunk|62,,|,,|
2306,蜀月,,,,,,,,,蜀月御厨上衣·刀功,,蜀月御厨腰带·刀功,蜀月竹筒饭·刀功,全属性提高62,body/spirit/strength/agility/spunk|62,,|,,|
2307,至尊,,,,,,,,,至尊御厨上衣·刀功,,至尊御厨腰带·刀功,至尊剔骨刀·刀功,全属性提高62,body/spirit/strength/agility/spunk|62,,|,,|
2308,醉梦逍遥,,,,,,,,,醉梦逍遥上衣·刀功,,醉梦逍遥腰带·刀功,醉梦逍遥棒·刀功,全属性提高62,body/spirit/strength/agility/spunk|62,,|,,|
2309,妙火,,,,,,,,,妙火御厨上衣·火候,,妙火御厨腰带·火候,妙火天香串·火候,全属性提高62,body/spirit/strength/agility/spunk|62,,|,,|
2310,妙火,,,,,,,,,妙火御厨上衣·清蒸,,妙火御厨腰带·清蒸,妙火天香串·清蒸,全属性提高62,body/spirit/strength/agility/spunk|62,,|,,|
2311,塞雪,,,,,,,,,塞雪御厨上衣·刀工,,塞雪御厨腰带·刀工,塞雪蒸鱼屉·刀功,全属性提高62,body/spirit/strength/agility/spunk|62,,|,,|
2312,塞雪,,,,,,,,,塞雪御厨上衣·清蒸,,塞雪御厨腰带·清蒸,塞雪蒸鱼屉·清蒸,全属性提高62,body/spirit/strength/agility/spunk|62,,|,,|
2313,古意,,,,,,,,,古意御厨上衣·火候,,古意御厨腰带·火候,古意调味匣·火候,全属性提高62,body/spirit/strength/agility/spunk|62,,|,,|
2314,古意,,,,,,,,,古意御厨上衣·水煮,,古意御厨腰带·水煮,古意调味匣·水煮,全属性提高62,body/spirit/strength/agility/spunk|62,,|,,|
2315,傲寒,,,,,,,,,傲寒御厨上衣·刀功,,傲寒御厨腰带·刀功 ,傲寒绛腊厨装·刀功,全属性提高62,body/spirit/strength/agility/spunk|62,,|,,|
2316,沧波,,,,,,,,,沧波御厨上衣·刀功,,沧波御厨腰带·刀功 ,沧波渔网架·刀功,全属性提高62,body/spirit/strength/agility/spunk|62,,|,,|
2317,凌晓,,,,,,,,,凌晓御厨上衣·刀功,,凌晓御厨腰带·刀功 ,凌晓绿竹剑·刀功,全属性提高62,body/spirit/strength/agility/spunk|62,,|,,|
2318,天命奉节·观世,,,,,,天命奉节·观世靴,天命奉节·观世袖,,天命奉节·观世袈裟,天命奉节·观世冠,天命奉节·观世带,,全会心等级提高189,crit|189,,|,“无相诀”招式调息时间减少6秒,|
2319,天命奉节·忆侠,,,,,,天命奉节·忆侠履,天命奉节·忆侠袖,,天命奉节·忆侠衫,天命奉节·忆侠冠,天命奉节·忆侠带,,全会心等级提高189,crit|189,,|,“春泥护花”招式调息时间减少3秒,|
2320,天命奉节·秋居,,,,,,天命奉节·秋居履,天命奉节·秋居袖,,天命奉节·秋居衫,天命奉节·秋居冠,天命奉节·秋居带,,全会心等级提高189,crit|189,,|,“春泥护花”招式调息时间减少3秒,|
2321,天命奉节·俊赏,,,,,,天命奉节·俊赏靴,天命奉节·俊赏护臂,,天命奉节·俊赏甲,天命奉节·俊赏战盔,天命奉节·俊赏护腰,,全会心等级提高189,crit|189,,|,“守如山”招式调息时间减少10秒,|
2322,天命奉节·星华,,,,,,天命奉节·星华靴,天命奉节·星华袖,,天命奉节·星华衣,天命奉节·星华冠,天命奉节·星华带,,全会心等级提高189,crit|189,,|,“镇山河”招式调息时间减少25秒,|
2323,天命奉节·剑吾,,,,,,天命奉节·剑吾靴,天命奉节·剑吾袖,,天命奉节·剑吾衣,天命奉节·剑吾冠,天命奉节·剑吾带,,全会心等级提高189,crit|189,,|,“转乾坤”招式调息时间减少10秒,|
2324,天命奉节·傲梨,,,,,,天命奉节·傲梨踏,天命奉节·傲梨袖,,天命奉节·傲梨罗衫,天命奉节·傲梨钗,天命奉节·傲梨绣带,,全会心等级提高189,crit|189,,|,“天地低昂”招式调息时间减少7秒,|
2325,天命奉节·月湖,,,,,,天命奉节·月湖踏,天命奉节·月湖袖,,天命奉节·月湖罗衫,天命奉节·月湖钗,天命奉节·月湖绣带,,全会心等级提高189,crit|189,,|,“天地低昂”招式调息时间减少7秒,|
2326,天命奉节·凤樽,,,,,,天命奉节·凤樽履,天命奉节·凤樽护手,,天命奉节·凤樽衣,天命奉节·凤樽帽,天命奉节·凤樽带,,全会心等级提高189,crit|189,,|,“玄水蛊”招式调息时间减少5秒,|
2327,天命奉节·祀节,,,,,,天命奉节·祀节履,天命奉节·祀节护手,,天命奉节·祀节衣,天命奉节·祀节帽,天命奉节·祀节带,,全会心等级提高189,crit|189,,|,“圣手织天”减伤效果持续时间延长1秒,|
2328,天命奉节·流影,,,,,,天命奉节·流影靴,天命奉节·流影护手,,天命奉节·流影衣,天命奉节·流影冠,天命奉节·流影带,,全会心等级提高189,crit|189,,|,“惊鸿游龙”招式调息时间减少10秒,|
2329,天命奉节·奇枢,,,,,,天命奉节·奇枢靴,天命奉节·奇枢护手,,天命奉节·奇枢衣,天命奉节·奇枢冠,天命奉节·奇枢带,,全会心等级提高189,crit|189,,|,“惊鸿游龙”招式调息时间减少10秒,|
2330,天命奉节·清光,,,,,,天命奉节·清光靴,天命奉节·清光袖,,天命奉节·清光衫,天命奉节·清光冠,天命奉节·清光带,,全会心等级提高189,crit|189,,|,“云栖松”招式调息时间减少8秒,|
2331,天命奉节·酣饮,,,,,,天命奉节·酣饮靴,天命奉节·酣饮护手,,天命奉节·酣饮衣,天命奉节·酣饮帽,天命奉节·酣饮带,,全会心等级提高189,crit|189,,|,“笑醉狂”招式调息时间减少6秒,|
2332,天命奉节·耀辉,,,,,,天命奉节·耀辉履,天命奉节·耀辉护手,,天命奉节·耀辉衫,天命奉节·耀辉帽,天命奉节·耀辉带,,全会心等级提高189,crit|189,,|,“贪魔体”招式调息时间减少5秒,|
2333,天命奉节·云客,,,,,,天命奉节·云客靴,天命奉节·云客护臂,,天命奉节·云客甲,天命奉节·云客战盔,天命奉节·云客护腰,,全会心等级提高189,crit|189,,|,“无惧”调息时间降低2秒,|
2334,天命奉节·澹容,,,,,,天命奉节·澹容丝履,天命奉节·澹容袖,,天命奉节·澹容衫,天命奉节·澹容冠,天命奉节·澹容带,,全会心等级提高189,crit|189,,|,“清绝影歌”招式调息时间减少15秒,|
2335,天命奉节·归雁,,,,,,天命奉节·归雁丝履,天命奉节·归雁袖,,天命奉节·归雁衫,天命奉节·归雁冠,天命奉节·归雁带,,全会心等级提高189,crit|189,,|,“杯水留影”招式调息时间减少30秒,|
2336,天命奉节·正雪,,,,,,天命奉节·正雪履,天命奉节·正雪护臂,,天命奉节·正雪衣,天命奉节·正雪冠,天命奉节·正雪带,,全会心等级提高189,crit|189,,|,“散流霞”调息时间降低5秒,|
2337,天命奉节·缈风,,,,,,天命奉节·缈风丝履,天命奉节·缈风袖,,天命奉节·缈风衣,天命奉节·缈风冠,天命奉节·缈风带,,全会心等级提高189,crit|189,,|,疾电叱羽调息时间降低10秒,|
2338,天命奉节·辞名,,,,,,天命奉节·辞名履,天命奉节·辞名护手,,天命奉节·辞名衣,天命奉节·辞名冠,天命奉节·辞名带,,全会心等级提高189,crit|189,,|,十方玄机调息时间降低5秒,|
2339,疾影涂恨·山草,,,,,,疾影涂恨·山草靴,疾影涂恨·山草袖,,疾影涂恨·山草袈裟,疾影涂恨·山草冠,疾影涂恨·山草带,,全会心等级提高189,crit|189,,|,“无相诀”招式调息时间减少6秒,|
2340,疾影涂恨·鸟还,,,,,,疾影涂恨·鸟还履,疾影涂恨·鸟还袖,,疾影涂恨·鸟还衫,疾影涂恨·鸟还冠,疾影涂恨·鸟还带,,全会心等级提高189,crit|189,,|,“春泥护花”招式调息时间减少3秒,|
2341,疾影涂恨·厌逐,,,,,,疾影涂恨·厌逐履,疾影涂恨·厌逐袖,,疾影涂恨·厌逐衫,疾影涂恨·厌逐冠,疾影涂恨·厌逐带,,全会心等级提高189,crit|189,,|,“春泥护花”招式调息时间减少3秒,|
2342,疾影涂恨·黄尘,,,,,,疾影涂恨·黄尘靴,疾影涂恨·黄尘护臂,,疾影涂恨·黄尘甲,疾影涂恨·黄尘战盔,疾影涂恨·黄尘护腰,,全会心等级提高189,crit|189,,|,“守如山”招式调息时间减少10秒,|
2343,疾影涂恨·御清,,,,,,疾影涂恨·御清靴,疾影涂恨·御清袖,,疾影涂恨·御清衣,疾影涂恨·御清冠,疾影涂恨·御清带,,全会心等级提高189,crit|189,,|,“镇山河”招式调息时间减少25秒,|
2344,疾影涂恨·玄云,,,,,,疾影涂恨·玄云靴,疾影涂恨·玄云袖,,疾影涂恨·玄云衣,疾影涂恨·玄云冠,疾影涂恨·玄云带,,全会心等级提高189,crit|189,,|,“转乾坤”招式调息时间减少10秒,|
2345,疾影涂恨·鹭晖,,,,,,疾影涂恨·鹭晖踏,疾影涂恨·鹭晖袖,,疾影涂恨·鹭晖罗衫,疾影涂恨·鹭晖钗,疾影涂恨·鹭晖绣带,,全会心等级提高189,crit|189,,|,“天地低昂”招式调息时间减少7秒,|
2346,疾影涂恨·细语,,,,,,疾影涂恨·细语踏,疾影涂恨·细语袖,,疾影涂恨·细语罗衫,疾影涂恨·细语钗,疾影涂恨·细语绣带,,全会心等级提高189,crit|189,,|,“天地低昂”招式调息时间减少7秒,|
2347,疾影涂恨·哀风,,,,,,疾影涂恨·哀风履,疾影涂恨·哀风护手,,疾影涂恨·哀风衣,疾影涂恨·哀风帽,疾影涂恨·哀风带,,全会心等级提高189,crit|189,,|,“玄水蛊”招式调息时间减少5秒,|
2348,疾影涂恨·绮皓,,,,,,疾影涂恨·绮皓履,疾影涂恨·绮皓护手,,疾影涂恨·绮皓衣,疾影涂恨·绮皓帽,疾影涂恨·绮皓带,,全会心等级提高189,crit|189,,|,“圣手织天”减伤效果持续时间延长1秒,|
2349,疾影涂恨·劲方,,,,,,疾影涂恨·劲方靴,疾影涂恨·劲方护手,,疾影涂恨·劲方衣,疾影涂恨·劲方冠,疾影涂恨·劲方带,,全会心等级提高189,crit|189,,|,“惊鸿游龙”招式调息时间减少10秒,|
2350,疾影涂恨·迥众,,,,,,疾影涂恨·迥众靴,疾影涂恨·迥众护手,,疾影涂恨·迥众衣,疾影涂恨·迥众冠,疾影涂恨·迥众带,,全会心等级提高189,crit|189,,|,“惊鸿游龙”招式调息时间减少10秒,|
2351,疾影涂恨·自在,,,,,,疾影涂恨·自在靴,疾影涂恨·自在袖,,疾影涂恨·自在衫,疾影涂恨·自在冠,疾影涂恨·自在带,,全会心等级提高189,crit|189,,|,“云栖松”招式调息时间减少8秒,|
2352,疾影涂恨·醉别,,,,,,疾影涂恨·醉别靴,疾影涂恨·醉别护手,,疾影涂恨·醉别衣,疾影涂恨·醉别帽,疾影涂恨·醉别带,,全会心等级提高189,crit|189,,|,“笑醉狂”招式调息时间减少6秒,|
2353,疾影涂恨·悲散,,,,,,疾影涂恨·悲散履,疾影涂恨·悲散护手,,疾影涂恨·悲散衫,疾影涂恨·悲散帽,疾影涂恨·悲散带,,全会心等级提高189,crit|189,,|,“贪魔体”招式调息时间减少5秒,|
2354,疾影涂恨·戍月,,,,,,疾影涂恨·戍月靴,疾影涂恨·戍月护臂,,疾影涂恨·戍月甲,疾影涂恨·戍月战盔,疾影涂恨·戍月护腰,,全会心等级提高189,crit|189,,|,“无惧”调息时间降低2秒,|
2355,疾影涂恨·赌酒,,,,,,疾影涂恨·赌酒丝履,疾影涂恨·赌酒袖,,疾影涂恨·赌酒衫,疾影涂恨·赌酒冠,疾影涂恨·赌酒带,,全会心等级提高189,crit|189,,|,“清绝影歌”招式调息时间减少15秒,|
2356,疾影涂恨·孤舟,,,,,,疾影涂恨·孤舟丝履,疾影涂恨·孤舟袖,,疾影涂恨·孤舟衫,疾影涂恨·孤舟冠,疾影涂恨·孤舟带,,全会心等级提高189,crit|189,,|,“杯水留影”招式调息时间减少30秒,|
2357,疾影涂恨·雷霄,,,,,,疾影涂恨·雷霄履,疾影涂恨·雷霄护臂,,疾影涂恨·雷霄衣,疾影涂恨·雷霄冠,疾影涂恨·雷霄带,,全会心等级提高189,crit|189,,|,“散流霞”调息时间降低5秒,|
2358,疾影涂恨·离遁,,,,,,疾影涂恨·离遁丝履,疾影涂恨·离遁袖,,疾影涂恨·离遁衣,疾影涂恨·离遁冠,疾影涂恨·离遁带,,全会心等级提高189,crit|189,,|,疾电叱羽调息时间降低10秒,|
2359,疾影涂恨·当归,,,,,,疾影涂恨·当归履,疾影涂恨·当归护手,,疾影涂恨·当归衣,疾影涂恨·当归冠,疾影涂恨·当归带,,全会心等级提高189,crit|189,,|,十方玄机调息时间降低5秒,|
2360,江天万古·逝川,,,,,,江天万古·逝川鞋,江天万古·逝川袖,,江天万古·逝川衣,江天万古·逝川帽,江天万古·逝川带,,内功破防等级提高189,overcome|189,,|,“捉影式”招式调息时间减少3秒,|
2361,江天万古·拂叶,,,,,,江天万古·拂叶靴,江天万古·拂叶袖,,江天万古·拂叶衣,江天万古·拂叶帽,江天万古·拂叶带,,内功破防等级提高189,overcome|189,,|,“水月无间”招式调息时间减少6秒,|
2362,江天万古·烟波,,,,,,江天万古·烟波鞋,江天万古·烟波袖,,江天万古·烟波衣,江天万古·烟波帽,江天万古·烟波带,,加速等级提高189,acce|189,,|,“水月无间”招式调息时间减少6秒,|
2363,江天万古·去疾,,,,,,江天万古·去疾战靴,江天万古·去疾臂甲,,江天万古·去疾战甲,江天万古·去疾战盔,江天万古·去疾腰甲,,外功破防等级提高189,overcome|189,,|,“突”招式调息时间减少3秒,|
2364,江天万古·入凡,,,,,,江天万古·入凡履,江天万古·入凡袖,,江天万古·入凡袍,江天万古·入凡冠,江天万古·入凡带,,内功破防等级提高189,overcome|189,,|,“生太极”招式调息时间减少1秒,|
2365,江天万古·洪炉,,,,,,江天万古·洪炉履,江天万古·洪炉袖,,江天万古·洪炉袍,江天万古·洪炉冠,江天万古·洪炉带,,外功破防等级提高189,overcome|189,,|,“人剑合一”招式调息时间减少1秒,|
2366,江天万古·斩朱,,,,,,江天万古·斩朱踏,江天万古·斩朱袖,,江天万古·斩朱轻衫,江天万古·斩朱钗,江天万古·斩朱带,,内功破防等级提高189,overcome|189,,|,“帝骖龙翔”招式调息时间减少2秒,|
2367,江天万古·抛年,,,,,,江天万古·抛年踏,江天万古·抛年袖,,江天万古·抛年轻衫,江天万古·抛年钗,江天万古·抛年带,,加速等级提高189,acce|189,,|,“繁音急节”招式调息时间减少10秒,|
2368,江天万古·迷迭,,,,,,江天万古·迷迭履,江天万古·迷迭袖,,江天万古·迷迭衣,江天万古·迷迭帽,江天万古·迷迭带,,内功破防等级提高189,overcome|189,,|,“蛊虫献祭”招式调息时间减少3秒,|
2369,江天万古·牵心,,,,,,江天万古·牵心履,江天万古·牵心护手,,江天万古·牵心衣,江天万古·牵心帽,江天万古·牵心带,,加速等级提高189,acce|189,,|,“蛊虫献祭”招式调息时间减少3秒,|
2370,江天万古·问影,,,,,,江天万古·问影靴,江天万古·问影护腕,,江天万古·问影衣,江天万古·问影冠,江天万古·问影束腰,,内功破防等级提高189,overcome|189,,|,“雷震子”招式调息时间减少5秒,|
2371,江天万古·晓色,,,,,,江天万古·晓色靴,江天万古·晓色护腕,,江天万古·晓色衣,江天万古·晓色冠,江天万古·晓色束腰,,外功破防等级提高189,overcome|189,,|,“雷震子”招式调息时间减少5秒,|
2372,江天万古·洗锋,,,,,,江天万古·洗锋靴,江天万古·洗锋护手,,江天万古·洗锋衣,江天万古·洗锋冠,江天万古·洗锋带,,外功破防等级提高189,overcome|189,,|,“醉月”招式调息时间减少1秒,|
2373,江天万古·闲眺,,,,,,江天万古·闲眺鞋,江天万古·闲眺护手,,江天万古·闲眺衣,江天万古·闲眺冠,江天万古·闲眺带,,外功破防等级提高189,overcome|189,,|,“乘龙戏水”招式调息时间减少2秒,|
2374,江天万古·孤曲,,,,,,江天万古·孤曲履,江天万古·孤曲护手,,江天万古·孤曲衣,江天万古·孤曲帽,江天万古·孤曲带,,内功破防等级提高189,overcome|189,,|,“怖畏暗刑”招式调息时间减少4秒,|
2375,江天万古·吊临,,,,,,江天万古·吊临战靴,江天万古·吊临臂甲,,江天万古·吊临战甲,江天万古·吊临战盔,江天万古·吊临腰甲,,外功破防等级提高189,overcome|189,,|,“血怒”充能时间降低3秒,|
2376,江天万古·护国,,,,,,江天万古·护国靴,江天万古·护国袖,,江天万古·护国衣,江天万古·护国冠,江天万古·护国带,,内功破防等级提高189,overcome|189,,|,“孤影化双”招式调息时间减少30秒,|
2377,江天万古·问归,,,,,,江天万古·问归靴,江天万古·问归袖,,江天万古·问归衣,江天万古·问归冠,江天万古·问归带,,加速等级提高189,acce|189,,|,“孤影化双”招式调息时间减少30秒,|
2378,江天万古·饮仇,,,,,,江天万古·饮仇靴,江天万古·饮仇护手,,江天万古·饮仇衣,江天万古·饮仇冠,江天万古·饮仇带,,外功破防等级提高189,overcome|189,,|,“楚河汉界”调息时间降低5秒,|
2379,江天万古·寻故,,,,,,江天万古·寻故靴,江天万古·寻故袖,,江天万古·寻故衣,江天万古·寻故冠,江天万古·寻故轻带,,外功破防等级提高189,overcome|189,,|,浮游天地调息时间降低2秒,|
2380,江天万古·行隐,,,,,,江天万古·行隐鞋,江天万古·行隐袖,,江天万古·行隐衣,江天万古·行隐冠,江天万古·行隐束腰,,外功破防等级提高189,overcome|189,,|,骤雨寒江调息时间降低2秒,|
2381,寻踪觅宝·观阙,,,,,,寻踪觅宝·观阙靴,寻踪觅宝·观阙袖,,寻踪觅宝·观阙衫,寻踪觅宝·观阙帽,寻踪觅宝·观阙带,,气力值上限提高100,sprint|100,,|,在寻宝时，遭遇特殊事件概率提升5%,|
2382,寻踪觅宝·曲尘,,,,,,寻踪觅宝·曲尘靴,寻踪觅宝·曲尘袖,,寻踪觅宝·曲尘衫,寻踪觅宝·曲尘帽,寻踪觅宝·曲尘带,,气力值上限提高100,sprint|100,,|,在寻宝时，遭遇特殊事件概率提升5%,|
2383,寻踪觅宝·阆海,,,,,,寻踪觅宝·阆海靴,寻踪觅宝·阆海袖,,寻踪觅宝·阆海衫,寻踪觅宝·阆海帽,寻踪觅宝·阆海带,,气力值上限提高100,sprint|100,,|,在寻宝时，遭遇特殊事件概率提升5%,|
2384,寻踪觅宝·天风,,,,,,寻踪觅宝·天风靴,寻踪觅宝·天风袖,,寻踪觅宝·天风衫,寻踪觅宝·天风帽,寻踪觅宝·天风带,,气力值上限提高100,sprint|100,,|,在寻宝时，遭遇特殊事件概率提升5%,|
2385,寻踪觅宝·永昼,,,,,,寻踪觅宝·永昼靴,寻踪觅宝·永昼袖,,寻踪觅宝·永昼衫,寻踪觅宝·永昼帽,寻踪觅宝·永昼带,,气力值上限提高100,sprint|100,,|,在寻宝时，遭遇特殊事件概率提升5%,|
2386,寻踪觅宝·万里,,,,,,寻踪觅宝·万里靴,寻踪觅宝·万里袖,,寻踪觅宝·万里衫,寻踪觅宝·万里帽,寻踪觅宝·万里带,,气力值上限提高100,sprint|100,,|,在寻宝时，遭遇特殊事件概率提升5%,|
2387,夺夜·刹尘,,,,,,夺夜·刹尘履,夺夜·刹尘护手,,夺夜·刹尘衣,夺夜·刹尘冠,夺夜·刹尘腰带,,"“韦陀献杵”伤害提高10%, “拿云式”伤害提高10%",|,,|,施展阳性伤害招式，一定几率提高自身阳性内功基础攻击力10%，持续6秒,|
2388,夺夜·不二,,,,,,夺夜·不二履,夺夜·不二护手,,夺夜·不二衣,夺夜·不二冠,夺夜·不二腰带,,“无相诀”调息时间降低10秒,|,,|,被伤害招式命中后，一定几率使10秒内自身反弹增加25%，内力消耗降低20%、威胁值增加20%,|
2389,夺夜·哀秋,,,,,,夺夜·哀秋靴,夺夜·哀秋护手,,夺夜·哀秋衣,夺夜·哀秋冠,夺夜·哀秋腰带,,"“阳明指”伤害提高10%, “快雪时晴”伤害提高10%",|,,|,施展混元性伤害招式，一定几率提高自身混元性内功基础攻击力10%，持续6秒,|
2390,夺夜·忆昔,,,,,,夺夜·忆昔靴,夺夜·忆昔护手,,夺夜·忆昔衣,夺夜·忆昔冠,夺夜·忆昔腰带,,“长针”治疗效果提高5%,|,,|,施展疗伤招式后，一定几率使10秒内治疗会心效果增加20%，内力消耗降低20%，威胁值降低20%,|
2391,夺夜·同来,,,,,,夺夜·同来靴,夺夜·同来护手,,夺夜·同来战甲,夺夜·同来战盔,夺夜·同来护腰,,“龙牙”伤害提高10%,|,,|,施展外功伤害招式，一定几率提高自身外功基础攻击力10%，持续6秒,|
2392,夺夜·不同归,,,,,,夺夜·不同归靴,夺夜·不同归护手,,夺夜·不同归战甲,夺夜·不同归战盔,夺夜·不同归护腰,,“守如山”调息时间降低15秒,|,,|,被伤害招式命中后，一定几率使10秒内自身闪避率增加20%，内力消耗降低20%、威胁值增加20%,|
2393,夺夜·道首,,,,,,夺夜·道首靴,夺夜·道首护手,,夺夜·道首衣,夺夜·道首冠,夺夜·道首腰带,,“万世不竭”伤害提高10%,|,,|,施展混元性伤害招式，一定几率提高自身混元性基础内功攻击力10%，持续6秒,|
2394,夺夜·玄微,,,,,,夺夜·玄微靴,夺夜·玄微护手,,夺夜·玄微衣,夺夜·玄微冠,夺夜·玄微腰带,,“无我无剑”伤害提高10%,|,,|,施展外功伤害招式，一定几率提高自身外功基础攻击力10%，持续6秒,|
2395,夺夜·残梦,,,,,,夺夜·残梦靴,夺夜·残梦袖,,夺夜·残梦衣,夺夜·残梦冠,夺夜·残梦腰带,,“玳弦急曲”伤害提高10%,|,,|,施展阴性伤害招式，一定几率提高自身阴性内功基础攻击力10%，持续6秒,|
2396,夺夜·颜去,,,,,,夺夜·颜去靴,夺夜·颜去袖,,夺夜·颜去衣,夺夜·颜去冠,夺夜·颜去腰带,,“回雪飘摇”治疗效果提高5%,|,,|,施展疗伤招式后，一定几率使10秒内治疗会心效果增加20%，内力消耗降低20%，威胁值降低20%,|
2397,夺夜·鸣静,,,,,,夺夜·鸣静靴,夺夜·鸣静袖,,夺夜·鸣静衣,夺夜·鸣静冠,夺夜·鸣静腰带,,"“蝎心”伤害提高10%, “蛇影”伤害提高10%",|,,|,施展毒性伤害招式，一定几率提高自身毒性内功基础攻击力10%，持续6秒,|
2398,夺夜·去愁,,,,,,夺夜·去愁靴,夺夜·去愁袖,,夺夜·去愁衣,夺夜·去愁冠,夺夜·去愁腰带,,“醉舞九天”治疗效果提高5%,|,,|,施展疗伤招式后，一定几率使10秒内治疗会心效果增加20%，内力消耗降低20%，威胁值降低20%,|
2399,夺夜·花尽,,,,,,夺夜·花尽靴,夺夜·花尽护手,,夺夜·花尽衣,夺夜·花尽冠,夺夜·花尽腰带,,"“蚀肌弹”伤害提高10%, “暴雨梨花针”伤害提高10%",|,,|,施展外功伤害招式，一定几率提高自身毒性内功基础攻击力10%，持续6秒,|
2400,夺夜·断魂,,,,,,夺夜·断魂靴,夺夜·断魂护手,,夺夜·断魂衣,夺夜·断魂冠,夺夜·断魂腰带,,"“夺魄箭”伤害提高10%, “暴雨梨花针”伤害提高10%",|,,|,施展外功伤害招式，一定几率提高自身外功基础攻击力10%，持续6秒,|
2401,夺夜·行侠,,,,,,夺夜·行侠靴,夺夜·行侠护手,,夺夜·行侠衣,夺夜·行侠冠,夺夜·行侠腰带,,"“云飞玉皇”伤害提高10%, “听雷”伤害提高10%",|,,|,施展外功伤害招式，一定几率提高自身外功基础攻击力10%，持续6秒,|
2402,夺夜·同舟,,,,,,夺夜·同舟靴,夺夜·同舟护手,,夺夜·同舟衣,夺夜·同舟冠,夺夜·同舟腰带,,“亢龙有悔”伤害提高10%,|,,|,施展外功伤害招式，一定几率提高自身外功基础攻击力10%，持续6秒,|
2403,夺夜·归月,,,,,,夺夜·归月靴,夺夜·归月护手,,夺夜·归月衣,夺夜·归月冠,夺夜·归月腰带,,“净世破魔击”伤害提高10%,|,,|,施展阴阳性伤害招式，一定几率提高自身阴阳性内功基础攻击力10%，持续6秒,|
2404,夺夜·影行,,,,,,夺夜·影行靴,夺夜·影行护手,,夺夜·影行衣,夺夜·影行冠,夺夜·影行腰带,,“贪魔体”调息时间降低5秒,|,,|,被伤害招式命中后，一定几率使10秒内自身被疗伤成效提高20%，日灵、月魂的获取速度提高20%，威胁值提高20%,|
2405,夺夜·战图,,,,,,夺夜·战图靴,夺夜·战图护手,,夺夜·战图战甲,夺夜·战图盔,夺夜·战图腰带,,"“劫刀”伤害提高10%, “盾压”伤害提高10%",|,,|,施展外功伤害招式，一定几率提高自身外功基础攻击力10%，持续6秒,|
2406,夺夜·终胜,,,,,,夺夜·终胜靴,夺夜·终胜护手,,夺夜·终胜战甲,夺夜·终胜盔,夺夜·终胜腰带,,“盾壁”调息时间降低10秒,|,,|,被伤害招式命中后，一定几率使10秒内自身气血上限提高20%，被治疗成效提高20%，威胁值提高20%,|
2407,夺夜·入仕,,,,,,夺夜·入仕靴,夺夜·入仕护手,,夺夜·入仕衣,夺夜·入仕冠,夺夜·入仕腰带,,"“宫”伤害提高10%, “徵”伤害提高10%",|,,|,施展阴性伤害招式命中后，一定几率提高自身阴性内功基础攻击力10%，持续6秒,|
2408,夺夜·遂志,,,,,,夺夜·遂志靴,夺夜·遂志护手,,夺夜·遂志衣,夺夜·遂志冠,夺夜·遂志腰带,,"“宫”治疗效果提高5%, “徵”治疗效果提高5%",|,,|,施展疗伤招式后，一定几率使10秒内治疗会心效果增加20%，内力消耗降低20%，威胁值降低20%,|
2409,夺夜·折刀,,,,,,夺夜·折刀靴,夺夜·折刀护手,,夺夜·折刀衣,夺夜·折刀冠,夺夜·折刀腰带,,"“刀啸风吟”伤害提高10%, “项王击鼎”伤害提高10%",|,,|,施展外功伤害招式，一定几率提高自身外功基础攻击力10%，持续6秒。,|
2410,夺夜·腾雨,,,,,,夺夜·腾雨靴,夺夜·腾雨护手,,夺夜·腾雨衣,夺夜·腾雨冠,夺夜·腾雨腰带,,"“木落雁归”伤害提高10%, “翼绝云天”伤害提高10%",|,,|,施展外功伤害招式，一定几率提高自身外功基础攻击力10%，持续6秒。,|
2411,夺夜·藏刃,,,,,,夺夜·藏刃靴,夺夜·藏刃护手,,夺夜·藏刃衣,夺夜·藏刃冠,夺夜·藏刃腰带,,"“寂洪荒”伤害提高10%, “金戈回澜”伤害提高10%",|,,|,施展外功伤害招式，一定几率提高自身外功基础攻击力10%，持续6秒。,|
2412,引清,,,,,,引清靴,引清袖,引清裤,引清衣,引清冠,引清腰带,,全会心等级提高265,crit|265,,|,无双等级提高265,strain|265
2413,引菱,,,,,,引菱靴,引菱袖,引菱裤,引菱衣,引菱冠,引菱腰带,,全会心等级提高265,crit|265,,|,无双等级提高265,strain|265
2414,引樾,,,,,,引樾靴,引樾袖,引樾裤,引樾衣,引樾冠,引樾腰带,,全会心等级提高265,crit|265,,|,无双等级提高265,strain|265
2415,引琼,,,,,,引琼靴,引琼袖,引琼裤,引琼衣,引琼冠,引琼腰带,,全会心等级提高265,crit|265,,|,无双等级提高265,strain|265
2416,引微,,,,,,引微靴,引微袖,引微裤,引微衣,引微冠,引微腰带,,加速等级提高265,acce|265,,|,治疗量提高171,heal|171
2417,引麓,,,,,,引麓靴,引麓袖,引麓裤,引麓衣,引麓冠,引麓腰带,,全命中等级提高265,hit|265,,|,加速等级提高265,acce|265
2418,天命奉节·观世,天命奉节·观世项饰,天命奉节·观世腰坠,天命奉节·观世戒,天命奉节·观世戒,,,,,,,,,御劲等级提高118,toughness|118,化劲等级提高118,huajing|118,,|
2419,天命奉节·忆侠,天命奉节·忆侠项饰,天命奉节·忆侠腰坠,天命奉节·忆侠戒,天命奉节·忆侠戒,,,,,,,,,御劲等级提高118,toughness|118,化劲等级提高118,huajing|118,,|
2420,天命奉节·秋居,天命奉节·秋居链,天命奉节·秋居腰坠,天命奉节·秋居戒,天命奉节·秋居戒,,,,,,,,,御劲等级提高118,toughness|118,化劲等级提高118,huajing|118,,|
2421,天命奉节·俊赏,天命奉节·俊赏链,天命奉节·俊赏腰坠,天命奉节·俊赏戒,天命奉节·俊赏戒,,,,,,,,,御劲等级提高118,toughness|118,化劲等级提高118,huajing|118,,|
2422,天命奉节·星华,天命奉节·星华链,天命奉节·星华腰坠,天命奉节·星华戒,天命奉节·星华戒,,,,,,,,,御劲等级提高118,toughness|118,化劲等级提高118,huajing|118,,|
2423,天命奉节·剑吾,天命奉节·剑吾链,天命奉节·剑吾腰坠,天命奉节·剑吾戒,天命奉节·剑吾戒,,,,,,,,,御劲等级提高118,toughness|118,化劲等级提高118,huajing|118,,|
2424,天命奉节·傲梨,天命奉节·傲梨链,天命奉节·傲梨佩,天命奉节·傲梨戒,天命奉节·傲梨戒,,,,,,,,,御劲等级提高118,toughness|118,化劲等级提高118,huajing|118,,|
2425,天命奉节·月湖,天命奉节·月湖链,天命奉节·月湖佩,天命奉节·月湖戒,天命奉节·月湖戒,,,,,,,,,御劲等级提高118,toughness|118,化劲等级提高118,huajing|118,,|
2426,天命奉节·凤樽,天命奉节·凤樽项饰,天命奉节·凤樽腰坠,天命奉节·凤樽指环,天命奉节·凤樽指环,,,,,,,,,御劲等级提高118,toughness|118,化劲等级提高118,huajing|118,,|
2427,天命奉节·祀节,天命奉节·祀节项饰,天命奉节·祀节腰坠,天命奉节·祀节指环,天命奉节·祀节指环,,,,,,,,,御劲等级提高118,toughness|118,化劲等级提高118,huajing|118,,|
2428,天命奉节·流影,天命奉节·流影链,天命奉节·流影腰坠,天命奉节·流影戒,天命奉节·流影戒,,,,,,,,,御劲等级提高118,toughness|118,化劲等级提高118,huajing|118,,|
2429,天命奉节·奇枢,天命奉节·奇枢链,天命奉节·奇枢腰坠,天命奉节·奇枢戒,天命奉节·奇枢戒,,,,,,,,,御劲等级提高118,toughness|118,化劲等级提高118,huajing|118,,|
2430,天命奉节·清光,天命奉节·清光项饰,天命奉节·清光腰坠,天命奉节·清光戒,天命奉节·清光戒,,,,,,,,,御劲等级提高118,toughness|118,化劲等级提高118,huajing|118,,|
2431,天命奉节·酣饮,天命奉节·酣饮项饰,天命奉节·酣饮腰坠,天命奉节·酣饮戒,天命奉节·酣饮戒,,,,,,,,,御劲等级提高118,toughness|118,化劲等级提高118,huajing|118,,|
2432,天命奉节·耀辉,天命奉节·耀辉项饰,天命奉节·耀辉腰坠,天命奉节·耀辉指环,天命奉节·耀辉指环,,,,,,,,,御劲等级提高118,toughness|118,化劲等级提高118,huajing|118,,|
2433,天命奉节·云客,天命奉节·云客项饰,天命奉节·云客佩,天命奉节·云客戒,天命奉节·云客戒,,,,,,,,,御劲等级提高118,toughness|118,化劲等级提高118,huajing|118,,|
2434,天命奉节·澹容,天命奉节·澹容链,天命奉节·澹容佩,天命奉节·澹容戒,天命奉节·澹容戒,,,,,,,,,御劲等级提高118,toughness|118,化劲等级提高118,huajing|118,,|
2435,天命奉节·归雁,天命奉节·归雁链,天命奉节·归雁佩,天命奉节·归雁戒,天命奉节·归雁戒,,,,,,,,,御劲等级提高118,toughness|118,化劲等级提高118,huajing|118,,|
2436,天命奉节·正雪,天命奉节·正雪项饰,天命奉节·正雪腰坠,天命奉节·正雪戒,天命奉节·正雪戒,,,,,,,,,御劲等级提高118,toughness|118,化劲等级提高118,huajing|118,,|
2437,天命奉节·缈风,天命奉节·缈风链,天命奉节·缈风腰坠,天命奉节·缈风戒,天命奉节·缈风戒,,,,,,,,,御劲等级提高118,toughness|118,化劲等级提高118,huajing|118,,|
2438,天命奉节·辞名,天命奉节·辞名链,天命奉节·辞名腰坠,天命奉节·辞名指环,天命奉节·辞名指环,,,,,,,,,御劲等级提高118,toughness|118,化劲等级提高118,huajing|118,,|
2439,疾影涂恨·山草,疾影涂恨·山草项饰,疾影涂恨·山草腰坠,疾影涂恨·山草戒,疾影涂恨·山草戒,,,,,,,,,御劲等级提高118,toughness|118,化劲等级提高118,huajing|118,,|
2440,疾影涂恨·鸟还,疾影涂恨·鸟还项饰,疾影涂恨·鸟还腰坠,疾影涂恨·鸟还戒,疾影涂恨·鸟还戒,,,,,,,,,御劲等级提高118,toughness|118,化劲等级提高118,huajing|118,,|
2441,疾影涂恨·厌逐,疾影涂恨·厌逐链,疾影涂恨·厌逐腰坠,疾影涂恨·厌逐戒,疾影涂恨·厌逐戒,,,,,,,,,御劲等级提高118,toughness|118,化劲等级提高118,huajing|118,,|
2442,疾影涂恨·黄尘,疾影涂恨·黄尘链,疾影涂恨·黄尘腰坠,疾影涂恨·黄尘戒,疾影涂恨·黄尘戒,,,,,,,,,御劲等级提高118,toughness|118,化劲等级提高118,huajing|118,,|
2443,疾影涂恨·御清,疾影涂恨·御清链,疾影涂恨·御清腰坠,疾影涂恨·御清戒,疾影涂恨·御清戒,,,,,,,,,御劲等级提高118,toughness|118,化劲等级提高118,huajing|118,,|
2444,疾影涂恨·玄云,疾影涂恨·玄云链,疾影涂恨·玄云腰坠,疾影涂恨·玄云戒,疾影涂恨·玄云戒,,,,,,,,,御劲等级提高118,toughness|118,化劲等级提高118,huajing|118,,|
2445,疾影涂恨·鹭晖,疾影涂恨·鹭晖链,疾影涂恨·鹭晖佩,疾影涂恨·鹭晖戒,疾影涂恨·鹭晖戒,,,,,,,,,御劲等级提高118,toughness|118,化劲等级提高118,huajing|118,,|
2446,疾影涂恨·细语,疾影涂恨·细语链,疾影涂恨·细语佩,疾影涂恨·细语戒,疾影涂恨·细语戒,,,,,,,,,御劲等级提高118,toughness|118,化劲等级提高118,huajing|118,,|
2447,疾影涂恨·哀风,疾影涂恨·哀风项饰,疾影涂恨·哀风腰坠,疾影涂恨·哀风指环,疾影涂恨·哀风指环,,,,,,,,,御劲等级提高118,toughness|118,化劲等级提高118,huajing|118,,|
2448,疾影涂恨·绮皓,疾影涂恨·绮皓项饰,疾影涂恨·绮皓腰坠,疾影涂恨·绮皓指环,疾影涂恨·绮皓指环,,,,,,,,,御劲等级提高118,toughness|118,化劲等级提高118,huajing|118,,|
2449,疾影涂恨·劲方,疾影涂恨·劲方链,疾影涂恨·劲方腰坠,疾影涂恨·劲方戒,疾影涂恨·劲方戒,,,,,,,,,御劲等级提高118,toughness|118,化劲等级提高118,huajing|118,,|
2450,疾影涂恨·迥众,疾影涂恨·迥众链,疾影涂恨·迥众腰坠,疾影涂恨·迥众戒,疾影涂恨·迥众戒,,,,,,,,,御劲等级提高118,toughness|118,化劲等级提高118,huajing|118,,|
2451,疾影涂恨·自在,疾影涂恨·自在项饰,疾影涂恨·自在腰坠,疾影涂恨·自在戒,疾影涂恨·自在戒,,,,,,,,,御劲等级提高118,toughness|118,化劲等级提高118,huajing|118,,|
2452,疾影涂恨·醉别,疾影涂恨·醉别项饰,疾影涂恨·醉别腰坠,疾影涂恨·醉别戒,疾影涂恨·醉别戒,,,,,,,,,御劲等级提高118,toughness|118,化劲等级提高118,huajing|118,,|
2453,疾影涂恨·悲散,疾影涂恨·悲散项饰,疾影涂恨·悲散腰坠,疾影涂恨·悲散指环,疾影涂恨·悲散指环,,,,,,,,,御劲等级提高118,toughness|118,化劲等级提高118,huajing|118,,|
2454,疾影涂恨·戍月,疾影涂恨·戍月项饰,疾影涂恨·戍月佩,疾影涂恨·戍月戒,疾影涂恨·戍月戒,,,,,,,,,御劲等级提高118,toughness|118,化劲等级提高118,huajing|118,,|
2455,疾影涂恨·赌酒,疾影涂恨·赌酒链,疾影涂恨·赌酒佩,疾影涂恨·赌酒戒,疾影涂恨·赌酒戒,,,,,,,,,御劲等级提高118,toughness|118,化劲等级提高118,huajing|118,,|
2456,疾影涂恨·孤舟,疾影涂恨·孤舟链,疾影涂恨·孤舟佩,疾影涂恨·孤舟戒,疾影涂恨·孤舟戒,,,,,,,,,御劲等级提高118,toughness|118,化劲等级提高118,huajing|118,,|
2457,疾影涂恨·雷霄,疾影涂恨·雷霄项饰,疾影涂恨·雷霄腰坠,疾影涂恨·雷霄戒,疾影涂恨·雷霄戒,,,,,,,,,御劲等级提高118,toughness|118,化劲等级提高118,huajing|118,,|
2458,疾影涂恨·离遁,疾影涂恨·离遁链,疾影涂恨·离遁腰坠,疾影涂恨·离遁戒,疾影涂恨·离遁戒,,,,,,,,,御劲等级提高118,toughness|118,化劲等级提高118,huajing|118,,|
2459,疾影涂恨·当归,疾影涂恨·当归链,疾影涂恨·当归腰坠,疾影涂恨·当归指环,疾影涂恨·当归指环,,,,,,,,,御劲等级提高118,toughness|118,化劲等级提高118,huajing|118,,|
2460,长风破浪·渐顿,,,,,,长风破浪·渐顿靴,长风破浪·渐顿护手,,长风破浪·渐顿衣,长风破浪·渐顿帽,长风破浪·渐顿腰带,,御劲等级提高85,toughness|85,,|,化劲等级提高85,huajing|85
2461,长风破浪·远修,,,,,,长风破浪·远修靴,长风破浪·远修护手,,长风破浪·远修衣,长风破浪·远修帽,长风破浪·远修腰带,,御劲等级提高85,toughness|85,,|,化劲等级提高85,huajing|85
2462,长风破浪·离尘,,,,,,长风破浪·离尘靴,长风破浪·离尘护手,,长风破浪·离尘衣,长风破浪·离尘帽,长风破浪·离尘腰带,,御劲等级提高85,toughness|85,,|,化劲等级提高85,huajing|85
2463,长风破浪·再战,,,,,,长风破浪·再战靴,长风破浪·再战护手,,长风破浪·再战衣,长风破浪·再战帽,长风破浪·再战腰带,,御劲等级提高85,toughness|85,,|,化劲等级提高85,huajing|85
2464,长风破浪·断英,,,,,,长风破浪·断英靴,长风破浪·断英护手,,长风破浪·断英衣,长风破浪·断英帽,长风破浪·断英腰带,,御劲等级提高85,toughness|85,,|,化劲等级提高85,huajing|85
2465,长风破浪·云起,,,,,,长风破浪·云起靴,长风破浪·云起护手,,长风破浪·云起衣,长风破浪·云起帽,长风破浪·云起腰带,,御劲等级提高85,toughness|85,,|,化劲等级提高85,huajing|85
2466,长风破浪·舞华,,,,,,长风破浪·舞华靴,长风破浪·舞华护手,,长风破浪·舞华衣,长风破浪·舞华帽,长风破浪·舞华腰带,,御劲等级提高85,toughness|85,,|,化劲等级提高85,huajing|85
2467,长风破浪·曲徊,,,,,,长风破浪·曲徊靴,长风破浪·曲徊护手,,长风破浪·曲徊衣,长风破浪·曲徊帽,长风破浪·曲徊腰带,,御劲等级提高85,toughness|85,,|,化劲等级提高85,huajing|85
2468,长风破浪·蝶影,,,,,,长风破浪·蝶影靴,长风破浪·蝶影护手,,长风破浪·蝶影衣,长风破浪·蝶影帽,长风破浪·蝶影腰带,,御劲等级提高85,toughness|85,,|,化劲等级提高85,huajing|85
2469,长风破浪·蛊晟,,,,,,长风破浪·蛊晟靴,长风破浪·蛊晟护手,,长风破浪·蛊晟衣,长风破浪·蛊晟帽,长风破浪·蛊晟腰带,,御劲等级提高85,toughness|85,,|,化劲等级提高85,huajing|85
2470,长风破浪·刺湘,,,,,,长风破浪·刺湘靴,长风破浪·刺湘护手,,长风破浪·刺湘衣,长风破浪·刺湘帽,长风破浪·刺湘腰带,,御劲等级提高85,toughness|85,,|,化劲等级提高85,huajing|85
2471,长风破浪·破竹,,,,,,长风破浪·破竹靴,长风破浪·破竹护手,,长风破浪·破竹衣,长风破浪·破竹帽,长风破浪·破竹腰带,,御劲等级提高85,toughness|85,,|,化劲等级提高85,huajing|85
2472,长风破浪·溪风,,,,,,长风破浪·溪风靴,长风破浪·溪风护手,,长风破浪·溪风衣,长风破浪·溪风帽,长风破浪·溪风腰带,,御劲等级提高85,toughness|85,,|,化劲等级提高85,huajing|85
2473,长风破浪·酒神,,,,,,长风破浪·酒神靴,长风破浪·酒神护手,,长风破浪·酒神衣,长风破浪·酒神帽,长风破浪·酒神腰带,,御劲等级提高85,toughness|85,,|,化劲等级提高85,huajing|85
2474,长风破浪·归途,,,,,,长风破浪·归途靴,长风破浪·归途护手,,长风破浪·归途衣,长风破浪·归途帽,长风破浪·归途腰带,,御劲等级提高85,toughness|85,,|,化劲等级提高85,huajing|85
2475,长风破浪·泣冤,,,,,,长风破浪·泣冤靴,长风破浪·泣冤护手,,长风破浪·泣冤衣,长风破浪·泣冤帽,长风破浪·泣冤腰带,,御劲等级提高85,toughness|85,,|,化劲等级提高85,huajing|85
2476,长风破浪·天海卷,,,,,,长风破浪·天海卷靴,长风破浪·天海卷护手,,长风破浪·天海卷衣,长风破浪·天海卷帽,长风破浪·天海卷腰带,,御劲等级提高85,toughness|85,,|,化劲等级提高85,huajing|85
2477,长风破浪·悠游,,,,,,长风破浪·悠游靴,长风破浪·悠游护手,,长风破浪·悠游衣,长风破浪·悠游帽,长风破浪·悠游腰带,,御劲等级提高85,toughness|85,,|,化劲等级提高85,huajing|85
2478,长风破浪·刀魂,,,,,,长风破浪·刀魂靴,长风破浪·刀魂护手,,长风破浪·刀魂衣,长风破浪·刀魂帽,长风破浪·刀魂腰带,,御劲等级提高85,toughness|85,,|,化劲等级提高85,huajing|85
2479,长风破浪·神仙,,,,,,长风破浪·神仙靴,长风破浪·神仙护手,,长风破浪·神仙衣,长风破浪·神仙帽,长风破浪·神仙腰带,,御劲等级提高85,toughness|85,,|,化劲等级提高85,huajing|85
2480,长风破浪·克难,,,,,,长风破浪·克难靴,长风破浪·克难护手,,长风破浪·克难衣,长风破浪·克难帽,长风破浪·克难腰带,,御劲等级提高85,toughness|85,,|,化劲等级提高85,huajing|85
2481,怒雪暗天·圆明,,,,,,怒雪暗天·圆明靴,怒雪暗天·圆明护手,,怒雪暗天·圆明衣,怒雪暗天·圆明帽,怒雪暗天·圆明腰带,,御劲等级提高85,toughness|85,,|,化劲等级提高85,huajing|85
2482,怒雪暗天·百虑,,,,,,怒雪暗天·百虑靴,怒雪暗天·百虑护手,,怒雪暗天·百虑衣,怒雪暗天·百虑帽,怒雪暗天·百虑腰带,,御劲等级提高85,toughness|85,,|,化劲等级提高85,huajing|85
2483,怒雪暗天·林泉,,,,,,怒雪暗天·林泉靴,怒雪暗天·林泉护手,,怒雪暗天·林泉衣,怒雪暗天·林泉帽,怒雪暗天·林泉腰带,,御劲等级提高85,toughness|85,,|,化劲等级提高85,huajing|85
2484,怒雪暗天·虏尘,,,,,,怒雪暗天·虏尘靴,怒雪暗天·虏尘护手,,怒雪暗天·虏尘衣,怒雪暗天·虏尘帽,怒雪暗天·虏尘腰带,,御劲等级提高85,toughness|85,,|,化劲等级提高85,huajing|85
2485,怒雪暗天·青藜,,,,,,怒雪暗天·青藜靴,怒雪暗天·青藜护手,,怒雪暗天·青藜衣,怒雪暗天·青藜帽,怒雪暗天·青藜腰带,,御劲等级提高85,toughness|85,,|,化劲等级提高85,huajing|85
2486,怒雪暗天·野宿,,,,,,怒雪暗天·野宿靴,怒雪暗天·野宿护手,,怒雪暗天·野宿衣,怒雪暗天·野宿帽,怒雪暗天·野宿腰带,,御劲等级提高85,toughness|85,,|,化劲等级提高85,huajing|85
2487,怒雪暗天·霜辰,,,,,,怒雪暗天·霜辰靴,怒雪暗天·霜辰护手,,怒雪暗天·霜辰衣,怒雪暗天·霜辰帽,怒雪暗天·霜辰腰带,,御劲等级提高85,toughness|85,,|,化劲等级提高85,huajing|85
2488,怒雪暗天·鹊澜,,,,,,怒雪暗天·鹊澜靴,怒雪暗天·鹊澜护手,,怒雪暗天·鹊澜衣,怒雪暗天·鹊澜帽,怒雪暗天·鹊澜腰带,,御劲等级提高85,toughness|85,,|,化劲等级提高85,huajing|85
2489,怒雪暗天·奈何,,,,,,怒雪暗天·奈何靴,怒雪暗天·奈何护手,,怒雪暗天·奈何衣,怒雪暗天·奈何帽,怒雪暗天·奈何腰带,,御劲等级提高85,toughness|85,,|,化劲等级提高85,huajing|85
2490,怒雪暗天·歌行,,,,,,怒雪暗天·歌行靴,怒雪暗天·歌行护手,,怒雪暗天·歌行衣,怒雪暗天·歌行帽,怒雪暗天·歌行腰带,,御劲等级提高85,toughness|85,,|,化劲等级提高85,huajing|85
2491,怒雪暗天·归雪,,,,,,怒雪暗天·归雪靴,怒雪暗天·归雪护手,,怒雪暗天·归雪衣,怒雪暗天·归雪帽,怒雪暗天·归雪腰带,,御劲等级提高85,toughness|85,,|,化劲等级提高85,huajing|85
2492,怒雪暗天·破晓,,,,,,怒雪暗天·破晓靴,怒雪暗天·破晓护手,,怒雪暗天·破晓衣,怒雪暗天·破晓帽,怒雪暗天·破晓腰带,,御劲等级提高85,toughness|85,,|,化劲等级提高85,huajing|85
2493,怒雪暗天·醉梦,,,,,,怒雪暗天·醉梦靴,怒雪暗天·醉梦护手,,怒雪暗天·醉梦衣,怒雪暗天·醉梦帽,怒雪暗天·醉梦腰带,,御劲等级提高85,toughness|85,,|,化劲等级提高85,huajing|85
2494,怒雪暗天·独饮,,,,,,怒雪暗天·独饮靴,怒雪暗天·独饮护手,,怒雪暗天·独饮衣,怒雪暗天·独饮帽,怒雪暗天·独饮腰带,,御劲等级提高85,toughness|85,,|,化劲等级提高85,huajing|85
2495,怒雪暗天·客尘,,,,,,怒雪暗天·客尘靴,怒雪暗天·客尘护手,,怒雪暗天·客尘衣,怒雪暗天·客尘帽,怒雪暗天·客尘腰带,,御劲等级提高85,toughness|85,,|,化劲等级提高85,huajing|85
2496,怒雪暗天·关声,,,,,,怒雪暗天·关声靴,怒雪暗天·关声护手,,怒雪暗天·关声衣,怒雪暗天·关声帽,怒雪暗天·关声腰带,,御劲等级提高85,toughness|85,,|,化劲等级提高85,huajing|85
2497,怒雪暗天·停曲,,,,,,怒雪暗天·停曲靴,怒雪暗天·停曲护手,,怒雪暗天·停曲衣,怒雪暗天·停曲帽,怒雪暗天·停曲腰带,,御劲等级提高85,toughness|85,,|,化劲等级提高85,huajing|85
2498,怒雪暗天·辞月,,,,,,怒雪暗天·辞月靴,怒雪暗天·辞月护手,,怒雪暗天·辞月衣,怒雪暗天·辞月帽,怒雪暗天·辞月腰带,,御劲等级提高85,toughness|85,,|,化劲等级提高85,huajing|85
2499,怒雪暗天·解仇,,,,,,怒雪暗天·解仇靴,怒雪暗天·解仇护手,,怒雪暗天·解仇衣,怒雪暗天·解仇帽,怒雪暗天·解仇腰带,,御劲等级提高85,toughness|85,,|,化劲等级提高85,huajing|85
2500,怒雪暗天·上仙,,,,,,怒雪暗天·上仙靴,怒雪暗天·上仙护手,,怒雪暗天·上仙衣,怒雪暗天·上仙帽,怒雪暗天·上仙腰带,,御劲等级提高85,toughness|85,,|,化劲等级提高85,huajing|85
2501,怒雪暗天·负恩,,,,,,怒雪暗天·负恩靴,怒雪暗天·负恩护手,,怒雪暗天·负恩衣,怒雪暗天·负恩帽,怒雪暗天·负恩腰带,,御劲等级提高85,toughness|85,,|,化劲等级提高85,huajing|85
