P_ID,name,desc,type,realType,xinfatype,body,spirit,strength,agility,spunk,physicsShield,magicShield,dodge,parryBase,parryValue,toughness,attack,heal,crit,critEffect,overcome,acce,hit,strain,huajing,threat,neihui,neili,xuehui,qixue
enchant-5635,新春·别岁,可强化戒指，使自身每秒回复气血值提高8点,999,,10,0,0,0,0,0,0,0,0,0,0,0,0,0,0,0,0,0,0,0,0,0,0,0,0,0
enchant-5637,新春·分岁,可强化戒指，使自身招式产生威胁提高2%,999,,7,0,0,0,0,0,0,0,0,0,0,0,0,0,0,0,0,0,0,0,0,0,0,0,0,0
enchant-5638,新春·馈岁,可强化戒指，使自身招式产生威胁降低2%,999,,10,0,0,0,0,0,0,0,0,0,0,0,0,0,0,0,0,0,0,0,0,0,0,0,0,0
enchant-5636,新春·守岁,可强化戒指，使自身每秒回复内力值提高3点,999,,10,0,0,0,0,0,0,0,0,0,0,0,0,0,0,0,0,0,0,0,0,0,0,0,0,0
enchant-5639,新春·压岁,可强化戒指，使自身内功攻击增加2点,999,,8,0,0,0,0,0,0,0,0,0,0,0,0,0,0,0,0,0,0,0,0,0,0,0,0,0
enchant-5640,新春·桃符,可强化戒指，使自身外功攻击增加2点,999,,1,0,0,0,0,0,0,0,0,0,0,0,0,0,0,0,0,0,0,0,0,0,0,0,0,0
enchant-5857,行军·绣（气血）,气血提升101,8,,10,0,0,0,0,0,0,0,0,0,0,0,0,0,0,0,0,0,0,0,0,0,0,0,0,0
enchant-5858,行军·绣（体质）,体质提升10,8,,10,0,0,0,0,0,0,0,0,0,0,0,0,0,0,0,0,0,0,0,0,0,0,0,0,0
enchant-5859,行军·印（内伤）,内功攻击提升16,7,,8,0,0,0,0,0,0,0,0,0,0,0,0,0,0,0,0,0,0,0,0,0,0,0,0,0
enchant-5860,行军·印（外伤）,外功攻击提升15,7,,1,0,0,0,0,0,0,0,0,0,0,0,0,0,0,0,0,0,0,0,0,0,0,0,0,0
enchant-5861,行军·染（内伤）,内功攻击提升16,6,,8,0,0,0,0,0,0,0,0,0,0,0,0,0,0,0,0,0,0,0,0,0,0,0,0,0
enchant-5862,行军·染（外伤）,外功攻击提升15,6,,1,0,0,0,0,0,0,0,0,0,0,0,0,0,0,0,0,0,0,0,0,0,0,0,0,0
enchant-5863,行军·纹（气血）,气血提升104,10,,10,0,0,0,0,0,0,0,0,0,0,0,0,0,0,0,0,0,0,0,0,0,0,0,0,0
enchant-5864,行军·纹（体质）,体质提升10,10,,10,0,0,0,0,0,0,0,0,0,0,0,0,0,0,0,0,0,0,0,0,0,0,0,0,0
enchant-5865,安戎·绣（体质）,体质提升12,8,,10,0,0,0,0,0,0,0,0,0,0,0,0,0,0,0,0,0,0,0,0,0,0,0,0,0
enchant-5866,安戎·绣（气血）,气血提升122点,8,,10,0,0,0,0,0,0,0,0,0,0,0,0,0,0,0,0,0,0,0,0,0,0,0,0,0
enchant-5867,安戎·绣（内力）,内力提升122点,8,,10,0,0,0,0,0,0,0,0,0,0,0,0,0,0,0,0,0,0,0,0,0,0,0,0,0
enchant-5868,安戎·绣（气回）,生命回复提升10,8,,10,0,0,0,0,0,0,0,0,0,0,0,0,0,0,0,0,0,0,0,0,0,0,0,0,0
enchant-5869,安戎·绣（内回）,内力回复提升17,8,,10,0,0,0,0,0,0,0,0,0,0,0,0,0,0,0,0,0,0,0,0,0,0,0,0,0
enchant-5870,安戎·绣（拆值）,拆招提升152,8,,7,0,0,0,0,0,0,0,0,0,0,0,0,0,0,0,0,0,0,0,0,0,0,0,0,0
enchant-5871,安戎·绣（闪避）,闪避提升12,8,,7,0,0,0,0,0,0,0,0,0,0,0,0,0,0,0,0,0,0,0,0,0,0,0,0,0
enchant-5872,安戎·绣（外防）,外功防御提升12,8,,7,0,0,0,0,0,0,0,0,0,0,0,0,0,0,0,0,0,0,0,0,0,0,0,0,0
enchant-5873,安戎·绣（内防）,内功防御提升12,8,,7,0,0,0,0,0,0,0,0,0,0,0,0,0,0,0,0,0,0,0,0,0,0,0,0,0
enchant-5875,安戎·绣（御劲）,御劲提升12,8,,10,0,0,0,0,0,0,0,0,0,0,0,0,0,0,0,0,0,0,0,0,0,0,0,0,0
enchant-5876,安戎·绣（化劲）,化劲提升12,8,,10,0,0,0,0,0,0,0,0,0,0,0,0,0,0,0,0,0,0,0,0,0,0,0,0,0
enchant-5878,安戎·印（元气）,元气提升9,7,,2,0,0,0,0,0,0,0,0,0,0,0,0,0,0,0,0,0,0,0,0,0,0,0,0,0
enchant-5879,安戎·印（外伤）,外功攻击提升18,7,,1,0,0,0,0,0,0,0,0,0,0,0,0,0,0,0,0,0,0,0,0,0,0,0,0,0
enchant-5880,安戎·印（内伤）,内功攻击提升22,7,,8,0,0,0,0,0,0,0,0,0,0,0,0,0,0,0,0,0,0,0,0,0,0,0,0,0
enchant-5881,安戎·印（疗伤）,疗伤成效提升19,7,,6,0,0,0,0,0,0,0,0,0,0,0,0,0,0,0,0,0,0,0,0,0,0,0,0,0
enchant-5882,安戎·印（内会效）,内功会心效果提升24,7,,0,0,0,0,0,0,0,0,0,0,0,0,0,0,0,0,0,0,0,0,0,0,0,0,0,0
enchant-5883,安戎·印（外会效）,外功会心效果提升24,7,,9,0,0,0,0,0,0,0,0,0,0,0,0,0,0,0,0,0,0,0,0,0,0,0,0,0
enchant-5884,安戎·染（力道）,力道提升9,6,,4,0,0,0,0,0,0,0,0,0,0,0,0,0,0,0,0,0,0,0,0,0,0,0,0,0
enchant-5885,安戎·染（元气）,元气提升9,6,,2,0,0,0,0,0,0,0,0,0,0,0,0,0,0,0,0,0,0,0,0,0,0,0,0,0
enchant-5886,安戎·染（外伤）,外功攻击提升18,6,,1,0,0,0,0,0,0,0,0,0,0,0,0,0,0,0,0,0,0,0,0,0,0,0,0,0
enchant-5887,安戎·染（内伤）,内功攻击提升22,6,,8,0,0,0,0,0,0,0,0,0,0,0,0,0,0,0,0,0,0,0,0,0,0,0,0,0
enchant-5888,安戎·染（疗伤）,疗伤成效提升19,6,,6,0,0,0,0,0,0,0,0,0,0,0,0,0,0,0,0,0,0,0,0,0,0,0,0,0
enchant-5889,安戎·染（内会效）,内功会心效果提升24,6,,0,0,0,0,0,0,0,0,0,0,0,0,0,0,0,0,0,0,0,0,0,0,0,0,0,0
enchant-5890,安戎·染（外会效）,外功会心效果提升24,6,,9,0,0,0,0,0,0,0,0,0,0,0,0,0,0,0,0,0,0,0,0,0,0,0,0,0
enchant-5891,安戎·纹（体质）,体质提升12,10,,10,0,0,0,0,0,0,0,0,0,0,0,0,0,0,0,0,0,0,0,0,0,0,0,0,0
enchant-5892,安戎·纹（气血）,气血提升122点,10,,10,0,0,0,0,0,0,0,0,0,0,0,0,0,0,0,0,0,0,0,0,0,0,0,0,0
enchant-5893,安戎·纹（内力）,内力提升122点,10,,10,0,0,0,0,0,0,0,0,0,0,0,0,0,0,0,0,0,0,0,0,0,0,0,0,0
enchant-5894,安戎·纹（气回）,生命回复提升10,10,,10,0,0,0,0,0,0,0,0,0,0,0,0,0,0,0,0,0,0,0,0,0,0,0,0,0
enchant-5895,安戎·纹（内回）,内力回复提升17,10,,10,0,0,0,0,0,0,0,0,0,0,0,0,0,0,0,0,0,0,0,0,0,0,0,0,0
enchant-5896,安戎·纹（拆值）,拆招提升152,10,,7,0,0,0,0,0,0,0,0,0,0,0,0,0,0,0,0,0,0,0,0,0,0,0,0,0
enchant-5897,安戎·纹（闪避）,闪避提升12,10,,7,0,0,0,0,0,0,0,0,0,0,0,0,0,0,0,0,0,0,0,0,0,0,0,0,0
enchant-5898,安戎·纹（外防）,外功防御提升12,10,,7,0,0,0,0,0,0,0,0,0,0,0,0,0,0,0,0,0,0,0,0,0,0,0,0,0
enchant-5899,安戎·纹（内防）,内功防御提升12,10,,7,0,0,0,0,0,0,0,0,0,0,0,0,0,0,0,0,0,0,0,0,0,0,0,0,0
enchant-5900,安戎·纹（招架）,招架提升12,10,,7,0,0,0,0,0,0,0,0,0,0,0,0,0,0,0,0,0,0,0,0,0,0,0,0,0
enchant-5901,安戎·纹（御劲）,御劲提升12,10,,10,0,0,0,0,0,0,0,0,0,0,0,0,0,0,0,0,0,0,0,0,0,0,0,0,0
enchant-5902,安戎·纹（化劲）,化劲提升12,10,,10,0,0,0,0,0,0,0,0,0,0,0,0,0,0,0,0,0,0,0,0,0,0,0,0,0
enchant-5903,雅·安戎·绣（体质）,体质提升14,8,,10,0,0,0,0,0,0,0,0,0,0,0,0,0,0,0,0,0,0,0,0,0,0,0,0,0
enchant-5904,雅·安戎·绣（气血）,气血提升137点,8,,10,0,0,0,0,0,0,0,0,0,0,0,0,0,0,0,0,0,0,0,0,0,0,0,0,0
enchant-5905,雅·安戎·绣（内力）,内力提升137点,8,,10,0,0,0,0,0,0,0,0,0,0,0,0,0,0,0,0,0,0,0,0,0,0,0,0,0
enchant-5906,雅·安戎·绣（气回）,生命回复提升10,8,,10,0,0,0,0,0,0,0,0,0,0,0,0,0,0,0,0,0,0,0,0,0,0,0,0,0
enchant-5907,雅·安戎·绣（内回）,内力回复提升17,8,,10,0,0,0,0,0,0,0,0,0,0,0,0,0,0,0,0,0,0,0,0,0,0,0,0,0
enchant-5908,雅·安戎·绣（拆值）,拆招提升171,8,,7,0,0,0,0,0,0,0,0,0,0,0,0,0,0,0,0,0,0,0,0,0,0,0,0,0
enchant-5909,雅·安戎·绣（闪避）,闪避提升14,8,,7,0,0,0,0,0,0,0,0,0,0,0,0,0,0,0,0,0,0,0,0,0,0,0,0,0
enchant-5910,雅·安戎·绣（外防）,外功防御提升14,8,,7,0,0,0,0,0,0,0,0,0,0,0,0,0,0,0,0,0,0,0,0,0,0,0,0,0
enchant-5911,雅·安戎·绣（内防）,内功防御提升14,8,,7,0,0,0,0,0,0,0,0,0,0,0,0,0,0,0,0,0,0,0,0,0,0,0,0,0
enchant-5912,雅·安戎·绣（招架）,招架提升14,8,,7,0,0,0,0,0,0,0,0,0,0,0,0,0,0,0,0,0,0,0,0,0,0,0,0,0
enchant-5913,雅·安戎·绣（御劲）,御劲提升14,8,,10,0,0,0,0,0,0,0,0,0,0,0,0,0,0,0,0,0,0,0,0,0,0,0,0,0
enchant-5914,雅·安戎·绣（化劲）,化劲提升14,8,,10,0,0,0,0,0,0,0,0,0,0,0,0,0,0,0,0,0,0,0,0,0,0,0,0,0
enchant-5915,雅·安戎·印（力道）,力道提升10,7,,4,0,0,0,0,0,0,0,0,0,0,0,0,0,0,0,0,0,0,0,0,0,0,0,0,0
enchant-5916,雅·安戎·印（元气）,元气提升10,7,,2,0,0,0,0,0,0,0,0,0,0,0,0,0,0,0,0,0,0,0,0,0,0,0,0,0
enchant-5917,雅·安戎·印（外伤）,外功攻击提升21,7,,1,0,0,0,0,0,0,0,0,0,0,0,0,0,0,0,0,0,0,0,0,0,0,0,0,0
enchant-5918,雅·安戎·印（内伤）,内功攻击提升25,7,,8,0,0,0,0,0,0,0,0,0,0,0,0,0,0,0,0,0,0,0,0,0,0,0,0,0
enchant-5919,雅·安戎·印（疗伤）,疗伤成效提升22,7,,6,0,0,0,0,0,0,0,0,0,0,0,0,0,0,0,0,0,0,0,0,0,0,0,0,0
enchant-5920,雅·安戎·印（内会效）,内功会心效果提升27,7,,0,0,0,0,0,0,0,0,0,0,0,0,0,0,0,0,0,0,0,0,0,0,0,0,0,0
enchant-5921,雅·安戎·印（外会效）,外功会心效果提升27,7,,9,0,0,0,0,0,0,0,0,0,0,0,0,0,0,0,0,0,0,0,0,0,0,0,0,0
enchant-5922,雅·安戎·染（力道）,力道提升10,6,,4,0,0,0,0,0,0,0,0,0,0,0,0,0,0,0,0,0,0,0,0,0,0,0,0,0
enchant-5923,雅·安戎·染（元气）,元气提升10,6,,2,0,0,0,0,0,0,0,0,0,0,0,0,0,0,0,0,0,0,0,0,0,0,0,0,0
enchant-5924,雅·安戎·染（外伤）,外功攻击提升21,6,,1,0,0,0,0,0,0,0,0,0,0,0,0,0,0,0,0,0,0,0,0,0,0,0,0,0
enchant-5925,雅·安戎·染（内伤）,内功攻击提升25,6,,8,0,0,0,0,0,0,0,0,0,0,0,0,0,0,0,0,0,0,0,0,0,0,0,0,0
enchant-5926,雅·安戎·染（疗伤）,疗伤成效提升22,6,,6,0,0,0,0,0,0,0,0,0,0,0,0,0,0,0,0,0,0,0,0,0,0,0,0,0
enchant-5927,雅·安戎·染（内会效）,内功会心效果提升27,6,,0,0,0,0,0,0,0,0,0,0,0,0,0,0,0,0,0,0,0,0,0,0,0,0,0,0
enchant-5928,雅·安戎·染（外会效）,外功会心效果提升27,6,,9,0,0,0,0,0,0,0,0,0,0,0,0,0,0,0,0,0,0,0,0,0,0,0,0,0
enchant-5929,雅·安戎·纹（体质）,体质提升14,10,,10,0,0,0,0,0,0,0,0,0,0,0,0,0,0,0,0,0,0,0,0,0,0,0,0,0
enchant-5930,雅·安戎·纹（气血）,气血提升137点,10,,10,0,0,0,0,0,0,0,0,0,0,0,0,0,0,0,0,0,0,0,0,0,0,0,0,0
enchant-5931,雅·安戎·纹（内力）,内力提升137点,10,,10,0,0,0,0,0,0,0,0,0,0,0,0,0,0,0,0,0,0,0,0,0,0,0,0,0
enchant-5932,雅·安戎·纹（气回）,生命回复提升10,10,,10,0,0,0,0,0,0,0,0,0,0,0,0,0,0,0,0,0,0,0,0,0,0,0,0,0
enchant-5933,雅·安戎·纹（内回）,内力回复提升17,10,,10,0,0,0,0,0,0,0,0,0,0,0,0,0,0,0,0,0,0,0,0,0,0,0,0,0
enchant-5934,雅·安戎·纹（拆值）,拆招提升171,10,,7,0,0,0,0,0,0,0,0,0,0,0,0,0,0,0,0,0,0,0,0,0,0,0,0,0
enchant-5935,雅·安戎·纹（闪避）,闪避提升14,10,,7,0,0,0,0,0,0,0,0,0,0,0,0,0,0,0,0,0,0,0,0,0,0,0,0,0
enchant-5936,雅·安戎·纹（外防）,外功防御提升14,10,,7,0,0,0,0,0,0,0,0,0,0,0,0,0,0,0,0,0,0,0,0,0,0,0,0,0
enchant-5937,雅·安戎·纹（内防）,内功防御提升14,10,,7,0,0,0,0,0,0,0,0,0,0,0,0,0,0,0,0,0,0,0,0,0,0,0,0,0
enchant-5938,雅·安戎·纹（招架）,招架提升14,10,,7,0,0,0,0,0,0,0,0,0,0,0,0,0,0,0,0,0,0,0,0,0,0,0,0,0
enchant-5939,雅·安戎·纹（御劲）,御劲提升14,10,,10,0,0,0,0,0,0,0,0,0,0,0,0,0,0,0,0,0,0,0,0,0,0,0,0,0
enchant-5940,雅·安戎·纹（化劲）,化劲提升14,10,,10,0,0,0,0,0,0,0,0,0,0,0,0,0,0,0,0,0,0,0,0,0,0,0,0,0
enchant-5941,行军·锻（外破）,外功破防提升12,9,,1,0,0,0,0,0,0,0,0,0,0,0,0,0,0,0,0,0,0,0,0,0,0,0,0,0
enchant-5942,行军·锻（内破）,内功破防提升12,9,,8,0,0,0,0,0,0,0,0,0,0,0,0,0,0,0,0,0,0,0,0,0,0,0,0,0
enchant-5943,行军·铸（外破）,外功破防提升12,5,,1,0,0,0,0,0,0,0,0,0,0,0,0,0,0,0,0,0,0,0,0,0,0,0,0,0
enchant-5944,行军·铸（内破）,内功破防提升12,5,,8,0,0,0,0,0,0,0,0,0,0,0,0,0,0,0,0,0,0,0,0,0,0,0,0,0
enchant-5945,行军·磨石（外伤）,外功攻击提升12,11,,1,0,0,0,0,0,0,0,0,0,0,0,0,0,0,0,0,0,0,0,0,0,0,0,0,0
enchant-5946,行军·磨石（内伤）,内功攻击提升12,11,,8,0,0,0,0,0,0,0,0,0,0,0,0,0,0,0,0,0,0,0,0,0,0,0,0,0
enchant-5947,行军·熔锭（外伤）,外功攻击提升12,11,,1,0,0,0,0,0,0,0,0,0,0,0,0,0,0,0,0,0,0,0,0,0,0,0,0,0
enchant-5948,行军·熔锭（内伤）,内功攻击提升12,11,,8,0,0,0,0,0,0,0,0,0,0,0,0,0,0,0,0,0,0,0,0,0,0,0,0,0
enchant-5949,安戎·锻（根骨）,根骨提升14,9,,3,0,0,0,0,0,0,0,0,0,0,0,0,0,0,0,0,0,0,0,0,0,0,0,0,0
enchant-5950,安戎·锻（身法）,身法提升14,9,,5,0,0,0,0,0,0,0,0,0,0,0,0,0,0,0,0,0,0,0,0,0,0,0,0,0
enchant-5951,安戎·锻（外破）,外功破防提升24,9,,1,0,0,0,0,0,0,0,0,0,0,0,0,0,0,0,0,0,0,0,0,0,0,0,0,0
enchant-5952,安戎·锻（内破）,内功破防提升24,9,,8,0,0,0,0,0,0,0,0,0,0,0,0,0,0,0,0,0,0,0,0,0,0,0,0,0
enchant-5953,安戎·锻（仇恨）,仇恨百分比提升4%,9,,7,0,0,0,0,0,0,0,0,0,0,0,0,0,0,0,0,0,0,0,0,0,0,0,0,0
enchant-5954,安戎·锻（外会）,外功会心提升24,9,,9,0,0,0,0,0,0,0,0,0,0,0,0,0,0,0,0,0,0,0,0,0,0,0,0,0
enchant-5955,安戎·锻（内会）,内功会心提升24,9,,0,0,0,0,0,0,0,0,0,0,0,0,0,0,0,0,0,0,0,0,0,0,0,0,0,0
enchant-5956,安戎·锻（外命）,外功命中提升24,9,,9,0,0,0,0,0,0,0,0,0,0,0,0,0,0,0,0,0,0,0,0,0,0,0,0,0
enchant-5957,安戎·锻（内命）,内功命中提升24,9,,0,0,0,0,0,0,0,0,0,0,0,0,0,0,0,0,0,0,0,0,0,0,0,0,0,0
enchant-5958,安戎·锻（无双）,无双提升24,9,,10,0,0,0,0,0,0,0,0,0,0,0,0,0,0,0,0,0,0,0,0,0,0,0,0,0
enchant-5959,安戎·铸（根骨）,根骨提升13,5,,3,0,0,0,0,0,0,0,0,0,0,0,0,0,0,0,0,0,0,0,0,0,0,0,0,0
enchant-5960,安戎·铸（身法）,身法提升13,5,,5,0,0,0,0,0,0,0,0,0,0,0,0,0,0,0,0,0,0,0,0,0,0,0,0,0
enchant-5961,安戎·铸（外破）,外功破防提升24,5,,1,0,0,0,0,0,0,0,0,0,0,0,0,0,0,0,0,0,0,0,0,0,0,0,0,0
enchant-5962,安戎·铸（内破）,内功破防提升24,5,,8,0,0,0,0,0,0,0,0,0,0,0,0,0,0,0,0,0,0,0,0,0,0,0,0,0
enchant-5963,安戎·铸（仇恨）,仇恨百分比提升4%,5,,7,0,0,0,0,0,0,0,0,0,0,0,0,0,0,0,0,0,0,0,0,0,0,0,0,0
enchant-5964,安戎·铸（外会）,外功会心提升24,5,,9,0,0,0,0,0,0,0,0,0,0,0,0,0,0,0,0,0,0,0,0,0,0,0,0,0
enchant-5965,安戎·铸（内会）,内功会心提升24,5,,0,0,0,0,0,0,0,0,0,0,0,0,0,0,0,0,0,0,0,0,0,0,0,0,0,0
enchant-5966,安戎·铸（外命）,外功命中提升24,5,,9,0,0,0,0,0,0,0,0,0,0,0,0,0,0,0,0,0,0,0,0,0,0,0,0,0
enchant-5967,安戎·铸（内命）,内功命中提升24,5,,0,0,0,0,0,0,0,0,0,0,0,0,0,0,0,0,0,0,0,0,0,0,0,0,0,0
enchant-5968,安戎·铸（无双）,无双提升24,5,,10,0,0,0,0,0,0,0,0,0,0,0,0,0,0,0,0,0,0,0,0,0,0,0,0,0
enchant-5969,安戎·磨石（外伤）,外功攻击提升18,11,,1,0,0,0,0,0,0,0,0,0,0,0,0,0,0,0,0,0,0,0,0,0,0,0,0,0
enchant-5970,安戎·磨石（内伤）,内功攻击提升22,11,,8,0,0,0,0,0,0,0,0,0,0,0,0,0,0,0,0,0,0,0,0,0,0,0,0,0
enchant-5971,安戎·磨石（疗伤）,疗伤成效提升19,11,,6,0,0,0,0,0,0,0,0,0,0,0,0,0,0,0,0,0,0,0,0,0,0,0,0,0
enchant-5972,安戎·磨石（武伤）,武器伤害提升4,11,,10,0,0,0,0,0,0,0,0,0,0,0,0,0,0,0,0,0,0,0,0,0,0,0,0,0
enchant-5973,安戎·熔锭（外伤）,外功攻击提升27,11,,1,0,0,0,0,0,0,0,0,0,0,0,0,0,0,0,0,0,0,0,0,0,0,0,0,0
enchant-5974,安戎·熔锭（内伤）,内功攻击提升33,11,,8,0,0,0,0,0,0,0,0,0,0,0,0,0,0,0,0,0,0,0,0,0,0,0,0,0
enchant-5975,安戎·熔锭（疗伤）,疗伤成效提升29,11,,6,0,0,0,0,0,0,0,0,0,0,0,0,0,0,0,0,0,0,0,0,0,0,0,0,0
enchant-5976,安戎·熔锭（武伤）,武器伤害提升6,11,,10,0,0,0,0,0,0,0,0,0,0,0,0,0,0,0,0,0,0,0,0,0,0,0,0,0
enchant-5977,固·安戎·锻（根骨）,根骨提升15,9,,3,0,0,0,0,0,0,0,0,0,0,0,0,0,0,0,0,0,0,0,0,0,0,0,0,0
enchant-5978,固·安戎·锻（身法）,身法提升15,9,,5,0,0,0,0,0,0,0,0,0,0,0,0,0,0,0,0,0,0,0,0,0,0,0,0,0
enchant-5979,固·安戎·锻（外破）,外功破防提升27,9,,1,0,0,0,0,0,0,0,0,0,0,0,0,0,0,0,0,0,0,0,0,0,0,0,0,0
enchant-5980,固·安戎·锻（内破）,内功破防提升27,9,,8,0,0,0,0,0,0,0,0,0,0,0,0,0,0,0,0,0,0,0,0,0,0,0,0,0
enchant-5981,固·安戎·锻（仇恨）,仇恨百分比提升5%,9,,7,0,0,0,0,0,0,0,0,0,0,0,0,0,0,0,0,0,0,0,0,0,0,0,0,0
enchant-5982,固·安戎·锻（外会）,外功会心提升27,9,,9,0,0,0,0,0,0,0,0,0,0,0,0,0,0,0,0,0,0,0,0,0,0,0,0,0
enchant-5983,固·安戎·锻（内会）,内功会心提升27,9,,0,0,0,0,0,0,0,0,0,0,0,0,0,0,0,0,0,0,0,0,0,0,0,0,0,0
enchant-5984,固·安戎·锻（外命）,外功命中提升27,9,,9,0,0,0,0,0,0,0,0,0,0,0,0,0,0,0,0,0,0,0,0,0,0,0,0,0
enchant-5985,固·安戎·锻（内命）,内功命中提升27,9,,0,0,0,0,0,0,0,0,0,0,0,0,0,0,0,0,0,0,0,0,0,0,0,0,0,0
enchant-5986,固·安戎·锻（无双）,无双提升27,9,,10,0,0,0,0,0,0,0,0,0,0,0,0,0,0,0,0,0,0,0,0,0,0,0,0,0
enchant-5987,固·安戎·铸（根骨）,根骨提升15,5,,3,0,0,0,0,0,0,0,0,0,0,0,0,0,0,0,0,0,0,0,0,0,0,0,0,0
enchant-5988,固·安戎·铸（身法）,身法提升15,5,,5,0,0,0,0,0,0,0,0,0,0,0,0,0,0,0,0,0,0,0,0,0,0,0,0,0
enchant-5989,固·安戎·铸（外破）,外功破防提升27,5,,1,0,0,0,0,0,0,0,0,0,0,0,0,0,0,0,0,0,0,0,0,0,0,0,0,0
enchant-5990,固·安戎·铸（内破）,内功破防提升27,5,,8,0,0,0,0,0,0,0,0,0,0,0,0,0,0,0,0,0,0,0,0,0,0,0,0,0
enchant-5991,固·安戎·铸（仇恨）,仇恨百分比提升5%,5,,7,0,0,0,0,0,0,0,0,0,0,0,0,0,0,0,0,0,0,0,0,0,0,0,0,0
enchant-5992,固·安戎·铸（外会）,外功会心提升27,5,,9,0,0,0,0,0,0,0,0,0,0,0,0,0,0,0,0,0,0,0,0,0,0,0,0,0
enchant-5993,固·安戎·铸（内会）,内功会心提升27,5,,0,0,0,0,0,0,0,0,0,0,0,0,0,0,0,0,0,0,0,0,0,0,0,0,0,0
enchant-5994,固·安戎·铸（外命）,外功命中提升27,5,,9,0,0,0,0,0,0,0,0,0,0,0,0,0,0,0,0,0,0,0,0,0,0,0,0,0
enchant-5995,固·安戎·铸（内命）,内功命中提升27,5,,0,0,0,0,0,0,0,0,0,0,0,0,0,0,0,0,0,0,0,0,0,0,0,0,0,0
enchant-5996,固·安戎·铸（无双）,无双提升27,5,,10,0,0,0,0,0,0,0,0,0,0,0,0,0,0,0,0,0,0,0,0,0,0,0,0,0
enchant-5997,固·安戎·磨石（外伤）,外功攻击提升21,11,,1,0,0,0,0,0,0,0,0,0,0,0,0,0,0,0,0,0,0,0,0,0,0,0,0,0
enchant-5998,固·安戎·磨石（内伤）,内功攻击提升25,11,,8,0,0,0,0,0,0,0,0,0,0,0,0,0,0,0,0,0,0,0,0,0,0,0,0,0
enchant-5999,固·安戎·磨石（疗伤）,疗伤成效提升22,11,,6,0,0,0,0,0,0,0,0,0,0,0,0,0,0,0,0,0,0,0,0,0,0,0,0,0
enchant-6000,固·安戎·磨石（武伤）,武器伤害提升5,11,,10,0,0,0,0,0,0,0,0,0,0,0,0,0,0,0,0,0,0,0,0,0,0,0,0,0
enchant-6001,固·安戎·熔锭（外伤）,外功攻击提升31,11,,1,0,0,0,0,0,0,0,0,0,0,0,0,0,0,0,0,0,0,0,0,0,0,0,0,0
enchant-6002,固·安戎·熔锭（内伤）,内功攻击提升37,11,,8,0,0,0,0,0,0,0,0,0,0,0,0,0,0,0,0,0,0,0,0,0,0,0,0,0
enchant-6003,固·安戎·熔锭（疗伤）,疗伤成效提升32,11,,6,0,0,0,0,0,0,0,0,0,0,0,0,0,0,0,0,0,0,0,0,0,0,0,0,0
enchant-6004,固·安戎·熔锭（武伤）,武器伤害提升7,11,,10,0,0,0,0,0,0,0,0,0,0,0,0,0,0,0,0,0,0,0,0,0,0,0,0,0
enchant-5874,安戎·绣（招架）,招架提升12,8,,7,0,0,0,0,0,0,0,0,0,0,0,0,0,0,0,0,0,0,0,0,0,0,0,0,0
enchant-5877,安戎·印（力道）,力道提升9,7,,4,0,0,0,0,0,0,0,0,0,0,0,0,0,0,0,0,0,0,0,0,0,0,0,0,0
enchant-6011,安戎·锻（加速）,加速提升24,9,,10,0,0,0,0,0,0,0,0,0,0,0,0,0,0,0,0,0,0,0,0,0,0,0,0,0
enchant-6012,安戎·铸（加速）,加速提升24,5,,10,0,0,0,0,0,0,0,0,0,0,0,0,0,0,0,0,0,0,0,0,0,0,0,0,0
enchant-6013,固·安戎·锻（加速）,加速提升27,9,,10,0,0,0,0,0,0,0,0,0,0,0,0,0,0,0,0,0,0,0,0,0,0,0,0,0
enchant-6014,固·安戎·铸（加速）,加速提升27,5,,10,0,0,0,0,0,0,0,0,0,0,0,0,0,0,0,0,0,0,0,0,0,0,0,0,0
enchant-5635,新春·别岁,可强化戒指，使自身每秒回复气血值提高8点,999,,10,0,0,0,0,0,0,0,0,0,0,0,0,0,0,0,0,0,0,0,0,0,0,0,0,0
enchant-6036,苍·安戎·绣（内伤）,内功攻击提升22,8,,8,0,0,0,0,0,0,0,0,0,0,0,0,0,0,0,0,0,0,0,0,0,0,0,0,0
enchant-6037,苍·安戎·染（内伤）,内功攻击提升22,6,,8,0,0,0,0,0,0,0,0,0,0,0,0,0,0,0,0,0,0,0,0,0,0,0,0,0
enchant-6038,苍·安戎·印（内伤）,内功攻击提升22,7,,8,0,0,0,0,0,0,0,0,0,0,0,0,0,0,0,0,0,0,0,0,0,0,0,0,0
enchant-6039,苍·安戎·纹（内伤）,内功攻击提升22,10,,8,0,0,0,0,0,0,0,0,0,0,0,0,0,0,0,0,0,0,0,0,0,0,0,0,0
enchant-6040,苍·安戎·绣（外伤）,外功攻击提升18,8,,1,0,0,0,0,0,0,0,0,0,0,0,0,0,0,0,0,0,0,0,0,0,0,0,0,0
enchant-6041,苍·安戎·染（外伤）,外功攻击提升18,6,,1,0,0,0,0,0,0,0,0,0,0,0,0,0,0,0,0,0,0,0,0,0,0,0,0,0
enchant-6042,苍·安戎·印（外伤）,外功攻击提升18,7,,1,0,0,0,0,0,0,0,0,0,0,0,0,0,0,0,0,0,0,0,0,0,0,0,0,0
enchant-6043,苍·安戎·纹（外伤）,外功攻击提升18,10,,1,0,0,0,0,0,0,0,0,0,0,0,0,0,0,0,0,0,0,0,0,0,0,0,0,0
enchant-6044,苍·安戎·绣（疗伤）,疗伤成效提升19,8,,6,0,0,0,0,0,0,0,0,0,0,0,0,0,0,0,0,0,0,0,0,0,0,0,0,0
enchant-6045,苍·安戎·染（疗伤）,疗伤成效提升19,6,,6,0,0,0,0,0,0,0,0,0,0,0,0,0,0,0,0,0,0,0,0,0,0,0,0,0
enchant-6046,苍·安戎·印（疗伤）,疗伤成效提升19,7,,6,0,0,0,0,0,0,0,0,0,0,0,0,0,0,0,0,0,0,0,0,0,0,0,0,0
enchant-6047,苍·安戎·纹（疗伤）,疗伤成效提升19,10,,6,0,0,0,0,0,0,0,0,0,0,0,0,0,0,0,0,0,0,0,0,0,0,0,0,0
enchant-6048,苍·安戎·绣（内破）,内功破防提升24,8,,8,0,0,0,0,0,0,0,0,0,0,0,0,0,0,0,0,0,0,0,0,0,0,0,0,0
enchant-6049,苍·安戎·绣（外破）,内功破防提升24,8,,8,0,0,0,0,0,0,0,0,0,0,0,0,0,0,0,0,0,0,0,0,0,0,0,0,0
enchant-6050,苍·安戎·纹（内破）,内功破防提升24,10,,8,0,0,0,0,0,0,0,0,0,0,0,0,0,0,0,0,0,0,0,0,0,0,0,0,0
enchant-6051,苍·安戎·纹（外破）,内功破防提升24,10,,8,0,0,0,0,0,0,0,0,0,0,0,0,0,0,0,0,0,0,0,0,0,0,0,0,0
enchant-6052,苍·安戎·锻（内伤）,内功攻击提升22,9,,8,0,0,0,0,0,0,0,0,0,0,0,0,0,0,0,0,0,0,0,0,0,0,0,0,0
enchant-6053,苍·安戎·锻（外伤）,外功攻击提升18,9,,1,0,0,0,0,0,0,0,0,0,0,0,0,0,0,0,0,0,0,0,0,0,0,0,0,0
enchant-6054,苍·安戎·锻（疗伤）,疗伤成效提升19,9,,6,0,0,0,0,0,0,0,0,0,0,0,0,0,0,0,0,0,0,0,0,0,0,0,0,0
enchant-6055,苍·安戎·铸（内伤）,内功攻击提升22,5,,8,0,0,0,0,0,0,0,0,0,0,0,0,0,0,0,0,0,0,0,0,0,0,0,0,0
enchant-6056,苍·安戎·铸（外伤）,外功攻击提升18,5,,1,0,0,0,0,0,0,0,0,0,0,0,0,0,0,0,0,0,0,0,0,0,0,0,0,0
enchant-6057,苍·安戎·铸（疗伤）,疗伤成效提升19,5,,6,0,0,0,0,0,0,0,0,0,0,0,0,0,0,0,0,0,0,0,0,0,0,0,0,0
enchant-6058,苍·安戎·磨石（内伤）,内功攻击提升22,11,,8,0,0,0,0,0,0,0,0,0,0,0,0,0,0,0,0,0,0,0,0,0,0,0,0,0
enchant-6059,苍·安戎·磨石（外伤）,外功攻击提升18,11,,1,0,0,0,0,0,0,0,0,0,0,0,0,0,0,0,0,0,0,0,0,0,0,0,0,0
enchant-6060,苍·安戎·磨石（疗伤）,疗伤成效提升19,11,,6,0,0,0,0,0,0,0,0,0,0,0,0,0,0,0,0,0,0,0,0,0,0,0,0,0
enchant-6061,苍·安戎·磨石（仇恨）,仇恨百分比提升5%,11,,7,0,0,0,0,0,0,0,0,0,0,0,0,0,0,0,0,0,0,0,0,0,0,0,0,0
enchant-6062,新春·别岁,可强化戒指，使自身每秒回复气血值提高8点,999,,10,0,0,0,0,0,0,0,0,0,0,0,0,0,0,0,0,0,0,0,0,0,0,0,0,0
enchant-6064,新春·馈岁,可强化戒指，使自身招式产生威胁提高3%,999,,7,0,0,0,0,0,0,0,0,0,0,0,0,0,0,0,0,0,0,0,0,0,0,0,0,0
enchant-6067,新春·桃符,可强化戒指，使自身外功攻击增加3点,999,,1,0,0,0,0,0,0,0,0,0,0,0,0,0,0,0,0,0,0,0,0,0,0,0,0,0
enchant-6066,新春·压岁,可强化戒指，使自身内功攻击增加4点,999,,8,0,0,0,0,0,0,0,0,0,0,0,0,0,0,0,0,0,0,0,0,0,0,0,0,0
enchant-6150,剑胆·锻（根骨）,根骨提升18点,9,,3,0,0,0,0,0,0,0,0,0,0,0,0,0,0,0,0,0,0,0,0,0,0,0,0,0
enchant-6151,剑胆·锻（身法）,身法提升18点,9,,5,0,0,0,0,0,0,0,0,0,0,0,0,0,0,0,0,0,0,0,0,0,0,0,0,0
enchant-6152,剑胆·锻（外破）,外功破防等级提升49点,9,,1,0,0,0,0,0,0,0,0,0,0,0,0,0,0,0,0,0,0,0,0,0,0,0,0,0
enchant-6153,剑胆·锻（内破）,内功破防等级提升49点,9,,8,0,0,0,0,0,0,0,0,0,0,0,0,0,0,0,0,0,0,0,0,0,0,0,0,0
enchant-6154,剑胆·锻（仇恨）,仇恨百分比提升9%,9,,7,0,0,0,0,0,0,0,0,0,0,0,0,0,0,0,0,0,0,0,0,0,0,0,0,0
enchant-6155,剑胆·锻（外会）,外功会心等级提升49点,9,,9,0,0,0,0,0,0,0,0,0,0,0,0,0,0,0,0,0,0,0,0,0,0,0,0,0
enchant-6156,剑胆·锻（内会）,内功会心等级提升49点,9,,0,0,0,0,0,0,0,0,0,0,0,0,0,0,0,0,0,0,0,0,0,0,0,0,0,0
enchant-6157,剑胆·锻（外命）,外功命中等级提升49点,9,,9,0,0,0,0,0,0,0,0,0,0,0,0,0,0,0,0,0,0,0,0,0,0,0,0,0
enchant-6158,剑胆·锻（内命）,内功命中等级提升49点,9,,0,0,0,0,0,0,0,0,0,0,0,0,0,0,0,0,0,0,0,0,0,0,0,0,0,0
enchant-6159,剑胆·锻（无双）,无双等级提升49点,9,,10,0,0,0,0,0,0,0,0,0,0,0,0,0,0,0,0,0,0,0,0,0,0,0,0,0
enchant-6160,剑胆·锻（加速）,加速等级提升49点,9,,10,0,0,0,0,0,0,0,0,0,0,0,0,0,0,0,0,0,0,0,0,0,0,0,0,0
enchant-6161,剑胆·铸（根骨）,根骨提升18点,5,,3,0,0,0,0,0,0,0,0,0,0,0,0,0,0,0,0,0,0,0,0,0,0,0,0,0
enchant-6162,剑胆·铸（身法）,身法提升18点,5,,5,0,0,0,0,0,0,0,0,0,0,0,0,0,0,0,0,0,0,0,0,0,0,0,0,0
enchant-6163,剑胆·铸（外破）,外功破防等级提升49点,5,,1,0,0,0,0,0,0,0,0,0,0,0,0,0,0,0,0,0,0,0,0,0,0,0,0,0
enchant-6164,剑胆·铸（内破）,内功破防等级提升49点,5,,8,0,0,0,0,0,0,0,0,0,0,0,0,0,0,0,0,0,0,0,0,0,0,0,0,0
enchant-6165,剑胆·铸（仇恨）,仇恨百分比提升9%,5,,7,0,0,0,0,0,0,0,0,0,0,0,0,0,0,0,0,0,0,0,0,0,0,0,0,0
enchant-6166,剑胆·铸（外会）,外功会心等级提升49点,5,,9,0,0,0,0,0,0,0,0,0,0,0,0,0,0,0,0,0,0,0,0,0,0,0,0,0
enchant-6167,剑胆·铸（内会）,内功会心等级提升49点,5,,0,0,0,0,0,0,0,0,0,0,0,0,0,0,0,0,0,0,0,0,0,0,0,0,0,0
enchant-6168,剑胆·铸（外命）,外功命中等级提升49点,5,,9,0,0,0,0,0,0,0,0,0,0,0,0,0,0,0,0,0,0,0,0,0,0,0,0,0
enchant-6169,剑胆·铸（内命）,内功命中等级提升49点,5,,0,0,0,0,0,0,0,0,0,0,0,0,0,0,0,0,0,0,0,0,0,0,0,0,0,0
enchant-6170,剑胆·铸（无双）,无双等级提升49点,5,,10,0,0,0,0,0,0,0,0,0,0,0,0,0,0,0,0,0,0,0,0,0,0,0,0,0
enchant-6171,剑胆·铸（加速）,加速等级提升49点,5,,10,0,0,0,0,0,0,0,0,0,0,0,0,0,0,0,0,0,0,0,0,0,0,0,0,0
enchant-6172,剑胆·磨石（外伤）,外功攻击提升37点,11,,1,0,0,0,0,0,0,0,0,0,0,0,0,0,0,0,0,0,0,0,0,0,0,0,0,0
enchant-6173,剑胆·磨石（内伤）,内功攻击提升44点,11,,8,0,0,0,0,0,0,0,0,0,0,0,0,0,0,0,0,0,0,0,0,0,0,0,0,0
enchant-6174,剑胆·磨石（疗伤）,疗伤成效提升39点,11,,6,0,0,0,0,0,0,0,0,0,0,0,0,0,0,0,0,0,0,0,0,0,0,0,0,0
enchant-6175,剑胆·磨石（武伤）,武器伤害提升8点,11,,10,0,0,0,0,0,0,0,0,0,0,0,0,0,0,0,0,0,0,0,0,0,0,0,0,0
enchant-6176,剑胆·熔锭（外伤）,外功攻击提升55点,11,,1,0,0,0,0,0,0,0,0,0,0,0,0,0,0,0,0,0,0,0,0,0,0,0,0,0
enchant-6177,剑胆·熔锭（内伤）,内功攻击提升67点,11,,8,0,0,0,0,0,0,0,0,0,0,0,0,0,0,0,0,0,0,0,0,0,0,0,0,0
enchant-6178,剑胆·熔锭（疗伤）,疗伤成效提升58点,11,,6,0,0,0,0,0,0,0,0,0,0,0,0,0,0,0,0,0,0,0,0,0,0,0,0,0
enchant-6179,剑胆·熔锭（武伤）,武器伤害提升13点,11,,10,0,0,0,0,0,0,0,0,0,0,0,0,0,0,0,0,0,0,0,0,0,0,0,0,0
enchant-6180,佳·剑胆·锻（根骨）,根骨提升21点,9,,3,0,0,0,0,0,0,0,0,0,0,0,0,0,0,0,0,0,0,0,0,0,0,0,0,0
enchant-6181,佳·剑胆·锻（身法）,身法提升21点,9,,5,0,0,0,0,0,0,0,0,0,0,0,0,0,0,0,0,0,0,0,0,0,0,0,0,0
enchant-6182,佳·剑胆·锻（外破）,外功破防等级提升56点,9,,1,0,0,0,0,0,0,0,0,0,0,0,0,0,0,0,0,0,0,0,0,0,0,0,0,0
enchant-6183,佳·剑胆·锻（内破）,内功破防等级提升56点,9,,8,0,0,0,0,0,0,0,0,0,0,0,0,0,0,0,0,0,0,0,0,0,0,0,0,0
enchant-6184,佳·剑胆·锻（仇恨）,仇恨百分比提升10%,9,,7,0,0,0,0,0,0,0,0,0,0,0,0,0,0,0,0,0,0,0,0,0,0,0,0,0
enchant-6185,佳·剑胆·锻（外会）,外功会心等级提升56点,9,,9,0,0,0,0,0,0,0,0,0,0,0,0,0,0,0,0,0,0,0,0,0,0,0,0,0
enchant-6186,佳·剑胆·锻（内会）,内功会心等级提升56点,9,,0,0,0,0,0,0,0,0,0,0,0,0,0,0,0,0,0,0,0,0,0,0,0,0,0,0
enchant-6187,佳·剑胆·锻（外命）,外功命中等级提升56点,9,,9,0,0,0,0,0,0,0,0,0,0,0,0,0,0,0,0,0,0,0,0,0,0,0,0,0
enchant-6188,佳·剑胆·锻（内命）,内功命中等级提升56点,9,,0,0,0,0,0,0,0,0,0,0,0,0,0,0,0,0,0,0,0,0,0,0,0,0,0,0
enchant-6189,佳·剑胆·锻（无双）,无双等级提升56点,9,,10,0,0,0,0,0,0,0,0,0,0,0,0,0,0,0,0,0,0,0,0,0,0,0,0,0
enchant-6190,佳·剑胆·锻（加速）,加速等级提升56点,9,,10,0,0,0,0,0,0,0,0,0,0,0,0,0,0,0,0,0,0,0,0,0,0,0,0,0
enchant-6191,佳·剑胆·铸（根骨）,根骨提升21点,5,,3,0,0,0,0,0,0,0,0,0,0,0,0,0,0,0,0,0,0,0,0,0,0,0,0,0
enchant-6192,佳·剑胆·铸（身法）,身法提升21点,5,,5,0,0,0,0,0,0,0,0,0,0,0,0,0,0,0,0,0,0,0,0,0,0,0,0,0
enchant-6193,佳·剑胆·铸（外破）,外功破防等级提升56点,5,,1,0,0,0,0,0,0,0,0,0,0,0,0,0,0,0,0,0,0,0,0,0,0,0,0,0
enchant-6194,佳·剑胆·铸（内破）,内功破防等级提升56点,5,,8,0,0,0,0,0,0,0,0,0,0,0,0,0,0,0,0,0,0,0,0,0,0,0,0,0
enchant-6195,佳·剑胆·铸（仇恨）,仇恨百分比提升10%,5,,7,0,0,0,0,0,0,0,0,0,0,0,0,0,0,0,0,0,0,0,0,0,0,0,0,0
enchant-6196,佳·剑胆·铸（外会）,外功会心等级提升56点,5,,9,0,0,0,0,0,0,0,0,0,0,0,0,0,0,0,0,0,0,0,0,0,0,0,0,0
enchant-6197,佳·剑胆·铸（内会）,内功会心等级提升56点,5,,0,0,0,0,0,0,0,0,0,0,0,0,0,0,0,0,0,0,0,0,0,0,0,0,0,0
enchant-6198,佳·剑胆·铸（外命）,外功命中等级提升56点,5,,9,0,0,0,0,0,0,0,0,0,0,0,0,0,0,0,0,0,0,0,0,0,0,0,0,0
enchant-6199,佳·剑胆·铸（内命）,内功命中等级提升56点,5,,0,0,0,0,0,0,0,0,0,0,0,0,0,0,0,0,0,0,0,0,0,0,0,0,0,0
enchant-6200,佳·剑胆·铸（无双）,无双等级提升56点,5,,10,0,0,0,0,0,0,0,0,0,0,0,0,0,0,0,0,0,0,0,0,0,0,0,0,0
enchant-6201,佳·剑胆·铸（加速）,加速等级提升56点,5,,10,0,0,0,0,0,0,0,0,0,0,0,0,0,0,0,0,0,0,0,0,0,0,0,0,0
enchant-6202,佳·剑胆·磨石（外伤）,外功攻击提升42点,11,,1,0,0,0,0,0,0,0,0,0,0,0,0,0,0,0,0,0,0,0,0,0,0,0,0,0
enchant-6203,佳·剑胆·磨石（内伤）,内功攻击提升50点,11,,8,0,0,0,0,0,0,0,0,0,0,0,0,0,0,0,0,0,0,0,0,0,0,0,0,0
enchant-6204,佳·剑胆·磨石（疗伤）,疗伤成效提升43点,11,,6,0,0,0,0,0,0,0,0,0,0,0,0,0,0,0,0,0,0,0,0,0,0,0,0,0
enchant-6205,佳·剑胆·磨石（武伤）,武器伤害提升9点,11,,10,0,0,0,0,0,0,0,0,0,0,0,0,0,0,0,0,0,0,0,0,0,0,0,0,0
enchant-6206,佳·剑胆·熔锭（外伤）,外功攻击提升62点,11,,1,0,0,0,0,0,0,0,0,0,0,0,0,0,0,0,0,0,0,0,0,0,0,0,0,0
enchant-6207,佳·剑胆·熔锭（内伤）,内功攻击提升75点,11,,8,0,0,0,0,0,0,0,0,0,0,0,0,0,0,0,0,0,0,0,0,0,0,0,0,0
enchant-6208,佳·剑胆·熔锭（疗伤）,疗伤成效提升65点,11,,6,0,0,0,0,0,0,0,0,0,0,0,0,0,0,0,0,0,0,0,0,0,0,0,0,0
enchant-6209,佳·剑胆·熔锭（武伤）,武器伤害提升14点,11,,10,0,0,0,0,0,0,0,0,0,0,0,0,0,0,0,0,0,0,0,0,0,0,0,0,0
enchant-6074,剑胆·绣（体质）,体质提升25点,8,,10,0,0,0,0,0,0,0,0,0,0,0,0,0,0,0,0,0,0,0,0,0,0,0,0,0
enchant-6075,剑胆·绣（气血）,气血上限提升247点,8,,10,0,0,0,0,0,0,0,0,0,0,0,0,0,0,0,0,0,0,0,0,0,0,0,0,0
enchant-6076,剑胆·绣（内力）,内力上限提升247点,8,,10,0,0,0,0,0,0,0,0,0,0,0,0,0,0,0,0,0,0,0,0,0,0,0,0,0
enchant-6077,剑胆·绣（气回）,回复气血永久提升12点每秒,8,,10,0,0,0,0,0,0,0,0,0,0,0,0,0,0,0,0,0,0,0,0,0,0,0,0,0
enchant-6078,剑胆·绣（内回）,内力回复速度提升22点,8,,10,0,0,0,0,0,0,0,0,0,0,0,0,0,0,0,0,0,0,0,0,0,0,0,0,0
enchant-6079,剑胆·绣（拆值）,拆招值提升307点,8,,7,0,0,0,0,0,0,0,0,0,0,0,0,0,0,0,0,0,0,0,0,0,0,0,0,0
enchant-6080,剑胆·绣（闪避）,闪避值提升25点,8,,7,0,0,0,0,0,0,0,0,0,0,0,0,0,0,0,0,0,0,0,0,0,0,0,0,0
enchant-6081,剑胆·绣（外防）,外功防御等级提升25点,8,,7,0,0,0,0,0,0,0,0,0,0,0,0,0,0,0,0,0,0,0,0,0,0,0,0,0
enchant-6082,剑胆·绣（内防）,内功防御等级提升25点,8,,7,0,0,0,0,0,0,0,0,0,0,0,0,0,0,0,0,0,0,0,0,0,0,0,0,0
enchant-6083,剑胆·绣（招架）,招架值提升25点,8,,7,0,0,0,0,0,0,0,0,0,0,0,0,0,0,0,0,0,0,0,0,0,0,0,0,0
enchant-6084,剑胆·绣（御劲）,御劲提升25点,8,,10,0,0,0,0,0,0,0,0,0,0,0,0,0,0,0,0,0,0,0,0,0,0,0,0,0
enchant-6085,剑胆·绣（化劲）,化劲提升25点,8,,10,0,0,0,0,0,0,0,0,0,0,0,0,0,0,0,0,0,0,0,0,0,0,0,0,0
enchant-6086,剑胆·印（力道）,力道提升18点,7,,4,0,0,0,0,0,0,0,0,0,0,0,0,0,0,0,0,0,0,0,0,0,0,0,0,0
enchant-6087,剑胆·印（元气）,元气提升18点,7,,2,0,0,0,0,0,0,0,0,0,0,0,0,0,0,0,0,0,0,0,0,0,0,0,0,0
enchant-6088,剑胆·印（外伤）,外功攻击提升37点,7,,1,0,0,0,0,0,0,0,0,0,0,0,0,0,0,0,0,0,0,0,0,0,0,0,0,0
enchant-6089,剑胆·印（内伤）,内功攻击提升44点,7,,8,0,0,0,0,0,0,0,0,0,0,0,0,0,0,0,0,0,0,0,0,0,0,0,0,0
enchant-6090,剑胆·印（疗伤）,疗伤成效提升39点,7,,6,0,0,0,0,0,0,0,0,0,0,0,0,0,0,0,0,0,0,0,0,0,0,0,0,0
enchant-6091,剑胆·印（内会效）,内功会心效果等级提升49点,7,,0,0,0,0,0,0,0,0,0,0,0,0,0,0,0,0,0,0,0,0,0,0,0,0,0,0
enchant-6092,剑胆·印（外会效）,外功会心效果等级提升49点,7,,9,0,0,0,0,0,0,0,0,0,0,0,0,0,0,0,0,0,0,0,0,0,0,0,0,0
enchant-6093,剑胆·染（力道）,力道提升18点,6,,4,0,0,0,0,0,0,0,0,0,0,0,0,0,0,0,0,0,0,0,0,0,0,0,0,0
enchant-6094,剑胆·染（元气）,元气提升18点,6,,2,0,0,0,0,0,0,0,0,0,0,0,0,0,0,0,0,0,0,0,0,0,0,0,0,0
enchant-6095,剑胆·染（外伤）,外功攻击提升37点,6,,1,0,0,0,0,0,0,0,0,0,0,0,0,0,0,0,0,0,0,0,0,0,0,0,0,0
enchant-6096,剑胆·染（内伤）,内功攻击提升44点,6,,8,0,0,0,0,0,0,0,0,0,0,0,0,0,0,0,0,0,0,0,0,0,0,0,0,0
enchant-6097,剑胆·染（疗伤）,疗伤成效提升39点,6,,6,0,0,0,0,0,0,0,0,0,0,0,0,0,0,0,0,0,0,0,0,0,0,0,0,0
enchant-6098,剑胆·染（内会效）,内功会心效果等级提升49点,6,,0,0,0,0,0,0,0,0,0,0,0,0,0,0,0,0,0,0,0,0,0,0,0,0,0,0
enchant-6099,剑胆·染（外会效）,外功会心效果等级提升49点,6,,9,0,0,0,0,0,0,0,0,0,0,0,0,0,0,0,0,0,0,0,0,0,0,0,0,0
enchant-6100,剑胆·纹（体质）,体质提升25点,10,,10,0,0,0,0,0,0,0,0,0,0,0,0,0,0,0,0,0,0,0,0,0,0,0,0,0
enchant-6101,剑胆·纹（气血）,气血上限提升247点,10,,10,0,0,0,0,0,0,0,0,0,0,0,0,0,0,0,0,0,0,0,0,0,0,0,0,0
enchant-6102,剑胆·纹（内力）,内力上限提升247点,10,,10,0,0,0,0,0,0,0,0,0,0,0,0,0,0,0,0,0,0,0,0,0,0,0,0,0
enchant-6103,剑胆·纹（气回）,回复气血永久提升12点每秒,10,,10,0,0,0,0,0,0,0,0,0,0,0,0,0,0,0,0,0,0,0,0,0,0,0,0,0
enchant-6104,剑胆·纹（内回）,内力回复速度提升22点,10,,10,0,0,0,0,0,0,0,0,0,0,0,0,0,0,0,0,0,0,0,0,0,0,0,0,0
enchant-6105,剑胆·纹（拆值）,拆招值提升307点,10,,7,0,0,0,0,0,0,0,0,0,0,0,0,0,0,0,0,0,0,0,0,0,0,0,0,0
enchant-6106,剑胆·纹（闪避）,闪避值提升25点,10,,7,0,0,0,0,0,0,0,0,0,0,0,0,0,0,0,0,0,0,0,0,0,0,0,0,0
enchant-6107,剑胆·纹（外防）,外功防御等级提升25点,10,,7,0,0,0,0,0,0,0,0,0,0,0,0,0,0,0,0,0,0,0,0,0,0,0,0,0
enchant-6108,剑胆·纹（内防）,内功防御等级提升25点,10,,7,0,0,0,0,0,0,0,0,0,0,0,0,0,0,0,0,0,0,0,0,0,0,0,0,0
enchant-6109,剑胆·纹（招架）,招架值提升25点,10,,7,0,0,0,0,0,0,0,0,0,0,0,0,0,0,0,0,0,0,0,0,0,0,0,0,0
enchant-6110,剑胆·纹（御劲）,御劲提升25点,10,,10,0,0,0,0,0,0,0,0,0,0,0,0,0,0,0,0,0,0,0,0,0,0,0,0,0
enchant-6111,剑胆·纹（化劲）,化劲提升25点,10,,10,0,0,0,0,0,0,0,0,0,0,0,0,0,0,0,0,0,0,0,0,0,0,0,0,0
enchant-6112,佳·剑胆·绣（体质）,体质提升28点,8,,10,0,0,0,0,0,0,0,0,0,0,0,0,0,0,0,0,0,0,0,0,0,0,0,0,0
enchant-6113,佳·剑胆·绣（气血）,气血上限提升278点,8,,10,0,0,0,0,0,0,0,0,0,0,0,0,0,0,0,0,0,0,0,0,0,0,0,0,0
enchant-6114,佳·剑胆·绣（内力）,内力上限提升278点,8,,10,0,0,0,0,0,0,0,0,0,0,0,0,0,0,0,0,0,0,0,0,0,0,0,0,0
enchant-6115,佳·剑胆·绣（气回）,气血回复速度提升18点,8,,10,0,0,0,0,0,0,0,0,0,0,0,0,0,0,0,0,0,0,0,0,0,0,0,0,0
enchant-6116,佳·剑胆·绣（内回）,内力回复速度提升26点,8,,10,0,0,0,0,0,0,0,0,0,0,0,0,0,0,0,0,0,0,0,0,0,0,0,0,0
enchant-6117,佳·剑胆·绣（拆值）,拆招值提升345点,8,,7,0,0,0,0,0,0,0,0,0,0,0,0,0,0,0,0,0,0,0,0,0,0,0,0,0
enchant-6118,佳·剑胆·绣（闪避）,闪避值提升28点,8,,7,0,0,0,0,0,0,0,0,0,0,0,0,0,0,0,0,0,0,0,0,0,0,0,0,0
enchant-6119,佳·剑胆·绣（外防）,外功防御等级提升28点,8,,7,0,0,0,0,0,0,0,0,0,0,0,0,0,0,0,0,0,0,0,0,0,0,0,0,0
enchant-6120,佳·剑胆·绣（内防）,内功防御等级提升28点,8,,7,0,0,0,0,0,0,0,0,0,0,0,0,0,0,0,0,0,0,0,0,0,0,0,0,0
enchant-6121,佳·剑胆·绣（招架）,招架值提升28点,8,,7,0,0,0,0,0,0,0,0,0,0,0,0,0,0,0,0,0,0,0,0,0,0,0,0,0
enchant-6122,佳·剑胆·绣（御劲）,御劲提升28点,8,,10,0,0,0,0,0,0,0,0,0,0,0,0,0,0,0,0,0,0,0,0,0,0,0,0,0
enchant-6123,佳·剑胆·绣（化劲）,化劲提升28点,8,,10,0,0,0,0,0,0,0,0,0,0,0,0,0,0,0,0,0,0,0,0,0,0,0,0,0
enchant-6124,佳·剑胆·印（力道）,力道提升21点,7,,4,0,0,0,0,0,0,0,0,0,0,0,0,0,0,0,0,0,0,0,0,0,0,0,0,0
enchant-6125,佳·剑胆·印（元气）,元气提升21点,7,,2,0,0,0,0,0,0,0,0,0,0,0,0,0,0,0,0,0,0,0,0,0,0,0,0,0
enchant-6126,佳·剑胆·印（外伤）,外功攻击提升42点,7,,1,0,0,0,0,0,0,0,0,0,0,0,0,0,0,0,0,0,0,0,0,0,0,0,0,0
enchant-6127,佳·剑胆·印（内伤）,内功攻击提升50点,7,,8,0,0,0,0,0,0,0,0,0,0,0,0,0,0,0,0,0,0,0,0,0,0,0,0,0
enchant-6128,佳·剑胆·印（疗伤）,疗伤成效提升43点,7,,6,0,0,0,0,0,0,0,0,0,0,0,0,0,0,0,0,0,0,0,0,0,0,0,0,0
enchant-6129,佳·剑胆·印（内会效）,内功会心效果等级提升56点,7,,0,0,0,0,0,0,0,0,0,0,0,0,0,0,0,0,0,0,0,0,0,0,0,0,0,0
enchant-6130,佳·剑胆·印（外会效）,外功会心效果等级提升56点,7,,9,0,0,0,0,0,0,0,0,0,0,0,0,0,0,0,0,0,0,0,0,0,0,0,0,0
enchant-6131,佳·剑胆·染（力道）,力道提升21点,6,,4,0,0,0,0,0,0,0,0,0,0,0,0,0,0,0,0,0,0,0,0,0,0,0,0,0
enchant-6132,佳·剑胆·染（元气）,元气提升21点,6,,2,0,0,0,0,0,0,0,0,0,0,0,0,0,0,0,0,0,0,0,0,0,0,0,0,0
enchant-6133,佳·剑胆·染（外伤）,外功攻击提升42点,6,,1,0,0,0,0,0,0,0,0,0,0,0,0,0,0,0,0,0,0,0,0,0,0,0,0,0
enchant-6134,佳·剑胆·染（内伤）,内功攻击提升50点,6,,8,0,0,0,0,0,0,0,0,0,0,0,0,0,0,0,0,0,0,0,0,0,0,0,0,0
enchant-6135,佳·剑胆·染（疗伤）,疗伤成效提升43点,6,,6,0,0,0,0,0,0,0,0,0,0,0,0,0,0,0,0,0,0,0,0,0,0,0,0,0
enchant-6136,佳·剑胆·染（内会效）,内功会心效果等级提升56点,6,,0,0,0,0,0,0,0,0,0,0,0,0,0,0,0,0,0,0,0,0,0,0,0,0,0,0
enchant-6137,佳·剑胆·染（外会效）,外功会心效果等级提升56点,6,,9,0,0,0,0,0,0,0,0,0,0,0,0,0,0,0,0,0,0,0,0,0,0,0,0,0
enchant-6138,佳·剑胆·纹（体质）,体质提升28点,10,,10,0,0,0,0,0,0,0,0,0,0,0,0,0,0,0,0,0,0,0,0,0,0,0,0,0
enchant-6139,佳·剑胆·纹（气血）,气血上限提升278点,10,,10,0,0,0,0,0,0,0,0,0,0,0,0,0,0,0,0,0,0,0,0,0,0,0,0,0
enchant-6140,佳·剑胆·纹（内力）,内力上限提升278点,10,,10,0,0,0,0,0,0,0,0,0,0,0,0,0,0,0,0,0,0,0,0,0,0,0,0,0
enchant-6141,佳·剑胆·纹（气回）,气血回复速度提升18点,10,,10,0,0,0,0,0,0,0,0,0,0,0,0,0,0,0,0,0,0,0,0,0,0,0,0,0
enchant-6142,佳·剑胆·纹（内回）,内力回复速度提升26点,10,,10,0,0,0,0,0,0,0,0,0,0,0,0,0,0,0,0,0,0,0,0,0,0,0,0,0
enchant-6143,佳·剑胆·纹（拆值）,拆招值提升345点,10,,7,0,0,0,0,0,0,0,0,0,0,0,0,0,0,0,0,0,0,0,0,0,0,0,0,0
enchant-6144,佳·剑胆·纹（闪避）,闪避值提升28点,10,,7,0,0,0,0,0,0,0,0,0,0,0,0,0,0,0,0,0,0,0,0,0,0,0,0,0
enchant-6145,佳·剑胆·纹（外防）,外功防御等级提升28点,10,,7,0,0,0,0,0,0,0,0,0,0,0,0,0,0,0,0,0,0,0,0,0,0,0,0,0
enchant-6146,佳·剑胆·纹（内防）,内功防御等级提升28点,10,,7,0,0,0,0,0,0,0,0,0,0,0,0,0,0,0,0,0,0,0,0,0,0,0,0,0
enchant-6147,佳·剑胆·纹（招架）,招架值提升28点,10,,7,0,0,0,0,0,0,0,0,0,0,0,0,0,0,0,0,0,0,0,0,0,0,0,0,0
enchant-6148,佳·剑胆·纹（御劲）,御劲提升28点,10,,10,0,0,0,0,0,0,0,0,0,0,0,0,0,0,0,0,0,0,0,0,0,0,0,0,0
enchant-6149,佳·剑胆·纹（化劲）,化劲提升28点,10,,10,0,0,0,0,0,0,0,0,0,0,0,0,0,0,0,0,0,0,0,0,0,0,0,0,0
enchant-6233,新春·压岁,可强化戒指，使自身内功攻击增加6点,2,,8,0,0,0,0,0,0,0,0,0,0,0,0,0,0,0,0,0,0,0,0,0,0,0,0,0
enchant-6234,新春·桃符,可强化戒指，使自身外功攻击增加5点,2,,1,0,0,0,0,0,0,0,0,0,0,0,0,0,0,0,0,0,0,0,0,0,0,0,0,0
enchant-6229,新春·别岁,可强化戒指，使自身每秒回复气血值提高8点,2,,10,0,0,0,0,0,0,0,0,0,0,0,0,0,0,0,0,0,0,0,0,0,0,0,0,0
enchant-6247,珍·风骨·印（元气）,元气提升25点,7,,2,0,0,0,0,0,0,0,0,0,0,0,0,0,0,0,0,0,0,0,0,0,0,0,0,0
enchant-6246,珍·风骨·印（力道）,力道提升25点,7,,4,0,0,0,0,0,0,0,0,0,0,0,0,0,0,0,0,0,0,0,0,0,0,0,0,0
enchant-6250,珍·风骨·印（外会效）,外功会心效果等级提升68点,7,,9,0,0,0,0,0,0,0,0,0,0,0,0,0,0,0,0,0,0,0,0,0,0,0,0,0
enchant-6249,珍·风骨·印（内会效）,内功会心效果等级提升68点,7,,0,0,0,0,0,0,0,0,0,0,0,0,0,0,0,0,0,0,0,0,0,0,0,0,0,0
enchant-6248,珍·风骨·印（疗伤）,疗伤成效提升53点,7,,6,0,0,0,0,0,0,0,0,0,0,0,0,0,0,0,0,0,0,0,0,0,0,0,0,0
enchant-6252,珍·风骨·染（元气）,元气提升25点,6,,2,0,0,0,0,0,0,0,0,0,0,0,0,0,0,0,0,0,0,0,0,0,0,0,0,0
enchant-6251,珍·风骨·染（力道）,力道提升25点,6,,4,0,0,0,0,0,0,0,0,0,0,0,0,0,0,0,0,0,0,0,0,0,0,0,0,0
enchant-6255,珍·风骨·染（外会效）,外功会心效果等级提升68点,6,,9,0,0,0,0,0,0,0,0,0,0,0,0,0,0,0,0,0,0,0,0,0,0,0,0,0
enchant-6254,珍·风骨·染（内会效）,内功会心效果等级提升68点,6,,0,0,0,0,0,0,0,0,0,0,0,0,0,0,0,0,0,0,0,0,0,0,0,0,0,0
enchant-6253,珍·风骨·染（疗伤）,疗伤成效提升53点,6,,6,0,0,0,0,0,0,0,0,0,0,0,0,0,0,0,0,0,0,0,0,0,0,0,0,0
enchant-6245,珍·风骨·绣（体质）,体质提升34点,8,,10,0,0,0,0,0,0,0,0,0,0,0,0,0,0,0,0,0,0,0,0,0,0,0,0,0
enchant-6256,珍·风骨·纹（体质）,体质提升34点,10,,10,0,0,0,0,0,0,0,0,0,0,0,0,0,0,0,0,0,0,0,0,0,0,0,0,0
enchant-6257,珍·风骨·锻（根骨）,根骨提升25点,9,,3,0,0,0,0,0,0,0,0,0,0,0,0,0,0,0,0,0,0,0,0,0,0,0,0,0
enchant-6258,珍·风骨·锻（身法）,身法提升25点,9,,5,0,0,0,0,0,0,0,0,0,0,0,0,0,0,0,0,0,0,0,0,0,0,0,0,0
enchant-6259,珍·风骨·锻（外会）,外功会心等级提升68点,9,,9,0,0,0,0,0,0,0,0,0,0,0,0,0,0,0,0,0,0,0,0,0,0,0,0,0
enchant-6260,珍·风骨·锻（内会）,内功会心等级提升68点,9,,0,0,0,0,0,0,0,0,0,0,0,0,0,0,0,0,0,0,0,0,0,0,0,0,0,0
enchant-6261,珍·风骨·铸（根骨）,根骨提升25点,5,,3,0,0,0,0,0,0,0,0,0,0,0,0,0,0,0,0,0,0,0,0,0,0,0,0,0
enchant-6262,珍·风骨·铸（身法）,身法提升25点,5,,5,0,0,0,0,0,0,0,0,0,0,0,0,0,0,0,0,0,0,0,0,0,0,0,0,0
enchant-6263,珍·风骨·铸（外会）,外功会心等级提升68点,5,,9,0,0,0,0,0,0,0,0,0,0,0,0,0,0,0,0,0,0,0,0,0,0,0,0,0
enchant-6264,珍·风骨·铸（内会）,内功会心等级提升68点,5,,0,0,0,0,0,0,0,0,0,0,0,0,0,0,0,0,0,0,0,0,0,0,0,0,0,0
enchant-6265,珍·风骨·磨石（疗伤）,疗伤成效提升53点,11,,6,0,0,0,0,0,0,0,0,0,0,0,0,0,0,0,0,0,0,0,0,0,0,0,0,0
enchant-6267,珍·风骨·印（外伤）,外功攻击提升51点,7,,1,0,0,0,0,0,0,0,0,0,0,0,0,0,0,0,0,0,0,0,0,0,0,0,0,0
enchant-6268,珍·风骨·印（内伤）,内功攻击提升61点,7,,8,0,0,0,0,0,0,0,0,0,0,0,0,0,0,0,0,0,0,0,0,0,0,0,0,0
enchant-6269,珍·风骨·染（外伤）,外功攻击提升51点,6,,1,0,0,0,0,0,0,0,0,0,0,0,0,0,0,0,0,0,0,0,0,0,0,0,0,0
enchant-6270,珍·风骨·染（内伤）,内功攻击提升61点,6,,8,0,0,0,0,0,0,0,0,0,0,0,0,0,0,0,0,0,0,0,0,0,0,0,0,0
enchant-6271,珍·风骨·绣（气血）,气血上限提升339点,8,,10,0,0,0,0,0,0,0,0,0,0,0,0,0,0,0,0,0,0,0,0,0,0,0,0,0
enchant-6272,珍·风骨·绣（招架）,招架提升34点,8,,7,0,0,0,0,0,0,0,0,0,0,0,0,0,0,0,0,0,0,0,0,0,0,0,0,0
enchant-6273,珍·风骨·绣（御劲）,御劲提升34点,8,,10,0,0,0,0,0,0,0,0,0,0,0,0,0,0,0,0,0,0,0,0,0,0,0,0,0
enchant-6274,珍·风骨·绣（闪避）,闪避提升34点,8,,7,0,0,0,0,0,0,0,0,0,0,0,0,0,0,0,0,0,0,0,0,0,0,0,0,0
enchant-6275,珍·风骨·绣（外防）,外功防御提升34点,8,,7,0,0,0,0,0,0,0,0,0,0,0,0,0,0,0,0,0,0,0,0,0,0,0,0,0
enchant-6277,珍·风骨·纹（气血）,气血上限提升339点,10,,10,0,0,0,0,0,0,0,0,0,0,0,0,0,0,0,0,0,0,0,0,0,0,0,0,0
enchant-6278,珍·风骨·纹（招架）,招架提升34点,10,,7,0,0,0,0,0,0,0,0,0,0,0,0,0,0,0,0,0,0,0,0,0,0,0,0,0
enchant-6279,珍·风骨·纹（御劲）,御劲提升34点,10,,10,0,0,0,0,0,0,0,0,0,0,0,0,0,0,0,0,0,0,0,0,0,0,0,0,0
enchant-6280,珍·风骨·纹（闪避）,闪避提升34点,10,,7,0,0,0,0,0,0,0,0,0,0,0,0,0,0,0,0,0,0,0,0,0,0,0,0,0
enchant-6281,珍·风骨·纹（外防）,外功防御提升34点,10,,7,0,0,0,0,0,0,0,0,0,0,0,0,0,0,0,0,0,0,0,0,0,0,0,0,0
enchant-6282,珍·风骨·纹（内防）,内功防御提升34点,10,,7,0,0,0,0,0,0,0,0,0,0,0,0,0,0,0,0,0,0,0,0,0,0,0,0,0
enchant-6283,珍·风骨·锻（外破）,外功破防等级提升68点,9,,1,0,0,0,0,0,0,0,0,0,0,0,0,0,0,0,0,0,0,0,0,0,0,0,0,0
enchant-6284,珍·风骨·锻（内破）,内功破防等级提升68点,9,,8,0,0,0,0,0,0,0,0,0,0,0,0,0,0,0,0,0,0,0,0,0,0,0,0,0
enchant-6285,珍·风骨·锻（加速）,加速提升68点,9,,10,0,0,0,0,0,0,0,0,0,0,0,0,0,0,0,0,0,0,0,0,0,0,0,0,0
enchant-6286,珍·风骨·铸（外破）,外功破防等级提升68点,5,,1,0,0,0,0,0,0,0,0,0,0,0,0,0,0,0,0,0,0,0,0,0,0,0,0,0
enchant-6287,珍·风骨·铸（内破）,内功破防等级提升68点,5,,8,0,0,0,0,0,0,0,0,0,0,0,0,0,0,0,0,0,0,0,0,0,0,0,0,0
enchant-6288,珍·风骨·铸（加速）,加速提升68点,5,,10,0,0,0,0,0,0,0,0,0,0,0,0,0,0,0,0,0,0,0,0,0,0,0,0,0
enchant-6289,珍·风骨·磨石（外伤）,外功攻击提升51点,11,,1,0,0,0,0,0,0,0,0,0,0,0,0,0,0,0,0,0,0,0,0,0,0,0,0,0
enchant-6290,珍·风骨·磨石（内伤）,内功攻击提升61点,11,,8,0,0,0,0,0,0,0,0,0,0,0,0,0,0,0,0,0,0,0,0,0,0,0,0,0
enchant-6291,珍·风骨·磨石（武伤）,武器伤害提升12点,11,,10,0,0,0,0,0,0,0,0,0,0,0,0,0,0,0,0,0,0,0,0,0,0,0,0,0
enchant-6295,珍·重制·印（外伤）,外功攻击提升62点,7,,1,0,0,0,0,0,0,0,0,0,0,0,0,0,0,0,0,0,0,0,0,0,0,0,0,0
enchant-6296,珍·重制·印（内伤）,内功攻击提升75点,7,,8,0,0,0,0,0,0,0,0,0,0,0,0,0,0,0,0,0,0,0,0,0,0,0,0,0
enchant-6297,珍·重制·印（疗伤）,疗伤成效提升65点,7,,6,0,0,0,0,0,0,0,0,0,0,0,0,0,0,0,0,0,0,0,0,0,0,0,0,0
enchant-6298,珍·重制·印（御劲）,御劲提升42点,7,,10,0,0,0,0,0,0,0,0,0,0,0,0,0,0,0,0,0,0,0,0,0,0,0,0,0
enchant-6299,珍·重制·印（化劲）,化劲提升42点,7,,10,0,0,0,0,0,0,0,0,0,0,0,0,0,0,0,0,0,0,0,0,0,0,0,0,0
enchant-6300,珍·重制·印（力道）,力道提升31点,7,,4,0,0,0,0,0,0,0,0,0,0,0,0,0,0,0,0,0,0,0,0,0,0,0,0,0
enchant-6301,珍·重制·印（元气）,元气提升31点,7,,2,0,0,0,0,0,0,0,0,0,0,0,0,0,0,0,0,0,0,0,0,0,0,0,0,0
enchant-6302,珍·重制·印（外会效）,外功会心效果等级提升83点,7,,9,0,0,0,0,0,0,0,0,0,0,0,0,0,0,0,0,0,0,0,0,0,0,0,0,0
enchant-6303,珍·重制·印（内会效）,内功会心效果等级提升73点,7,,0,0,0,0,0,0,0,0,0,0,0,0,0,0,0,0,0,0,0,0,0,0,0,0,0,0
enchant-6304,珍·重制·染（外伤）,外功攻击提升62点,6,,1,0,0,0,0,0,0,0,0,0,0,0,0,0,0,0,0,0,0,0,0,0,0,0,0,0
enchant-6305,珍·重制·染（内伤）,内功攻击提升75点,6,,8,0,0,0,0,0,0,0,0,0,0,0,0,0,0,0,0,0,0,0,0,0,0,0,0,0
enchant-6306,珍·重制·染（疗伤）,疗伤成效提升65点,6,,6,0,0,0,0,0,0,0,0,0,0,0,0,0,0,0,0,0,0,0,0,0,0,0,0,0
enchant-6307,珍·重制·染（御劲）,御劲提升42点,6,,10,0,0,0,0,0,0,0,0,0,0,0,0,0,0,0,0,0,0,0,0,0,0,0,0,0
enchant-6308,珍·重制·染（化劲）,化劲提升42点,6,,10,0,0,0,0,0,0,0,0,0,0,0,0,0,0,0,0,0,0,0,0,0,0,0,0,0
enchant-6309,珍·重制·染（力道）,力道提升31点,6,,4,0,0,0,0,0,0,0,0,0,0,0,0,0,0,0,0,0,0,0,0,0,0,0,0,0
enchant-6310,珍·重制·染（元气）,元气提升31点,6,,2,0,0,0,0,0,0,0,0,0,0,0,0,0,0,0,0,0,0,0,0,0,0,0,0,0
enchant-6311,珍·重制·染（外会效）,外功会心效果等级提升83点,6,,9,0,0,0,0,0,0,0,0,0,0,0,0,0,0,0,0,0,0,0,0,0,0,0,0,0
enchant-6312,珍·重制·染（内会效）,内功会心效果等级提升73点,6,,0,0,0,0,0,0,0,0,0,0,0,0,0,0,0,0,0,0,0,0,0,0,0,0,0,0
enchant-6313,珍·重制·绣（体质）,体质提升42点,8,,10,0,0,0,0,0,0,0,0,0,0,0,0,0,0,0,0,0,0,0,0,0,0,0,0,0
enchant-6314,珍·重制·绣（招架）,招架提升42点,8,,7,0,0,0,0,0,0,0,0,0,0,0,0,0,0,0,0,0,0,0,0,0,0,0,0,0
enchant-6315,珍·重制·绣（御劲）,御劲提升42点,8,,10,0,0,0,0,0,0,0,0,0,0,0,0,0,0,0,0,0,0,0,0,0,0,0,0,0
enchant-6316,珍·重制·绣（化劲）,化劲提升42点,8,,10,0,0,0,0,0,0,0,0,0,0,0,0,0,0,0,0,0,0,0,0,0,0,0,0,0
enchant-6317,珍·重制·绣（闪避）,闪避提升42点,8,,7,0,0,0,0,0,0,0,0,0,0,0,0,0,0,0,0,0,0,0,0,0,0,0,0,0
enchant-6318,珍·重制·绣（外防）,外功防御提升42点,8,,7,0,0,0,0,0,0,0,0,0,0,0,0,0,0,0,0,0,0,0,0,0,0,0,0,0
enchant-6319,珍·重制·绣（内防）,内功防御提升42点,8,,7,0,0,0,0,0,0,0,0,0,0,0,0,0,0,0,0,0,0,0,0,0,0,0,0,0
enchant-6320,珍·重制·纹（体质）,体质提升42点,10,,10,0,0,0,0,0,0,0,0,0,0,0,0,0,0,0,0,0,0,0,0,0,0,0,0,0
enchant-6321,珍·重制·纹（招架）,招架提升42点,10,,7,0,0,0,0,0,0,0,0,0,0,0,0,0,0,0,0,0,0,0,0,0,0,0,0,0
enchant-6322,珍·重制·纹（御劲）,御劲提升42点,10,,10,0,0,0,0,0,0,0,0,0,0,0,0,0,0,0,0,0,0,0,0,0,0,0,0,0
enchant-6323,珍·重制·纹（化劲）,化劲提升42点,10,,10,0,0,0,0,0,0,0,0,0,0,0,0,0,0,0,0,0,0,0,0,0,0,0,0,0
enchant-6324,珍·重制·纹（闪避）,闪避提升42点,10,,7,0,0,0,0,0,0,0,0,0,0,0,0,0,0,0,0,0,0,0,0,0,0,0,0,0
enchant-6325,珍·重制·纹（外防）,外功防御提升42点,10,,7,0,0,0,0,0,0,0,0,0,0,0,0,0,0,0,0,0,0,0,0,0,0,0,0,0
enchant-6326,珍·重制·纹（内防）,内功防御提升42点,10,,7,0,0,0,0,0,0,0,0,0,0,0,0,0,0,0,0,0,0,0,0,0,0,0,0,0
enchant-6327,珍·重制·锻（外破）,外功破防等级提升83点,9,,1,0,0,0,0,0,0,0,0,0,0,0,0,0,0,0,0,0,0,0,0,0,0,0,0,0
enchant-6328,珍·重制·锻（内破）,内功破防等级提升83点,9,,8,0,0,0,0,0,0,0,0,0,0,0,0,0,0,0,0,0,0,0,0,0,0,0,0,0
enchant-6329,珍·重制·锻（加速）,加速提升83点,9,,10,0,0,0,0,0,0,0,0,0,0,0,0,0,0,0,0,0,0,0,0,0,0,0,0,0
enchant-6330,珍·重制·锻（外命）,外功命中等级提升83点,9,,9,0,0,0,0,0,0,0,0,0,0,0,0,0,0,0,0,0,0,0,0,0,0,0,0,0
enchant-6331,珍·重制·锻（内命）,内功命中等级提升83点,9,,0,0,0,0,0,0,0,0,0,0,0,0,0,0,0,0,0,0,0,0,0,0,0,0,0,0
enchant-6332,珍·重制·锻（无双）,无双等级提升83点,9,,10,0,0,0,0,0,0,0,0,0,0,0,0,0,0,0,0,0,0,0,0,0,0,0,0,0
enchant-6333,珍·重制·锻（根骨）,根骨提升31点,9,,3,0,0,0,0,0,0,0,0,0,0,0,0,0,0,0,0,0,0,0,0,0,0,0,0,0
enchant-6334,珍·重制·锻（身法）,身法提升31点,9,,5,0,0,0,0,0,0,0,0,0,0,0,0,0,0,0,0,0,0,0,0,0,0,0,0,0
enchant-6335,珍·重制·锻（外会）,外功会心等级提升83点,9,,9,0,0,0,0,0,0,0,0,0,0,0,0,0,0,0,0,0,0,0,0,0,0,0,0,0
enchant-6336,珍·重制·锻（内会）,内功会心等级提升83点,9,,0,0,0,0,0,0,0,0,0,0,0,0,0,0,0,0,0,0,0,0,0,0,0,0,0,0
enchant-6337,珍·重制·铸（外破）,外功破防等级提升83点,5,,1,0,0,0,0,0,0,0,0,0,0,0,0,0,0,0,0,0,0,0,0,0,0,0,0,0
enchant-6338,珍·重制·铸（内破）,内功破防等级提升83点,5,,8,0,0,0,0,0,0,0,0,0,0,0,0,0,0,0,0,0,0,0,0,0,0,0,0,0
enchant-6339,珍·重制·铸（加速）,加速提升83点,5,,10,0,0,0,0,0,0,0,0,0,0,0,0,0,0,0,0,0,0,0,0,0,0,0,0,0
enchant-6340,珍·重制·铸（外命）,外功命中等级提升83点,5,,9,0,0,0,0,0,0,0,0,0,0,0,0,0,0,0,0,0,0,0,0,0,0,0,0,0
enchant-6341,珍·重制·铸（内命）,内功命中等级提升83点,5,,0,0,0,0,0,0,0,0,0,0,0,0,0,0,0,0,0,0,0,0,0,0,0,0,0,0
enchant-6342,珍·重制·铸（无双）,无双等级提升83点,5,,10,0,0,0,0,0,0,0,0,0,0,0,0,0,0,0,0,0,0,0,0,0,0,0,0,0
enchant-6343,珍·重制·铸（根骨）,根骨提升31点,5,,3,0,0,0,0,0,0,0,0,0,0,0,0,0,0,0,0,0,0,0,0,0,0,0,0,0
enchant-6344,珍·重制·铸（身法）,身法提升31点,5,,5,0,0,0,0,0,0,0,0,0,0,0,0,0,0,0,0,0,0,0,0,0,0,0,0,0
enchant-6345,珍·重制·铸（外会）,外功会心等级提升83点,5,,9,0,0,0,0,0,0,0,0,0,0,0,0,0,0,0,0,0,0,0,0,0,0,0,0,0
enchant-6346,珍·重制·铸（内会）,内功会心等级提升83点,5,,0,0,0,0,0,0,0,0,0,0,0,0,0,0,0,0,0,0,0,0,0,0,0,0,0,0
enchant-6347,珍·重制·磨石（疗伤）,疗伤成效提升65点,11,,6,0,0,0,0,0,0,0,0,0,0,0,0,0,0,0,0,0,0,0,0,0,0,0,0,0
enchant-6348,珍·重制·磨石（外伤）,外功攻击提升62点,11,,1,0,0,0,0,0,0,0,0,0,0,0,0,0,0,0,0,0,0,0,0,0,0,0,0,0
enchant-6349,珍·重制·磨石（内伤）,内功攻击提升75点,11,,8,0,0,0,0,0,0,0,0,0,0,0,0,0,0,0,0,0,0,0,0,0,0,0,0,0
enchant-6350,珍·重制·磨石（武伤）,武器伤害提升14点,11,,10,0,0,0,0,0,0,0,0,0,0,0,0,0,0,0,0,0,0,0,0,0,0,0,0,0
enchant-6355,烨阳晶石·磨（体质）,体质提升42点,0,,10,0,0,0,0,0,0,0,0,0,0,0,0,0,0,0,0,0,0,0,0,0,0,0,0,0
enchant-6356,烨阳晶石·磨（御劲）,御劲提升42点,0,,10,0,0,0,0,0,0,0,0,0,0,0,0,0,0,0,0,0,0,0,0,0,0,0,0,0
enchant-6357,烨阳晶石·雕（体质）,体质提升42点,1,,10,0,0,0,0,0,0,0,0,0,0,0,0,0,0,0,0,0,0,0,0,0,0,0,0,0
enchant-6358,烨阳晶石·雕（化劲）,化劲提升42点,1,,10,0,0,0,0,0,0,0,0,0,0,0,0,0,0,0,0,0,0,0,0,0,0,0,0,0
enchant-6359,烨阳晶石·刻（根骨）,根骨提升31点,2,,3,0,0,0,0,0,0,0,0,0,0,0,0,0,0,0,0,0,0,0,0,0,0,0,0,0
enchant-6360,烨阳晶石·刻（力道）,力道提升31点,2,,4,0,0,0,0,0,0,0,0,0,0,0,0,0,0,0,0,0,0,0,0,0,0,0,0,0
enchant-6361,烨阳晶石·刻（元气）,元气提升31点,2,,2,0,0,0,0,0,0,0,0,0,0,0,0,0,0,0,0,0,0,0,0,0,0,0,0,0
enchant-6362,烨阳晶石·刻（身法）,身法提升31点,2,,5,0,0,0,0,0,0,0,0,0,0,0,0,0,0,0,0,0,0,0,0,0,0,0,0,0
enchant-6363,烨阳晶石·刻（外伤）,外功攻击提升62点,2,,1,0,0,0,0,0,0,0,0,0,0,0,0,0,0,0,0,0,0,0,0,0,0,0,0,0
enchant-6364,烨阳晶石·刻（内伤）,内功攻击提升75点,2,,8,0,0,0,0,0,0,0,0,0,0,0,0,0,0,0,0,0,0,0,0,0,0,0,0,0
enchant-6365,烨阳晶石·刻（外命）,外功命中等级提升83点,2,,9,0,0,0,0,0,0,0,0,0,0,0,0,0,0,0,0,0,0,0,0,0,0,0,0,0
enchant-6366,烨阳晶石·刻（内命）,内功命中等级提升83点,2,,0,0,0,0,0,0,0,0,0,0,0,0,0,0,0,0,0,0,0,0,0,0,0,0,0,0
enchant-6367,烨阳晶石·熔（根骨）,根骨提升31点,4,,3,0,0,0,0,0,0,0,0,0,0,0,0,0,0,0,0,0,0,0,0,0,0,0,0,0
enchant-6368,烨阳晶石·熔（力道）,力道提升31点,4,,4,0,0,0,0,0,0,0,0,0,0,0,0,0,0,0,0,0,0,0,0,0,0,0,0,0
enchant-6369,烨阳晶石·熔（元气）,元气提升31点,4,,2,0,0,0,0,0,0,0,0,0,0,0,0,0,0,0,0,0,0,0,0,0,0,0,0,0
enchant-6370,烨阳晶石·熔（身法）,身法提升31点,4,,5,0,0,0,0,0,0,0,0,0,0,0,0,0,0,0,0,0,0,0,0,0,0,0,0,0
enchant-6371,烨阳晶石·熔（外破）,外功破防等级提升83点,4,,1,0,0,0,0,0,0,0,0,0,0,0,0,0,0,0,0,0,0,0,0,0,0,0,0,0
enchant-6372,烨阳晶石·熔（内破）,内功破防等级提升83点,4,,8,0,0,0,0,0,0,0,0,0,0,0,0,0,0,0,0,0,0,0,0,0,0,0,0,0
enchant-6373,烨阳晶石·熔（加速）,加速提升83点,4,,10,0,0,0,0,0,0,0,0,0,0,0,0,0,0,0,0,0,0,0,0,0,0,0,0,0
enchant-6355,烨阳晶石·磨（体质）,体质提升42点,0,,10,0,0,0,0,0,0,0,0,0,0,0,0,0,0,0,0,0,0,0,0,0,0,0,0,0
enchant-6356,烨阳晶石·磨（御劲）,御劲提升42点,0,,10,0,0,0,0,0,0,0,0,0,0,0,0,0,0,0,0,0,0,0,0,0,0,0,0,0
enchant-6357,烨阳晶石·雕（体质）,体质提升42点,1,,10,0,0,0,0,0,0,0,0,0,0,0,0,0,0,0,0,0,0,0,0,0,0,0,0,0
enchant-6358,烨阳晶石·雕（化劲）,化劲提升42点,1,,10,0,0,0,0,0,0,0,0,0,0,0,0,0,0,0,0,0,0,0,0,0,0,0,0,0
enchant-6359,烨阳晶石·刻（根骨）,根骨提升31点,2,,3,0,0,0,0,0,0,0,0,0,0,0,0,0,0,0,0,0,0,0,0,0,0,0,0,0
enchant-6360,烨阳晶石·刻（力道）,力道提升31点,2,,4,0,0,0,0,0,0,0,0,0,0,0,0,0,0,0,0,0,0,0,0,0,0,0,0,0
enchant-6361,烨阳晶石·刻（元气）,元气提升31点,2,,2,0,0,0,0,0,0,0,0,0,0,0,0,0,0,0,0,0,0,0,0,0,0,0,0,0
enchant-6362,烨阳晶石·刻（身法）,身法提升31点,2,,5,0,0,0,0,0,0,0,0,0,0,0,0,0,0,0,0,0,0,0,0,0,0,0,0,0
enchant-6363,烨阳晶石·刻（外伤）,外功攻击提升62点,2,,1,0,0,0,0,0,0,0,0,0,0,0,0,0,0,0,0,0,0,0,0,0,0,0,0,0
enchant-6364,烨阳晶石·刻（内伤）,内功攻击提升75点,2,,8,0,0,0,0,0,0,0,0,0,0,0,0,0,0,0,0,0,0,0,0,0,0,0,0,0
enchant-6365,烨阳晶石·刻（外命）,外功命中等级提升83点,2,,9,0,0,0,0,0,0,0,0,0,0,0,0,0,0,0,0,0,0,0,0,0,0,0,0,0
enchant-6366,烨阳晶石·刻（内命）,内功命中等级提升83点,2,,0,0,0,0,0,0,0,0,0,0,0,0,0,0,0,0,0,0,0,0,0,0,0,0,0,0
enchant-6367,烨阳晶石·熔（根骨）,根骨提升31点,4,,3,0,0,0,0,0,0,0,0,0,0,0,0,0,0,0,0,0,0,0,0,0,0,0,0,0
enchant-6368,烨阳晶石·熔（力道）,力道提升31点,4,,4,0,0,0,0,0,0,0,0,0,0,0,0,0,0,0,0,0,0,0,0,0,0,0,0,0
enchant-6369,烨阳晶石·熔（元气）,元气提升31点,4,,2,0,0,0,0,0,0,0,0,0,0,0,0,0,0,0,0,0,0,0,0,0,0,0,0,0
enchant-6370,烨阳晶石·熔（身法）,身法提升31点,4,,5,0,0,0,0,0,0,0,0,0,0,0,0,0,0,0,0,0,0,0,0,0,0,0,0,0
enchant-6371,烨阳晶石·熔（外破）,外功破防等级提升83点,4,,1,0,0,0,0,0,0,0,0,0,0,0,0,0,0,0,0,0,0,0,0,0,0,0,0,0
enchant-6372,烨阳晶石·熔（内破）,内功破防等级提升83点,4,,8,0,0,0,0,0,0,0,0,0,0,0,0,0,0,0,0,0,0,0,0,0,0,0,0,0
enchant-6373,烨阳晶石·熔（加速）,加速提升83点,4,,10,0,0,0,0,0,0,0,0,0,0,0,0,0,0,0,0,0,0,0,0,0,0,0,0,0
enchant-420,龙血磨石,吸血值永久提升21点（武器）,999,,10,0,0,0,0,0,0,0,0,0,0,0,0,0,0,0,0,0,0,0,0,0,0,0,0,0
enchant-10316,仙踪·兵·铸（外伤）,外功攻击提升68点,11,,1,0,0,0,0,0,0,0,0,0,0,0,0,0,0,0,0,0,0,0,0,0,0,0,0,0
enchant-10317,仙踪·兵·铸（内伤）,内功攻击提升82点,11,,8,0,0,0,0,0,0,0,0,0,0,0,0,0,0,0,0,0,0,0,0,0,0,0,0,0
enchant-10318,仙踪·兵·铸（疗伤）,疗伤成效提升74点,11,,6,0,0,0,0,0,0,0,0,0,0,0,0,0,0,0,0,0,0,0,0,0,0,0,0,0
enchant-10319,仙踪·兵·铸（武伤）,武器伤害提升102点,11,,10,0,0,0,0,0,0,0,0,0,0,0,0,0,0,0,0,0,0,0,0,0,0,0,0,0
enchant-10323,仙踪·兵·铸（仇恨）,仇恨百分比提升26%,11,,7,0,0,0,0,0,0,0,0,0,0,0,0,0,0,0,0,0,0,0,0,0,0,0,0,0
enchant-10324,仙踪·裤·铸（身法）,身法提升34点,7,,5,0,0,0,0,0,0,0,0,0,0,0,0,0,0,0,0,0,0,0,0,0,0,0,0,0
enchant-10325,仙踪·裤·铸（元气）,元气提升34点,7,,2,0,0,0,0,0,0,0,0,0,0,0,0,0,0,0,0,0,0,0,0,0,0,0,0,0
enchant-10326,仙踪·裤·铸（力道）,力道提升34点,7,,4,0,0,0,0,0,0,0,0,0,0,0,0,0,0,0,0,0,0,0,0,0,0,0,0,0
enchant-10327,仙踪·裤·铸（根骨）,根骨提升34点,7,,3,0,0,0,0,0,0,0,0,0,0,0,0,0,0,0,0,0,0,0,0,0,0,0,0,0
enchant-10328,仙踪·裤·铸（仇恨）,仇恨百分比提升26%,7,,7,0,0,0,0,0,0,0,0,0,0,0,0,0,0,0,0,0,0,0,0,0,0,0,0,0
enchant-10329,仙踪·裤·铸（外破）,外功破防等级提升152点,7,,1,0,0,0,0,0,0,0,0,0,0,0,0,0,0,0,0,0,0,0,0,0,0,0,0,0
enchant-10330,仙踪·裤·铸（内破）,内功破防等级提升152点,7,,8,0,0,0,0,0,0,0,0,0,0,0,0,0,0,0,0,0,0,0,0,0,0,0,0,0
enchant-10331,仙踪·裤·铸（会心）,全会心提升152点,7,,10,0,0,0,0,0,0,0,0,0,0,0,0,0,0,0,0,0,0,0,0,0,0,0,0,0
enchant-10332,仙踪·裤·铸（无双）,无双等级提升152点,7,,10,0,0,0,0,0,0,0,0,0,0,0,0,0,0,0,0,0,0,0,0,0,0,0,0,0
enchant-10333,仙踪·头·铸（外攻）,外功攻击提升68点,9,,1,0,0,0,0,0,0,0,0,0,0,0,0,0,0,0,0,0,0,0,0,0,0,0,0,0
enchant-10334,仙踪·头·铸（内功）,内功攻击提升82点,9,,8,0,0,0,0,0,0,0,0,0,0,0,0,0,0,0,0,0,0,0,0,0,0,0,0,0
enchant-10335,仙踪·头·铸（治疗）,疗伤成效提升74点,9,,6,0,0,0,0,0,0,0,0,0,0,0,0,0,0,0,0,0,0,0,0,0,0,0,0,0
enchant-10336,仙踪·头·铸（命中）,全命中提升152点,9,,10,0,0,0,0,0,0,0,0,0,0,0,0,0,0,0,0,0,0,0,0,0,0,0,0,0
enchant-10337,仙踪·头·铸（急速）,加速提升152点,9,,10,0,0,0,0,0,0,0,0,0,0,0,0,0,0,0,0,0,0,0,0,0,0,0,0,0
enchant-10338,仙踪·腰·铸（体质）,体质提升56点,10,,10,0,0,0,0,0,0,0,0,0,0,0,0,0,0,0,0,0,0,0,0,0,0,0,0,0
enchant-10339,仙踪·腰·铸（气血）,最大气血值提升758点,10,,10,0,0,0,0,0,0,0,0,0,0,0,0,0,0,0,0,0,0,0,0,0,0,0,0,0
enchant-10340,仙踪·腰·铸（格挡）,拆招提升942点,10,,7,0,0,0,0,0,0,0,0,0,0,0,0,0,0,0,0,0,0,0,0,0,0,0,0,0
enchant-10341,仙踪·腰·铸（闪避）,闪避提升76点,10,,7,0,0,0,0,0,0,0,0,0,0,0,0,0,0,0,0,0,0,0,0,0,0,0,0,0
enchant-10342,仙踪·腰·铸（外防）,外功防御提升76点,10,,7,0,0,0,0,0,0,0,0,0,0,0,0,0,0,0,0,0,0,0,0,0,0,0,0,0
enchant-10343,仙踪·腰·铸（内防）,内功防御提升76点,10,,7,0,0,0,0,0,0,0,0,0,0,0,0,0,0,0,0,0,0,0,0,0,0,0,0,0
enchant-10344,仙踪·腰·铸（招架）,招架提升76点,10,,7,0,0,0,0,0,0,0,0,0,0,0,0,0,0,0,0,0,0,0,0,0,0,0,0,0
enchant-10345,仙踪·腰·铸（化劲）,化劲提升76点,10,,10,0,0,0,0,0,0,0,0,0,0,0,0,0,0,0,0,0,0,0,0,0,0,0,0,0
enchant-10346,仙踪·腰·铸（御劲）,御劲提升76点,10,,10,0,0,0,0,0,0,0,0,0,0,0,0,0,0,0,0,0,0,0,0,0,0,0,0,0
enchant-10347,仙踪·裤·甲（身法）,身法提升17点,7,,5,0,0,0,0,0,0,0,0,0,0,0,0,0,0,0,0,0,0,0,0,0,0,0,0,0
enchant-10348,仙踪·裤·甲（元气）,元气提升17点,7,,2,0,0,0,0,0,0,0,0,0,0,0,0,0,0,0,0,0,0,0,0,0,0,0,0,0
enchant-10349,仙踪·裤·甲（力道）,力道提升17点,7,,4,0,0,0,0,0,0,0,0,0,0,0,0,0,0,0,0,0,0,0,0,0,0,0,0,0
enchant-10350,仙踪·裤·甲（根骨）,根骨提升17点,7,,3,0,0,0,0,0,0,0,0,0,0,0,0,0,0,0,0,0,0,0,0,0,0,0,0,0
enchant-10351,仙踪·裤·甲（仇恨）,仇恨百分比提升13%,7,,7,0,0,0,0,0,0,0,0,0,0,0,0,0,0,0,0,0,0,0,0,0,0,0,0,0
enchant-10352,仙踪·裤·甲（外破）,外功破防等级提升76点,7,,1,0,0,0,0,0,0,0,0,0,0,0,0,0,0,0,0,0,0,0,0,0,0,0,0,0
enchant-10353,仙踪·裤·甲（内破）,内功破防等级提升76点,7,,8,0,0,0,0,0,0,0,0,0,0,0,0,0,0,0,0,0,0,0,0,0,0,0,0,0
enchant-10354,仙踪·裤·甲（会心）,全会心提升76点,7,,10,0,0,0,0,0,0,0,0,0,0,0,0,0,0,0,0,0,0,0,0,0,0,0,0,0
enchant-10355,仙踪·裤·甲（无双）,无双等级提升76点,7,,10,0,0,0,0,0,0,0,0,0,0,0,0,0,0,0,0,0,0,0,0,0,0,0,0,0
enchant-10356,仙踪·头·甲（外攻）,外功攻击提升34点,9,,1,0,0,0,0,0,0,0,0,0,0,0,0,0,0,0,0,0,0,0,0,0,0,0,0,0
enchant-10357,仙踪·头·甲（内功）,内功攻击提升41点,9,,8,0,0,0,0,0,0,0,0,0,0,0,0,0,0,0,0,0,0,0,0,0,0,0,0,0
enchant-10358,仙踪·头·甲（治疗）,疗伤成效提升37点,9,,6,0,0,0,0,0,0,0,0,0,0,0,0,0,0,0,0,0,0,0,0,0,0,0,0,0
enchant-10359,仙踪·头·甲（命中）,全命中提升76点,9,,10,0,0,0,0,0,0,0,0,0,0,0,0,0,0,0,0,0,0,0,0,0,0,0,0,0
enchant-10360,仙踪·头·甲（急速）,加速提升76点,9,,10,0,0,0,0,0,0,0,0,0,0,0,0,0,0,0,0,0,0,0,0,0,0,0,0,0
enchant-10361,仙踪·腰·甲（体质）,体质提升28点,10,,10,0,0,0,0,0,0,0,0,0,0,0,0,0,0,0,0,0,0,0,0,0,0,0,0,0
enchant-10362,仙踪·腰·甲（气血）,最大气血值提升379点,10,,10,0,0,0,0,0,0,0,0,0,0,0,0,0,0,0,0,0,0,0,0,0,0,0,0,0
enchant-10363,仙踪·腰·甲（格挡）,拆招提升471点,10,,7,0,0,0,0,0,0,0,0,0,0,0,0,0,0,0,0,0,0,0,0,0,0,0,0,0
enchant-10364,仙踪·腰·甲（闪避）,闪避提升38点,10,,7,0,0,0,0,0,0,0,0,0,0,0,0,0,0,0,0,0,0,0,0,0,0,0,0,0
enchant-10365,仙踪·腰·甲（外防）,外功防御提升38点,10,,7,0,0,0,0,0,0,0,0,0,0,0,0,0,0,0,0,0,0,0,0,0,0,0,0,0
enchant-10366,仙踪·腰·甲（内防）,内功防御提升38点,10,,7,0,0,0,0,0,0,0,0,0,0,0,0,0,0,0,0,0,0,0,0,0,0,0,0,0
enchant-10367,仙踪·腰·甲（招架）,招架提升38点,10,,7,0,0,0,0,0,0,0,0,0,0,0,0,0,0,0,0,0,0,0,0,0,0,0,0,0
enchant-10368,仙踪·腰·甲（化劲）,化劲提升38点,10,,10,0,0,0,0,0,0,0,0,0,0,0,0,0,0,0,0,0,0,0,0,0,0,0,0,0
enchant-10369,仙踪·腰·甲（御劲）,御劲提升38点,10,,10,0,0,0,0,0,0,0,0,0,0,0,0,0,0,0,0,0,0,0,0,0,0,0,0,0
enchant-10371,仙踪·兵·甲（外伤）,外功攻击提升34点,11,,1,0,0,0,0,0,0,0,0,0,0,0,0,0,0,0,0,0,0,0,0,0,0,0,0,0
enchant-10372,仙踪·兵·甲（内伤）,内功攻击提升41点,11,,8,0,0,0,0,0,0,0,0,0,0,0,0,0,0,0,0,0,0,0,0,0,0,0,0,0
enchant-10373,仙踪·兵·甲（疗伤）,疗伤成效提升37点,11,,6,0,0,0,0,0,0,0,0,0,0,0,0,0,0,0,0,0,0,0,0,0,0,0,0,0
enchant-10374,仙踪·兵·甲（武伤）,武器伤害提升51点,11,,10,0,0,0,0,0,0,0,0,0,0,0,0,0,0,0,0,0,0,0,0,0,0,0,0,0
enchant-10375,仙踪·兵·甲（仇恨）,仇恨百分比提升20%,11,,7,0,0,0,0,0,0,0,0,0,0,0,0,0,0,0,0,0,0,0,0,0,0,0,0,0
enchant-10370,仙踪·巨灵熔锭（仇恨）,仇恨百分比提升40%,11,,7,0,0,0,0,0,0,0,0,0,0,0,0,0,0,0,0,0,0,0,0,0,0,0,0,0
enchant-10394,仙踪·腕·绣（身法）,身法提升34点,6,,5,0,0,0,0,0,0,0,0,0,0,0,0,0,0,0,0,0,0,0,0,0,0,0,0,0
enchant-10395,仙踪·腕·绣（元气）,元气提升34点,6,,2,0,0,0,0,0,0,0,0,0,0,0,0,0,0,0,0,0,0,0,0,0,0,0,0,0
enchant-10396,仙踪·腕·绣（力道）,力道提升34点,6,,4,0,0,0,0,0,0,0,0,0,0,0,0,0,0,0,0,0,0,0,0,0,0,0,0,0
enchant-10397,仙踪·腕·绣（根骨）,根骨提升34点,6,,3,0,0,0,0,0,0,0,0,0,0,0,0,0,0,0,0,0,0,0,0,0,0,0,0,0
enchant-10398,仙踪·腕·绣（仇恨）,仇恨百分比提升26%,6,,7,0,0,0,0,0,0,0,0,0,0,0,0,0,0,0,0,0,0,0,0,0,0,0,0,0
enchant-10399,仙踪·腕·绣（外破）,外功破防等级提升152点,6,,1,0,0,0,0,0,0,0,0,0,0,0,0,0,0,0,0,0,0,0,0,0,0,0,0,0
enchant-10400,仙踪·腕·绣（内破）,内功破防等级提升152点,6,,8,0,0,0,0,0,0,0,0,0,0,0,0,0,0,0,0,0,0,0,0,0,0,0,0,0
enchant-10401,仙踪·腕·绣（会心）,全会心提升152点,6,,10,0,0,0,0,0,0,0,0,0,0,0,0,0,0,0,0,0,0,0,0,0,0,0,0,0
enchant-10402,仙踪·腕·绣（无双）,无双等级提升152点,6,,10,0,0,0,0,0,0,0,0,0,0,0,0,0,0,0,0,0,0,0,0,0,0,0,0,0
enchant-10403,仙踪·鞋·绣（外攻）,外功攻击提升68点,6,,1,0,0,0,0,0,0,0,0,0,0,0,0,0,0,0,0,0,0,0,0,0,0,0,0,0
enchant-10404,仙踪·鞋·绣（内功）,内功攻击提升82点,6,,8,0,0,0,0,0,0,0,0,0,0,0,0,0,0,0,0,0,0,0,0,0,0,0,0,0
enchant-10405,仙踪·鞋·绣（治疗）,疗伤成效提升74点,6,,6,0,0,0,0,0,0,0,0,0,0,0,0,0,0,0,0,0,0,0,0,0,0,0,0,0
enchant-10406,仙踪·鞋·绣（命中）,全命中提升152点,6,,10,0,0,0,0,0,0,0,0,0,0,0,0,0,0,0,0,0,0,0,0,0,0,0,0,0
enchant-10407,仙踪·鞋·绣（急速）,加速提升152点,6,,10,0,0,0,0,0,0,0,0,0,0,0,0,0,0,0,0,0,0,0,0,0,0,0,0,0
enchant-10408,仙踪·衣·绣（体质）,体质提升56点,8,,10,0,0,0,0,0,0,0,0,0,0,0,0,0,0,0,0,0,0,0,0,0,0,0,0,0
enchant-10409,仙踪·衣·绣（气血）,最大气血值提升758点,8,,10,0,0,0,0,0,0,0,0,0,0,0,0,0,0,0,0,0,0,0,0,0,0,0,0,0
enchant-10410,仙踪·衣·绣（格挡）,拆招提升942点,8,,7,0,0,0,0,0,0,0,0,0,0,0,0,0,0,0,0,0,0,0,0,0,0,0,0,0
enchant-10411,仙踪·衣·绣（闪避）,闪避提升76点,8,,7,0,0,0,0,0,0,0,0,0,0,0,0,0,0,0,0,0,0,0,0,0,0,0,0,0
enchant-10412,仙踪·衣·绣（外防）,外功防御提升76点,8,,7,0,0,0,0,0,0,0,0,0,0,0,0,0,0,0,0,0,0,0,0,0,0,0,0,0
enchant-10413,仙踪·衣·绣（内防）,内功防御提升76点,8,,7,0,0,0,0,0,0,0,0,0,0,0,0,0,0,0,0,0,0,0,0,0,0,0,0,0
enchant-10414,仙踪·衣·绣（招架）,招架提升76点,8,,7,0,0,0,0,0,0,0,0,0,0,0,0,0,0,0,0,0,0,0,0,0,0,0,0,0
enchant-10415,仙踪·衣·绣（化劲）,化劲提升76点,8,,10,0,0,0,0,0,0,0,0,0,0,0,0,0,0,0,0,0,0,0,0,0,0,0,0,0
enchant-10416,仙踪·衣·绣（御劲）,御劲提升76点,8,,10,0,0,0,0,0,0,0,0,0,0,0,0,0,0,0,0,0,0,0,0,0,0,0,0,0
enchant-10417,仙踪·腕·染（身法）,身法提升17点,6,,5,0,0,0,0,0,0,0,0,0,0,0,0,0,0,0,0,0,0,0,0,0,0,0,0,0
enchant-10418,仙踪·腕·染（元气）,元气提升17点,6,,2,0,0,0,0,0,0,0,0,0,0,0,0,0,0,0,0,0,0,0,0,0,0,0,0,0
enchant-10419,仙踪·腕·染（力道）,力道提升17点,6,,4,0,0,0,0,0,0,0,0,0,0,0,0,0,0,0,0,0,0,0,0,0,0,0,0,0
enchant-10420,仙踪·腕·染（根骨）,根骨提升17点,6,,3,0,0,0,0,0,0,0,0,0,0,0,0,0,0,0,0,0,0,0,0,0,0,0,0,0
enchant-10421,仙踪·腕·染（仇恨）,仇恨百分比提升13%,6,,7,0,0,0,0,0,0,0,0,0,0,0,0,0,0,0,0,0,0,0,0,0,0,0,0,0
enchant-10422,仙踪·腕·染（外破）,外功破防等级提升76点,6,,1,0,0,0,0,0,0,0,0,0,0,0,0,0,0,0,0,0,0,0,0,0,0,0,0,0
enchant-10423,仙踪·腕·染（内破）,内功破防等级提升76点,6,,8,0,0,0,0,0,0,0,0,0,0,0,0,0,0,0,0,0,0,0,0,0,0,0,0,0
enchant-10424,仙踪·腕·染（会心）,全会心提升76点,6,,10,0,0,0,0,0,0,0,0,0,0,0,0,0,0,0,0,0,0,0,0,0,0,0,0,0
enchant-10425,仙踪·腕·染（无双）,无双等级提升76点,6,,10,0,0,0,0,0,0,0,0,0,0,0,0,0,0,0,0,0,0,0,0,0,0,0,0,0
enchant-10426,仙踪·鞋·染（外攻）,外功攻击提升34点,6,,1,0,0,0,0,0,0,0,0,0,0,0,0,0,0,0,0,0,0,0,0,0,0,0,0,0
enchant-10427,仙踪·鞋·染（内功）,内功攻击提升41点,6,,8,0,0,0,0,0,0,0,0,0,0,0,0,0,0,0,0,0,0,0,0,0,0,0,0,0
enchant-10428,仙踪·鞋·染（治疗）,疗伤成效提升37点,6,,6,0,0,0,0,0,0,0,0,0,0,0,0,0,0,0,0,0,0,0,0,0,0,0,0,0
enchant-10429,仙踪·鞋·染（命中）,全命中提升76点,6,,10,0,0,0,0,0,0,0,0,0,0,0,0,0,0,0,0,0,0,0,0,0,0,0,0,0
enchant-10430,仙踪·鞋·染（急速）,加速提升76点,6,,10,0,0,0,0,0,0,0,0,0,0,0,0,0,0,0,0,0,0,0,0,0,0,0,0,0
enchant-10431,仙踪·衣·染（体质）,体质提升28点,8,,10,0,0,0,0,0,0,0,0,0,0,0,0,0,0,0,0,0,0,0,0,0,0,0,0,0
enchant-10432,仙踪·衣·染（气血）,最大气血值提升379点,8,,10,0,0,0,0,0,0,0,0,0,0,0,0,0,0,0,0,0,0,0,0,0,0,0,0,0
enchant-10433,仙踪·衣·染（格挡）,拆招提升471点,8,,7,0,0,0,0,0,0,0,0,0,0,0,0,0,0,0,0,0,0,0,0,0,0,0,0,0
enchant-10434,仙踪·衣·染（闪避）,闪避提升38点,8,,7,0,0,0,0,0,0,0,0,0,0,0,0,0,0,0,0,0,0,0,0,0,0,0,0,0
enchant-10435,仙踪·衣·染（外防）,外功防御提升38点,8,,7,0,0,0,0,0,0,0,0,0,0,0,0,0,0,0,0,0,0,0,0,0,0,0,0,0
enchant-10436,仙踪·衣·染（内防）,内功防御提升38点,8,,7,0,0,0,0,0,0,0,0,0,0,0,0,0,0,0,0,0,0,0,0,0,0,0,0,0
enchant-10437,仙踪·衣·染（招架）,招架提升38点,8,,7,0,0,0,0,0,0,0,0,0,0,0,0,0,0,0,0,0,0,0,0,0,0,0,0,0
enchant-10438,仙踪·衣·染（化劲）,化劲提升38点,8,,10,0,0,0,0,0,0,0,0,0,0,0,0,0,0,0,0,0,0,0,0,0,0,0,0,0
enchant-10439,仙踪·衣·染（御劲）,御劲提升38点,8,,10,0,0,0,0,0,0,0,0,0,0,0,0,0,0,0,0,0,0,0,0,0,0,0,0,0
enchant-10440,仙踪·鞋·染（跑速）,跑步速度提升5%（鞋子）,7,,10,0,0,0,0,0,0,0,0,0,0,0,0,0,0,0,0,0,0,0,0,0,0,0,0,0
enchant-10456,烨阳晶石·项链（体质）,体质提升56点,0,,10,0,0,0,0,0,0,0,0,0,0,0,0,0,0,0,0,0,0,0,0,0,0,0,0,0
enchant-10457,烨阳晶石·项链（御劲）,御劲提升76点,0,,10,0,0,0,0,0,0,0,0,0,0,0,0,0,0,0,0,0,0,0,0,0,0,0,0,0
enchant-10458,烨阳晶石·腰坠（体质）,体质提升56点,1,,10,0,0,0,0,0,0,0,0,0,0,0,0,0,0,0,0,0,0,0,0,0,0,0,0,0
enchant-10459,烨阳晶石·腰坠（化劲）,化劲提升76点,1,,10,0,0,0,0,0,0,0,0,0,0,0,0,0,0,0,0,0,0,0,0,0,0,0,0,0
enchant-10460,烨阳晶石·戒指（根骨）,根骨提升34点,2,,3,0,0,0,0,0,0,0,0,0,0,0,0,0,0,0,0,0,0,0,0,0,0,0,0,0
enchant-10461,烨阳晶石·戒指（力道）,力道提升34点,2,,4,0,0,0,0,0,0,0,0,0,0,0,0,0,0,0,0,0,0,0,0,0,0,0,0,0
enchant-10462,烨阳晶石·戒指（元气）,元气提升34点,2,,2,0,0,0,0,0,0,0,0,0,0,0,0,0,0,0,0,0,0,0,0,0,0,0,0,0
enchant-10463,烨阳晶石·戒指（身法）,身法提升34点,2,,5,0,0,0,0,0,0,0,0,0,0,0,0,0,0,0,0,0,0,0,0,0,0,0,0,0
enchant-10464,烨阳晶石·戒指（外伤）,外功攻击提升68点,2,,1,0,0,0,0,0,0,0,0,0,0,0,0,0,0,0,0,0,0,0,0,0,0,0,0,0
enchant-10465,烨阳晶石·戒指（内伤）,内功攻击提升82点,2,,8,0,0,0,0,0,0,0,0,0,0,0,0,0,0,0,0,0,0,0,0,0,0,0,0,0
enchant-10466,烨阳晶石·戒指（外命）,外功命中等级提升152点,2,,9,0,0,0,0,0,0,0,0,0,0,0,0,0,0,0,0,0,0,0,0,0,0,0,0,0
enchant-10467,烨阳晶石·戒指（内命）,内功命中等级提升152点,2,,0,0,0,0,0,0,0,0,0,0,0,0,0,0,0,0,0,0,0,0,0,0,0,0,0,0
enchant-10468,烨阳晶石·暗器（根骨）,根骨提升34点,4,,3,0,0,0,0,0,0,0,0,0,0,0,0,0,0,0,0,0,0,0,0,0,0,0,0,0
enchant-10469,烨阳晶石·暗器（力道）,力道提升34点,4,,4,0,0,0,0,0,0,0,0,0,0,0,0,0,0,0,0,0,0,0,0,0,0,0,0,0
enchant-10470,烨阳晶石·暗器（元气）,元气提升34点,4,,2,0,0,0,0,0,0,0,0,0,0,0,0,0,0,0,0,0,0,0,0,0,0,0,0,0
enchant-10471,烨阳晶石·暗器（身法）,身法提升34点,4,,5,0,0,0,0,0,0,0,0,0,0,0,0,0,0,0,0,0,0,0,0,0,0,0,0,0
enchant-10472,烨阳晶石·暗器（外破）,外功破防等级提升152点,4,,1,0,0,0,0,0,0,0,0,0,0,0,0,0,0,0,0,0,0,0,0,0,0,0,0,0
enchant-10473,烨阳晶石·暗器（内破）,内功破防等级提升152点,4,,8,0,0,0,0,0,0,0,0,0,0,0,0,0,0,0,0,0,0,0,0,0,0,0,0,0
enchant-10474,烨阳晶石·暗器（加速）,加速提升152点,4,,10,0,0,0,0,0,0,0,0,0,0,0,0,0,0,0,0,0,0,0,0,0,0,0,0,0
enchant-10456,烨阳晶石·项链（体质）,体质提升56点,0,,10,0,0,0,0,0,0,0,0,0,0,0,0,0,0,0,0,0,0,0,0,0,0,0,0,0
enchant-10457,烨阳晶石·项链（御劲）,御劲提升76点,0,,10,0,0,0,0,0,0,0,0,0,0,0,0,0,0,0,0,0,0,0,0,0,0,0,0,0
enchant-10458,烨阳晶石·腰坠（体质）,体质提升56点,1,,10,0,0,0,0,0,0,0,0,0,0,0,0,0,0,0,0,0,0,0,0,0,0,0,0,0
enchant-10459,烨阳晶石·腰坠（化劲）,化劲提升76点,1,,10,0,0,0,0,0,0,0,0,0,0,0,0,0,0,0,0,0,0,0,0,0,0,0,0,0
enchant-10460,烨阳晶石·戒指（根骨）,根骨提升34点,2,,3,0,0,0,0,0,0,0,0,0,0,0,0,0,0,0,0,0,0,0,0,0,0,0,0,0
enchant-10461,烨阳晶石·戒指（力道）,力道提升34点,2,,4,0,0,0,0,0,0,0,0,0,0,0,0,0,0,0,0,0,0,0,0,0,0,0,0,0
enchant-10462,烨阳晶石·戒指（元气）,元气提升34点,2,,2,0,0,0,0,0,0,0,0,0,0,0,0,0,0,0,0,0,0,0,0,0,0,0,0,0
enchant-10463,烨阳晶石·戒指（身法）,身法提升34点,2,,5,0,0,0,0,0,0,0,0,0,0,0,0,0,0,0,0,0,0,0,0,0,0,0,0,0
enchant-10464,烨阳晶石·戒指（外伤）,外功攻击提升68点,2,,1,0,0,0,0,0,0,0,0,0,0,0,0,0,0,0,0,0,0,0,0,0,0,0,0,0
enchant-10465,烨阳晶石·戒指（内伤）,内功攻击提升82点,2,,8,0,0,0,0,0,0,0,0,0,0,0,0,0,0,0,0,0,0,0,0,0,0,0,0,0
enchant-10466,烨阳晶石·戒指（外命）,外功命中等级提升152点,2,,9,0,0,0,0,0,0,0,0,0,0,0,0,0,0,0,0,0,0,0,0,0,0,0,0,0
enchant-10467,烨阳晶石·戒指（内命）,内功命中等级提升152点,2,,0,0,0,0,0,0,0,0,0,0,0,0,0,0,0,0,0,0,0,0,0,0,0,0,0,0
enchant-10468,烨阳晶石·暗器（根骨）,根骨提升34点,4,,3,0,0,0,0,0,0,0,0,0,0,0,0,0,0,0,0,0,0,0,0,0,0,0,0,0
enchant-10469,烨阳晶石·暗器（力道）,力道提升34点,4,,4,0,0,0,0,0,0,0,0,0,0,0,0,0,0,0,0,0,0,0,0,0,0,0,0,0
enchant-10470,烨阳晶石·暗器（元气）,元气提升34点,4,,2,0,0,0,0,0,0,0,0,0,0,0,0,0,0,0,0,0,0,0,0,0,0,0,0,0
enchant-10471,烨阳晶石·暗器（身法）,身法提升34点,4,,5,0,0,0,0,0,0,0,0,0,0,0,0,0,0,0,0,0,0,0,0,0,0,0,0,0
enchant-10472,烨阳晶石·暗器（外破）,外功破防等级提升152点,4,,1,0,0,0,0,0,0,0,0,0,0,0,0,0,0,0,0,0,0,0,0,0,0,0,0,0
enchant-10473,烨阳晶石·暗器（内破）,内功破防等级提升152点,4,,8,0,0,0,0,0,0,0,0,0,0,0,0,0,0,0,0,0,0,0,0,0,0,0,0,0
enchant-10474,烨阳晶石·暗器（加速）,加速提升152点,4,,10,0,0,0,0,0,0,0,0,0,0,0,0,0,0,0,0,0,0,0,0,0,0,0,0,0
