门派,心法,奇穴位置,奇穴名,描述
天策,傲血战意,1,封侯,“穿云”伤害提高10%。
天策,傲血战意,1,扬戈,“穿云”的会心几率提高10%，会心效果提高10%。
天策,傲血战意,1,百折,“御”可以在基础调息时间中施展，施展后0.5秒内成功抵御伤害则使自身下一次招式伤害提高30%。
天策,傲血战意,2,神勇,“龙牙”会心几率提高10%，会心效果提高10%。
天策,傲血战意,2,挫锐,“穿云”命中低于自身两层“流血”的目标则同时附带“流血”“破风”效果。
天策,傲血战意,2,穿,“龙吟”对目标周围8尺内最多5个目标造成外功伤害且移动速度降低60%，持续12秒。
天策,傲血战意,3,骁勇,“流血”效果伤害提高10%。
天策,傲血战意,3,龙啸,“龙牙”命中目标后，对目标周围6尺的5个目标造成外功伤害。该伤害不受到“龙牙”秘籍的影响。
天策,傲血战意,3,大漠,“穿云”有35%几率使自身额外获得1点战意。
天策,傲血战意,3,徐如林,施展“突”“断魂刺”之后，自身将获得“徐如林”效果，使自身外功伤害招式命中敌人后，有50%的几率使自身气血与内力在1秒后恢复5%，持续5秒。
天策,傲血战意,4,击水,“流血”效果可叠3层。
天策,傲血战意,4,飞将,对击倒状态的目标伤害提高35%。
天策,傲血战意,4,流电,“疾”可以在马上使用，并击倒冲刺路径上的5个目标，持续2秒。
天策,傲血战意,5,出云,“战八方”可以在马下施展。
天策,傲血战意,5,劲风,“穿云”“龙吟”命中具有自身“流血”效果的目标增加20%伤害。
天策,傲血战意,5,驰骋,施展“任驰骋”获得的外功基础攻击力效果提高至30%。
天策,傲血战意,5,千驰,“沧月”若在马上释放则每0.5秒造成一次击退效果，且对刀气障碍具有额外的伤害，持续3秒。释放期间具有“纵轻骑”效果。
天策,傲血战意,6,夜征,“灭”会心几率提高20%，会心效果提高10%，并不会对自身造成伤害。
天策,傲血战意,6,风虎,每点“战意”增加“穿云”“龙吟”“龙牙”“灭”5%伤害。
天策,傲血战意,6,将威,施展“啸如虎”立刻使周围6尺内5个目标眩晕4秒，“啸如虎”期间被疗伤成效额外提高20%。
天策,傲血战意,6,青阳,“灭”的释放距离提高到25尺，调息时间提高到25秒，施展后自身免疫控制(击退和被拉除外)，持续5秒，若目标气血值低于40%，解除自身锁足减速不利效果，并冲向目标。
天策,傲血战意,7,龙胆,“龙牙”施展后有35%几率刷新“龙吟”的调息时间。
天策,傲血战意,7,破楼兰,“灭”对于气血值低于40%的目标造成40%的额外伤害，施展灭6秒内获得一次额外施展的机会。
天策,傲血战意,7,白羽,施展“疾如风”后，不受控制招式影响的效果提高到6秒，并立刻获得5点“战意”。
天策,傲血战意,8,关山月,力道、体质提高10%。
天策,傲血战意,8,守孤城,施展“御”后每秒回复2%的气血与内力，持续5秒。
天策,傲血战意,8,飞遁,“任驰骋”上马后移动速度提高50%，“纵轻骑”效果持续过程中将不受任何位移招式影响。
天策,傲血战意,8,战心,“灭”附带流血效果，使自身立刻获得3点战意，并进入“徐如林”状态，持续3秒。
天策,傲血战意,9,牧云,“突”的调息时间增加25秒，施展后自身获得牧云效果，持续45秒，效果期间施展“龙牙”则叠加一层“牧云”效果，最多作用3次。
天策,傲血战意,9,长征,“突”变为2层充能，充能时间为20秒。
天策,傲血战意,9,雷行,“沧月”每击退1个目标，增加0.5秒“纵轻骑”效果时间，降低0.5秒“沧月”调息时间。
天策,傲血战意,10,泾威,“战八方”若只命中单一目标，伤害提高25%且自身获得1点战意。
天策,傲血战意,10,激雷,“撼如雷”的调息时间提高到30秒，施展后小队成员的外功破防值提高15%，外功基础攻击力提高15%，持续8秒。
天策,傲血战意,10,坚城,“守如山”调息时间降低70秒，减伤效果变为50%，马上施展则额外增加5秒持续时间。
天策,傲血战意,10,逐北,“任驰骋”招式无需运功，且“纵轻骑”效果持续时间提高1秒。
天策,傲血战意,11,牙璋,“战八方”会心提高10%，会心效果提高10%，调息时间增加6秒，命中目标附带“流血”“破风”效果。
天策,傲血战意,11,于役,“啸如虎”可在受控状态下施展，效果期间受到会心攻击恢复自身5%气血值，最多作用5次。
天策,傲血战意,11,龙血,“龙牙”施展距离提高4尺，命中有自身“流血”效果的目标额外造成25%伤害。
天策,傲血战意,11,薄伐,“破坚阵”可冲刺至15尺内目标身边对其释放，并将目标周围6尺范围4个目标击倒。
天策,傲血战意,12,虎贲,“龙牙”有30%几率不消耗战意效果。
天策,傲血战意,12,温邑,自身气血值每降低10%，“守如山”减伤效果持续时间增加1秒。
天策,傲血战意,12,背水,自身气血每降低20%，自身外功基础攻击力提高5%，“灭”伤害提高5%。
天策,傲血战意,12,破重围,纵马疾驰，自身免疫控制，控制目标并连续造成11次共计<SUB 15163 0>外功伤害效果并使目标无法施展轻功，命中击倒中的目标伤害提高60%，骑马时方可施展此招式。
天策,铁牢律,1,封侯,“穿云”威胁值提高20%。
天策,铁牢律,1,勤王,外功防御和内功防御等级提高20%。
天策,铁牢律,2,龙痕,“龙牙”命中目标后，使目标造成的伤害降低10%，持续6秒。
天策,铁牢律,2,坚韧,被伤害招式命中使自身受到的伤害降低1%，可叠加5层，持续12秒。
天策,铁牢律,2,穿,“龙吟”对目标周围8尺内最多5个目标造成外功伤害且移动速度降低60%，持续12秒。
天策,铁牢律,3,骁勇,“流血”效果伤害提高10%。
天策,铁牢律,3,龙啸,“龙牙”命中目标后，对目标周围6尺的5个目标造成外功伤害。该伤害不受到“龙牙”秘籍的影响。
天策,铁牢律,3,大漠,“穿云”有35%几率使自身额外获得1点战意。
天策,铁牢律,3,徐如林,施展“突”“断魂刺”之后，自身将获得“徐如林”效果，使自身外功伤害招式命中敌人后，有50%的几率使自身气血与内力在1秒后恢复5%，持续5秒。
天策,铁牢律,4,击水,“流血”效果可叠3层。
天策,铁牢律,4,仗剑,“灭”不再对自身造成伤害，并回复自身10%气血值。
天策,铁牢律,4,望西京,基础气血和内力上限提高10%。
天策,铁牢律,5,出云,“战八方”可以在马下施展。
天策,铁牢律,5,劲风,“龙吟”附带“破甲”效果提高100%
天策,铁牢律,5,留侯,“龙吟”威胁值提高10%，调息时间降低1秒。
天策,铁牢律,5,千驰,“沧月”若在马上释放则每0.5秒造成一次击退效果，且对刀气障碍具有额外的伤害，持续3秒。释放期间具有“纵轻骑”效果。
天策,铁牢律,6,狮心,施展“沧月”将消耗自身战意，每消耗一点战意降低自身“疾”2秒调息时间。
天策,铁牢律,6,旗渊,被会心攻击后使自身御劲率提高8%，持续8秒。
天策,铁牢律,6,将威,施展“啸如虎”立刻使周围6尺内5个目标眩晕4秒，“啸如虎”期间被疗伤成效额外提高20%。
天策,铁牢律,6,掠如火,施展“疾如风”后自身威胁值提高75%，团队成员获得无威胁气劲，持续8秒。
天策,铁牢律,7,雷心,受到攻击若气血值低于40%，每秒回复3%气血最大值，自身气血值高于40%后该效果消失。
天策,铁牢律,7,踏北邙,受到攻击后若气血值低于40%，则自身被疗伤成效提高20%，受到所有伤害降低20%，当气血值高于40%时该效果消失。
天策,铁牢律,7,金甲,施展“突”后，自身受到的伤害降低30%，持续8秒。
天策,铁牢律,7,岳峙,施展“守如山”后，每3秒强制周围8尺内5个敌人攻击自身，作用3次。
天策,铁牢律,8,流电,“疾”可以在马上使用，并击倒冲刺路径上的5个目标，持续2秒。
天策,铁牢律,8,守孤城,施展“御”后每秒回复2%的气血与内力，持续5秒。
天策,铁牢律,8,傲骨,施展“突”冲刺到目标身旁时，强迫周围6尺范围的5个敌对目标攻击自身。
天策,铁牢律,8,战心,“灭”附带流血效果，使自身立刻获得3点战意，并进入“徐如林”状态，持续3秒。
天策,铁牢律,9,日影,“疾”命中目标降低自身“沧月”5秒调息时间。
天策,铁牢律,9,长征,“突”变为2层充能，充能时间为20秒。
天策,铁牢律,9,北伐,“战八方”附带额外威胁值。
天策,铁牢律,10,反岳,“御”成功抵挡一次伤害则会获得2点战意。
天策,铁牢律,10,烈雷,“撼如雷”调息时间提高到30秒，施展后强制半径10尺内最多5个目标攻击自身，持续3秒。
天策,铁牢律,10,坚城,“守如山”调息时间降低70秒，减伤效果变为50%，马上施展则额外增加5秒持续时间。
天策,铁牢律,10,昂如岳,“御”可以在公共调息时间中施展，施展后恢复自身10%气血值并使自身基础气血值上限提高20%，持续10秒。
天策,铁牢律,11,戟胜,“御”持续时间结束后每层效果使自身回复6%气血最大值。
天策,铁牢律,11,于役,“啸如虎”可在受控状态下施展，效果期间受到会心攻击恢复自身5%气血值，最多作用5次。
天策,铁牢律,11,至武,受到伤害导致自身气血值低于35%，立刻重置“守如山”调息时间，该效果每3分钟最多出现一次。
天策,铁牢律,11,载戎,“御”每成功抵御一次伤害，调息时间降低2秒。
天策,铁牢律,12,在握,“疾如风”效果期间，不再提高自身外功会心几率，而使自身受到技能伤害被会心几率降低20%。
天策,铁牢律,12,温邑,自身气血值每降低10%，“守如山”减伤效果持续时间增加1秒。
天策,铁牢律,12,戈矛,“疾”每命中一个目标使自身获得2点战意。
天策,铁牢律,12,号令三军,一鼓，团队成员内外功基础攻击提高40%，持续30秒；二鼓，团队成员内外功基础攻击提高20%，持续30秒；三鼓，团队成员受到的所有伤害提高10%，持续至战斗结束，该招式每场战斗只能施展一次。
纯阳,太虚剑意,1,挫锐,“三环套月”伤害提高10%。
纯阳,太虚剑意,1,心固,“三环套月”会心提高10%，会心效果提高10%。
纯阳,太虚剑意,1,不善,“三环套月”附带60%减速效果，持续5秒。
纯阳,太虚剑意,2,同根,“万剑归宗”调息时间降低3秒，“无我无剑”“万剑归宗”的伤害提高10%。
纯阳,太虚剑意,2,深埋,外功招式会心后，自身立即回复1格气。
纯阳,太虚剑意,2,吐故纳新,处于自身“生太极”气场当中，自身受到的伤害降低10%，受到攻击有15%几率令攻击者锁足3秒，并回复自身10%的内力，该效果每20秒只能触发一次。
纯阳,太虚剑意,3,昆吾,施展招式消耗5格气时，有25%几率立即回复3格气。
纯阳,太虚剑意,3,白虹,“无我无剑”命中目标后，会对目标周围6尺内最多5个目标造成外功伤害，消耗的气越多，伤害越高。该效果不受到“无我无剑”秘籍的影响。
纯阳,太虚剑意,3,数穷,“万剑归宗”范围扩大2尺，命中目标后立即使目标锁足2秒。
纯阳,太虚剑意,4,云中剑,“人剑合一”引爆自身“生太极”“碎星辰”“吞日月”气场后会使“气剑”分别环绕自身6/5/4尺运转8秒，“气剑”运转期间会对4个敌对目标造成<SUB 21979 1>外功伤害。
纯阳,太虚剑意,4,无意,消耗5格气施展无我无剑，会心几率提高10%，会心效果提高20%。
纯阳,太虚剑意,4,惊世,“转乾坤”调息时间降低15秒，施展“转乾坤”重置“万剑归宗”“人剑合一”“大道无术”“八荒归元”“剑冲阴阳”的调息时间。
纯阳,太虚剑意,5,独笑,“转乾坤”伤害降低效果提高10%，不受招式控制的效果提高2秒，并在期间免疫推拉效果。
纯阳,太虚剑意,5,风逝,“三环套月”“八荒归元”施展距离增加2尺，成功命中目标使下一个“无我无剑”伤害提高30%。
纯阳,太虚剑意,5,狂歌,“人剑合一”每引爆一个气场，自身回复2格气，并为自身和小队成员回复5%内力和1%气血。
纯阳,太虚剑意,5,合真,处于“吞日月”作用范围内的友方目标受到的伤害会被化解，化解的总伤害超过自身气血最大值的10%时，则“吞日月”消失，该招式无法在秘境中生效。
纯阳,太虚剑意,6,解牛,对被定身、锁足、眩晕的目标伤害提高20%。
纯阳,太虚剑意,6,解纷,“剑冲阴阳”调息时间降低10秒，眩晕效果增加1秒。
纯阳,太虚剑意,6,叠刃,“无我无剑”会心后附带1层叠刃效果，最多叠加5层。
纯阳,太虚剑意,6,开兑,“吞日月”可额外解除友方目标阳性，阴性，混元性和毒性不利效果各一个。
纯阳,太虚剑意,7,切玉,“八荒归元”命中40%气血以下目标，能够使“叠刃”的持续伤害立即生效。
纯阳,太虚剑意,7,雾外江山,除“镇山河”外所有气场招式的调息时间降低1秒，施展气场后额外回复1格气，成功运功施展气场，则使下一个气场无需运功。
纯阳,太虚剑意,7,长生,每次成功施展气场或剑阵，则使下一个伤害招式附带“持盈”效果，对目标造成<SUB 21726 0>外功伤害。
纯阳,太虚剑意,7,凌太虚,处于自身“生太极”气场范围中的团队成员受到的外功伤害降低10%，自身每秒回复0.4%气血最大值。
纯阳,太虚剑意,8,负阴,“碎星辰”气场持续时间增加12秒，对自身的增益效果提高100%。
纯阳,太虚剑意,8,无我,“坐忘无我”每点根骨或身法化解的伤害提高20%，效果期间自身受到的伤害降低50%。
纯阳,太虚剑意,8,匣中,“剑冲阴阳”伤害提高100%，“剑冲阴阳”施展后立即重置“八荒归元”调息时间。
纯阳,太虚剑意,8,云凌,“大道无术”成功定身目标则重置“生太极”“吞日月”“碎星辰”调息时间。
纯阳,太虚剑意,9,和光,“八荒归元”命中有自身“叠刃”效果目标，额外造成25%伤害效果。
纯阳,太虚剑意,9,实腹,“大道无术”“人剑合一”控制时间延长1秒。
纯阳,太虚剑意,9,故长,“三柴剑法”命中目标则添加一层“玄一”效果。
纯阳,太虚剑意,9,随物,“剑冲阴阳”可对拥有“叠刃”目标直接施展，命中目标后自身剑灵持续攻击目标，每次攻击对目标造成外功伤害，持续6秒。
纯阳,太虚剑意,10,期声,位于增益气场中自身<BUFF 6093 1 desc>。
纯阳,太虚剑意,10,物我两忘,“人剑合一”引爆及定身效果范围提高3尺，每成功定身一个目标“人剑合一”调息时间降低1秒。
纯阳,太虚剑意,10,剑势,“剑冲阴阳”成功眩晕目标后，在目标区域生成“生太极”气场。
纯阳,太虚剑意,10,心剑两望,“人剑合一”引爆不同的气场，可以使自身获得不同的效果。\n“生太极”使自身移动速度提高10%，可以叠加3层，持续8秒。\n“吞日月”使自身不受招式控制效果的影响，持续2秒，可以累加3次。\n“化三清”使自身3秒内不消耗内力，持续3秒，可以累加3次。\n“碎星辰”使自身基础攻击提高5%，持续8秒，可以叠加3层。\n“破苍穹”使自己加速率提高3%，持续8秒，可以叠加3层。
纯阳,太虚剑意,11,无欲,“无我无剑”命中有自身“叠刃”效果的目标则减少“八荒归元”调息时间，每消耗1格气则减少1秒。
纯阳,太虚剑意,11,凶年,“生太极”作用范围提高5尺，减速效果提高到45%。
纯阳,太虚剑意,11,静笃,“坐忘无我”效果消失后，重置“八荒归元”调息时间，并使下一次“八荒归元”伤害提高40%，持续10秒。
纯阳,太虚剑意,11,虚极,“万剑归宗”命中目标将使其获得“叠刃”效果且“叠刃”伤害提高10%。
纯阳,太虚剑意,12,若水,“紫气东来”持续时间降低至8秒，时间可累加，为3层充能技能，60秒充能时间。
纯阳,太虚剑意,12,固本,“紫气东来”施展后获得的内功和外功基础攻击力的加成效果提高到50%，持续时间提高3秒，额外提高20%加速率。
纯阳,太虚剑意,12,玄门,“生太极”调息时间增加15秒，“人剑合一”只能引爆自身气场，每引爆一个气场，破防等级提高20%，外功会心几率提高3%，持续40秒，可叠加3层。
纯阳,紫霞功,1,雾锁,“四象轮回”的伤害提高10%，减速效果提高20%。
纯阳,紫霞功,1,白虹,“四象轮回”的会心提高10%，会心效果提高10%。
纯阳,紫霞功,1,不善,施展“太极无极”使目标移动速度降低40%，持续5秒。
纯阳,紫霞功,2,霜锋,“两仪化形”“六合独尊”伤害提高10%。
纯阳,紫霞功,2,心固,“四象轮回”命中目标时，使自身下一个“两仪化形”伤害提高30%。
纯阳,紫霞功,2,吐故纳新,处于自身“生太极”气场当中，自身受到的伤害降低10%，受到攻击有15%几率令攻击者锁足3秒，并回复自身10%的内力，该效果每20秒只能触发一次。
纯阳,紫霞功,3,昆吾,施展招式消耗5格气时，有25%几率立即回复3格气。
纯阳,紫霞功,3,以静,“七星拱瑞”距离提高3尺，可同时作用于2个目标。
纯阳,紫霞功,3,无形,“两仪化形”命中目标后，对自身前方20尺内路径上最多5个目标造成混元内功伤害。消耗5格气施展的“两仪化形”会心几率提高10%，会心效果提高10%。
纯阳,紫霞功,4,天地根,“气剑”无视目标40%内功防御，“六合独尊”会心命中一个目标则获得一柄“气剑”。
纯阳,紫霞功,4,归元,“九转归一”成功击退后，重置“万世不竭”调息时间且无需运功。
纯阳,紫霞功,4,抱元,“六合独尊”范围提高2尺，目标数量提高2个。
纯阳,紫霞功,5,雨集,“两仪化形”命中目标有40%几率使下2个“四象轮回”无需运功，此效果每15秒内最多出现一次。
纯阳,紫霞功,5,同尘,“六合独尊”每次造成伤害，均使下一次伤害效果提高25%。
纯阳,紫霞功,5,北辰,“七星拱瑞”的运功时间降低0.25秒，且不会因目标身上已有的持续伤害效果而提前结束，该效果仅作用玩家目标。
纯阳,紫霞功,5,不移,“凭虚御风”闪避效果额外提高10%，持续时间增加3秒。
纯阳,紫霞功,6,解牛,对被定身、锁足、眩晕的目标伤害提高20%。
纯阳,紫霞功,6,跬步,每存在一柄“气剑”，“四象轮回”“两仪化形”伤害提高1%。
纯阳,紫霞功,6,玄德,施展“凭虚御风”后使自身受到的内功伤害降低40%，持续5秒。
纯阳,紫霞功,6,太牢,“五方行尽”每命中一个目标，使自身获得的“会神”效果持续时间增加1秒。
纯阳,紫霞功,7,有涯,“七星拱瑞”成功定身目标，使自身混元内功基础攻击力提高20%，持续15秒。
纯阳,紫霞功,7,雾外江山,除“镇山河”外所有气场招式的调息时间降低1秒，施展气场后额外回复1格气，成功运功施展气场，则使下一个气场无需运功。
纯阳,紫霞功,7,万物,“万世不竭”可在移动中运功，会心提高10%，会心效果提高10%。
纯阳,紫霞功,7,冲阴阳,处于自身“生太极”效果中的团队成员受到的内功伤害降低10%，自身每秒回复0.4%气血最大值。
纯阳,紫霞功,8,抱阳,“破苍穹”气场持续时间增加12秒，对自身的增益效果提高100%。
纯阳,紫霞功,8,无我,“坐忘无我”每点根骨或身法化解的伤害提高20%，效果期间自身受到的伤害降低50%。
纯阳,紫霞功,8,羽化,“九转归一”变为2层充能招式，击退中的目标如果碰撞障碍则造成<SUB 21716 1>混元性内功伤害且眩晕4秒。
纯阳,紫霞功,8,捉影,“四象轮回”运功不会被打退，有30%几率使目标锁足3秒。
纯阳,紫霞功,9,无极,“太极无极”对定身锁足目标伤害提高150%，且解除其定身锁足效果。
纯阳,紫霞功,9,浮生,“六合独尊”运功1.5秒之后，在目标点形成“八方剑域”效果，区域内最多6个目标每秒受到混元性内功伤害，并降低80%移动速度，“八方剑域”持续5秒。
纯阳,紫霞功,9,玄通,“万世不竭”调息时间降低8秒，气剑持续时间增加12秒。
纯阳,紫霞功,9,霜寒,“镇山河”调息时间降低2分钟，效果只作用于自身，且不再获得“化生势”不利效果。
纯阳,紫霞功,10,期声,位于增益气场中自身<BUFF 6093 1 desc>。
纯阳,紫霞功,10,心眼,“镇山河”效果范围提高至6尺，受到无法施展内功招式和缴械效果时也可以施展，自身若处于“镇山河”当中，每秒将恢复自身5%气血最大值。
纯阳,紫霞功,10,御风,战斗过程中施展“梯云纵”则“梯云纵”效果不会因为战斗状态施展而提前消失，持续10秒，且若期间自身处于空中时，则伤害提高10%。
纯阳,紫霞功,10,临风,施展“紫气东来”后，运功不会被打退、打断，不受无法施展内功招式和缴械效果的影响，持续6秒。
纯阳,紫霞功,11,重光,“万世不竭”运功时间降低1秒，“气剑”每轮攻击频率提高25%且只会攻击自身选中的目标。
纯阳,紫霞功,11,凶年,“生太极”作用范围提高5尺，减速效果提高到45%。
纯阳,紫霞功,11,平笃,“坐忘无我”消失后，使下一个“四象轮回”无须运功且伤害提高50%。
纯阳,紫霞功,11,自化,“万世不竭”一段“气剑”每次命中目标将额外造成一次伤害，命中目标有20%几率锁足目标并为目标添加“气竭”效果，持续5秒。自身任何招式命中带有“气竭”效果的目标将引爆造成6尺范围<SUB 20955 0>混元性内功伤害，该效果3秒内对同一目标只生效一次。
纯阳,紫霞功,12,若水,“紫气东来”持续时间降低至8秒，时间可累加，为3层充能技能，60秒充能时间。
纯阳,紫霞功,12,固本,“紫气东来”施展后获得的内功和外功基础攻击力的加成效果提高到50%，持续时间提高3秒，额外提高20%加速率。
纯阳,紫霞功,12,规焉,受到任何技能伤害导致自身气血值低于40%，则清除自身“化生势”效果并立刻重置“镇山河”调息时间，该效果最多每2分钟触发一次。
万花,离经易道,1,弹指,“提针”的疗伤效果提高25%。
万花,离经易道,1,竭沢,“提针”的运功时间降低0.25秒。
万花,离经易道,1,少阳指,施展“商阳指”使目标移动速度降低60%，持续4秒。
万花,离经易道,2,烟霞,“提针”运功不会被打退，会心几率提高10%，会心效果提高10%。
万花,离经易道,2,生息,“握针”施展距离提高4尺，施展后立即回复目标少量气血值，效果期间玩家受到的治疗效果提高10%，该效果同时只能作用一个目标。
万花,离经易道,2,花语,“碧水滔天”调息时间降低25秒，且效果持续期间，每秒回复目标6%气血值。
万花,离经易道,3,青律,“长针”的运功时间减少0.25秒。
万花,离经易道,3,月华,“长针”同时对目标周围8尺范围内的5个友方目标回复气血值。该效果不受到“长针”秘籍的影响。
万花,离经易道,3,桃源,运功期间受到攻击有40%几率使自身获得“春泥护花”效果。
万花,离经易道,4,梦歌,“提针”“长针”运功结束后自身加速率提高3%，持续30秒，可以叠加2层。
万花,离经易道,4,不舍,“握针”每跳回复玩家目标1%的内力，若自身存在“握针”效果，受到攻击有15%几率使下一个“提针”无需运功，持续30秒。
万花,离经易道,4,清疏,每次施展疗伤招式，自身获得1层“清疏”效果，积累到5层时，则回复自身10尺范围内小队成员的气血。若疗伤招式会心，则额外获得1层“清疏”效果。
万花,离经易道,5,弹梦,“春泥护花”不受被击消耗和卸除影响，持续12秒。
万花,离经易道,5,南柯,“春泥护花”的伤害减免效果提高20%。
万花,离经易道,5,微潮,“长针”命中有自身“握针”持续效果的目标，为目标及其半径15尺内所有友方小队成员添加“握针”效果。
万花,离经易道,6,千机,若太素九针会心或成功运功长针，自身将获得“内舍”气劲，每层使基础疗伤成效提高3%，可叠加5层。
万花,离经易道,6,风雨,“春泥护花”效果消失后，有几率于保护目标周围10尺随机位置洒下2朵落花，落花持续6秒，小队目标踩中后恢复10%的气血和内力值，敌对目标踩中锁足3秒。
万花,离经易道,6,青屋,“长针”使目标附带1层春泥护花效果，对于同一目标每2秒触发一次该效果。
万花,离经易道,6,秋毫,“清心静气”调息时间增加至30秒，施展后为友方目标添加7层“毫针”效果；使目标受到攻击后立刻恢复自身6%气血，触发一次则消失一层，持续15秒。
万花,离经易道,7,束彼,“彼针”可以为目标及其半径15尺范围内的小队成员造成治疗效果。
万花,离经易道,7,书离,“提针”施展后为目标添加一层“毫针”效果，最多叠加7层；使目标受到攻击后立刻恢复自身6%气血，触发一次则消失一层。
万花,离经易道,7,踏冰,“提针”能够为友方目标解除阳性不利效果、阴性不利效果、混元不利效果、毒性不利效果、点穴不利效果各一个。
万花,离经易道,7,星移,“星楼月影”调息时间降低3秒，不受招式控制效果持续时间增加1秒且不受击退控制影响。
万花,离经易道,8,渐催,“长针”对气血值低于40%的目标会心几率提高60%。
万花,离经易道,8,池月,施展“水月无间”后“布散”效果持续时间额外提高8秒。
万花,离经易道,8,金屋,施展“太阴指”后，受到的伤害降低30%，移动速度提高30%，持续8秒。
万花,离经易道,8,清露,“利针”无调息时间，内力消耗降低50%，额外驱散敌方目标阴性、混元性、阳性、毒性气劲各一个，友方目标阴性、混元性、阳性、毒性、点穴不利效果各一个。
万花,离经易道,9,述怀,“彼针”命中目标后，目标每3秒回复231点气血值，持续<BUFF 5693 0 time>。
万花,离经易道,9,煮茗,若目标气血值低于40%，施展“握针”立刻吞噬“握针”效果，最多每13秒触发一次。
万花,离经易道,9,寒清,受到伤害有80%几率使下一跳“握针”效果立刻生效。
万花,离经易道,9,金针,受到的“锁足”“定身”“眩晕”“击倒”控制效果持续时间降低30%。
万花,离经易道,10,零落,“彼针”命中有自身“握针”效果的目标，刷新握针的持续时间。
万花,离经易道,10,生脉,“水月无间”效果期间使自身免疫控制(击退和被拉除外)和封内效果的影响，且运功不会被打断，持续6秒。
万花,离经易道,10,流溢,自身气血值每降低20%，基础疗伤成效提高10%，受到伤害降低10%。
万花,离经易道,10,心主,给友方目标施展“春泥护花”自身也将获得“春泥护花”效果。
万花,离经易道,11,遥归,“水月无间”变为两层充能招式，额外使1个招式无需运功，并立刻回复自身10%内力值。
万花,离经易道,11,砚悬,“彼针”调息时间降低2秒，作用范围增加5尺。
万花,离经易道,11,夏风,“听风吹雪”调息时间降低20秒，额外气血恢复效果提高至40%。
万花,离经易道,11,轻鸿,“太阴指”变为2层充能技能，充能时间17秒，但无法被“春泥护花”重置调息时间。
万花,离经易道,12,展秋,“彼针”命中气血值低于35%的目标额外触发30%疗伤效果。
万花,离经易道,12,生花,“提针”“长针”作用目标不是自身，则对自身额外造成50%治疗效果。
万花,离经易道,12,风荷,受到任何伤害导致自身气血值低于40%，立刻重置“听风吹雪”调息时间，该效果最多每1分钟触发一次。
万花,离经易道,12,折叶笼花,守护友方玩家目标生命，期间目标受到的治疗效果提高45%，受到伤害降低30%，效果正常结束后，回复目标25%气血，可通过牺牲“笼花”效果来使目标免于重伤，触发后该效果消失并回复目标50%气血最大值，最多持续12秒。
万花,花间游,1,烟霞,“阳明指”的会心几率提高10%，会心效果提高10%。
万花,花间游,1,弹指,“快雪时晴”的会心几率提高10%，会心效果提高10%。
万花,花间游,1,少阳指,施展“商阳指”使目标移动速度降低60%，持续4秒。
万花,花间游,2,雪中行,“玉石俱焚”吞噬目标持续伤害后，使自身下一个“商阳指”“钟林毓秀”“兰摧玉折”施展后瞬间造成大量伤害，且使“快雪时晴”下5跳的伤害提高。
万花,花间游,2,放歌,“商阳指”“钟林毓秀”“兰摧玉折”每跳有25%几率使下一个“阳明指”无需运功，持续30秒，可叠加3层。
万花,花间游,2,闲垂影,“玉石俱焚”成功吞噬持续伤害效果，则使目标定身5秒。
万花,花间游,3,列宿,运功不会被打退且运功期间受到攻击有50%几率使自身获得“春泥护花”效果。
万花,花间游,3,风烟翠,“阳明指”命中附带自身持续伤害效果的目标，可将该效果添加给目标半径8尺内的最多5个目标。
万花,花间游,3,倚天,若目标存在自身的“兰摧玉折”不利状态，则无视目标20%内功防御等级。
万花,花间游,4,束发,“兰摧玉折”持续期间额外降低目标10%化劲等级。
万花,花间游,4,焚玉,目标身上每存在一个自身的持续性伤害效果，则“快雪时晴”对该目标的伤害提高8%。
万花,花间游,4,潜催,“玉石俱焚”可以吞噬目标半径8尺内额外5个目标身上属于自身的持续伤害。
万花,花间游,5,青歌,“快雪时晴”每0.6秒造成一次伤害，持续3秒。
万花,花间游,5,折花,“阳明指”命中有自身“商阳指”持续伤害效果的目标将吞噬“商阳指”效果。
万花,花间游,5,踏莲,“芙蓉并蒂”伤害提高100%，调息时间降低10秒，定身效果持续时间延长1秒。
万花,花间游,5,星影,“春泥护花”施展给队友，则下一次“春泥护花”调息时间降低16秒。
万花,花间游,6,青冠,“阳明指”“快雪时晴”命中有自身混元持续伤害效果的目标，每个持续伤害效果使“阳明指”“快雪时晴”会心几率提高5%，会心效果提高5%。
万花,花间游,6,寒碧,若目标身上没有“钟林毓秀”效果，则“阳明指”附带“钟林毓秀”。
万花,花间游,6,寒血,若“兰摧玉折”被驱散，则会立刻给驱散者添加“兰摧玉折”效果。
万花,花间游,6,生风,“兰摧玉折”无调息时间，可同时存在于两个目标，对任意存在自身“兰摧玉折”的目标施展“商阳指”“钟林毓秀”，另一个有自身“兰摧玉折”的目标也会获得“商阳指”“钟林毓秀”效果。
万花,花间游,7,寒笙,“商阳指”伤害提高10%，效果持续时间增加至24秒，持续时间增加效果无法与同类效果叠加。
万花,花间游,7,清流,自身对“兰摧玉折”标记目标伤害提升10%。
万花,花间游,7,雪月,施展“钟林毓秀”“兰摧玉折”立刻对目标造成<SUB 20447 0>混元性内功伤害。
万花,花间游,7,春寒,“乱洒青荷”调息时间降低30秒，持续期间自身会心率提高20%。
万花,花间游,8,秋毫,“清心静气”调息时间增加至30秒，施展后为友方目标添加7层“毫针”效果；使目标受到攻击后立刻恢复自身6%气血，触发一次则消失一层，持续15秒。
万花,花间游,8,雪弃,“快雪时晴”若只命中一个目标，伤害提高20%。
万花,花间游,8,金屋,施展“太阴指”后，受到的伤害降低30%，移动速度提高30%，持续8秒。
万花,花间游,8,春脉,目标身上每存在一个自身的持续伤害效果，施展“玉石俱焚”则卸除目标混元、阳性、阴性、毒性有益气劲各一个。
万花,花间游,9,生息,混元性持续伤害提高10%，持续伤害效果被卸除后，每个持续伤害使目标1.5秒内无法受到治疗效果，最多叠加4.5秒。
万花,花间游,9,流离,“玉石俱焚”命中自身“兰摧玉折”标记目标后，使下一个“兰摧玉折”无需运功，每吞噬一个持续伤害效果，调息时间降低1.5秒。
万花,花间游,9,心主,给友方目标施展“春泥护花”自身也将获得“春泥护花”效果。
万花,花间游,10,梦歌,施展“阳明指”或“快雪时晴”运功结束时均获得“梦歌”气劲，每层使加速率提高3%，持续30秒，最多叠加2层。
万花,花间游,10,生脉,“水月无间”效果期间使自身免疫控制(击退和被拉除外)和封内效果的影响，且运功不会被打断，持续6秒。
万花,花间游,10,摇柳,“听风吹雪”可在花间游心法下施展，但调息时间增加1分30秒。
万花,花间游,10,蚀月,“商阳指”“兰摧玉折”“钟林毓秀”每跳降低目标1%内力。
万花,花间游,11,踏歌,“快雪时晴”命中有自身持续伤害效果的目标，每次伤害有40%几率额外造成一次伤害。
万花,花间游,11,故幽,“阳明指”命中带有自身“芙蓉并蒂”定身效果的目标后，重置“玉石俱焚”的调息时间。
万花,花间游,11,星移,“星楼月影”调息时间降低3秒，不受招式控制效果持续时间增加1秒且不受击退控制影响。
万花,花间游,11,轻鸿,“太阴指”变为2层充能技能，充能时间17秒，但无法被“春泥护花”重置调息时间。
万花,花间游,12,涓流,施展伤害招式命中气血值低于50%的目标，自身会心几率提高20%，会心效果提高20%，每次造成伤害，该效果降低2%。
万花,花间游,12,暮桑,目标每存在一个自身持续性伤害，目标招式的内力消耗提高12%。
万花,花间游,12,月影,受到伤害导致自身气血值低于40%，立刻重置“星楼月影”调息时间，该效果最多60秒触发一次。
万花,花间游,12,南风吐月,可对团队友方目标施展，清除其所有移动限制和不利效果且不会受到攻击但效果期间无法移动，持续8秒。
少林,易筋经,1,涅果,“普渡四方”伤害提高10%。
少林,易筋经,1,心棍,“普渡四方”会心几率提高10%，会心效果提高10%。
少林,易筋经,1,普心,“普渡四方”对目标6尺范围内额外2个目标造成伤害。
少林,易筋经,2,六识,“横扫六合”每命中一个目标，伤害提高20%。
少林,易筋经,2,幻身,“横扫六合”若只命中一个目标，则在易筋经心法下伤害提高50%，在洗髓经心法下产生的威胁值提高80%。
少林,易筋经,2,抱残,“捕风式”命中目标使目标移动速度降低60%，持续12秒。
少林,易筋经,3,身意,“守缺式”会心几率提高10%，会心效果提高10%。
少林,易筋经,3,善心,“守缺式”命中附带自身“横扫六合”持续伤害目标时，可额外回复一点禅那。
少林,易筋经,3,明法,“普渡四方”可叠加的“普渡”效果提高到4层。
少林,易筋经,4,缩地,消耗禅那后有50%几率回复1点禅那。
少林,易筋经,4,空识,对被击晕或击倒目标造成的伤害提高15%。
少林,易筋经,4,断灭,“韦陀献杵”命中目标后，对目标周围6尺范围内最多5个目标造成阳性内功伤害。伤害与消耗的禅那有关。该效果不受到“韦陀献杵”秘籍的影响。
少林,易筋经,4,固法,“舍身诀”调息时间降低15秒，施展后立刻重置自身“无相诀”的调息时间。
少林,易筋经,5,降魔渡厄,3点禅那施展“韦陀献杵”“拿云式”附带“降魔”效果，使目标受到该招式25%的阳性内功伤害。
少林,易筋经,5,深行,“横扫六合”每多命中一个目标，调息时间降低1秒。
少林,易筋经,5,静色,“捉影式”施展距离提高5尺，战斗状态下“捉影式”处于调息状态，4秒内未施展任何伤害招式，则使“捉影式”调息时间降低4秒。
少林,易筋经,5,自在,“韦陀献杵”“拿云式”命中目标后有50%几率使目标获得“自在”效果，获得“自在”效果的玩家攻击带有反弹效果的玩家会强化目标的反弹效果，每层强化30%，持续18秒，可叠加三层。
少林,易筋经,6,狮啸,“大狮子吼”不再附带控制效果，生成一个半径10尺的阵法，使自身当前气血及气血最大值提高200%，阵法内的队友受到的伤害的99%传递给自身。少林自身不可移动，调息时间50秒。
少林,易筋经,6,系珠,“擒龙诀”变为3层充能效果，30秒充能时间，其增益效果持续时间减半。
少林,易筋经,6,缘断,“捉影式”变为2层充能技能，20秒充能时间。
少林,易筋经,6,金刚怒目,“罗汉金身”持续时间延长5秒，施展“罗汉金身”使自身内功基础攻击提高30%，小队成员内功基础攻击提高10%。
少林,易筋经,7,净果,施展内功伤害招式有20%几率使自身无视目标气血百分比，可立刻施展“拿云式”。
少林,易筋经,7,无量波罗,“摩诃无量”招式有效距离提高4尺，击倒效果提高1秒。
少林,易筋经,7,独觉,“锻骨诀”施展后使自身不受外功伤害影响，持续4秒。
少林,易筋经,7,无色,“无相诀”调息时间降低20秒，不再附带减伤效果，反弹受到的70%伤害，持续10秒。
少林,易筋经,8,明王身,基础气血上限提高20%。
少林,易筋经,8,妙法,施展“千斤坠”解除自身锁足、减速效果，自身不受招式控制（击退和被拉除外），持续4秒。
少林,易筋经,8,三生,每点禅那增加自身8%内功基础攻击。
少林,易筋经,8,清心,“舍身诀”效果持续期间，每3秒解除友方目标阳性、阴性、混元、毒性不利效果各两个。
少林,易筋经,9,无执,连续施展两次“守缺式”后激活拿云式。
少林,易筋经,9,众嗔,施展“守缺式”、“韦陀献杵”、“拿云式”命中“横扫六合”持续伤害的目标伤害提高15%。
少林,易筋经,9,菩提身,“无相诀”施展后，自身每秒恢复1%气血最大值，期间自身受到伤害有50%几率解除自身受控效果，持续10秒。
少林,易筋经,9,尘息,“守缺式”使目标被疗伤效果减低50%，持续12秒。
少林,易筋经,10,善护,当气血值低于70%时被攻击则获得“善护”气劲，使自身受到伤害降低20%，持续5秒。
少林,易筋经,10,缘觉,消耗三点禅那施展“拿云式”，施展距离提高至12尺并附带冲刺效果，造成伤害提高15%。
少林,易筋经,10,华香,“韦陀献杵”“拿云式”无视目标50%内功防御等级。
少林,易筋经,10,轮回诀,重伤倒地后方可施展，救治自身并使自身恢复15%(<SKILLEx {D0} {MaxLife 0.15}>点)气血值最大值与15%(<SKILLEx {D0} {MaxMana 0.15}>点)内力最大值，重伤起身后4秒内受到的伤害降低80%。<TALENT 5907 1 重置“达摩武诀”套路下其他招式的调息时间><TALENT 5908 1 重伤起身后小队成员的基础气血上限提高10%，持续10秒，并回复10%的气血>
少林,易筋经,11,明澈,施展“擒龙诀”，自身“禅意”将守护自身，“禅意”会每1秒对10尺范围的一个目标造成<SUB 21700 0>阳性内功伤害，并会优先以攻击自身的目标作为对象。且当“禅意”和自身攻击同一个对象时，“禅意”的该次攻击会变成4尺范围的伤害和减速效果。“禅意”持续10秒。
少林,易筋经,11,五识,“罗汉金身”反弹效果提高50%，效果期间受到伤害有10%几率使自身回复5%气血最大值。
少林,易筋经,11,佛果,“罗汉金身”效果期间施展伤害招式有20%几率回复自身一点禅那，并使自身下一个招式伤害提高15%。
少林,易筋经,11,灵越,“罗汉金身”效果期间使自身不受减速效果影响，受到伤害有15%几率使攻击者倒地3秒。
少林,易筋经,12,非梵,“舍身诀”命中气血值低于50%的目标，减伤效果提高至50%。
少林,易筋经,12,铮声,“无相诀”减伤效果提高10%。
少林,易筋经,12,临捕,受到任何伤害导致自身气血值低于40%，立刻重置“无相诀”调息时间，该效果最多每3分钟触发一次。
少林,易筋经,12,二业依缘,使自身在“袈裟”“伏魔”状态下切换并解除受控效果：\n“袈裟”状态下受到所有伤害降低10%，受到治疗效果提高10%；\n“伏魔”状态下移动速度提高10%，自身伤害提高10%，威胁值降低20%。
少林,洗髓经,1,因果,“普渡四方”附带20%的额外威胁值。
少林,洗髓经,1,不垢,受到攻击有30%几率提高自身基础气血2%，持续20秒，最多叠加10层。
少林,洗髓经,1,普心,“普渡四方”对目标6尺范围内额外2个目标造成伤害。
少林,洗髓经,2,大明,3点禅那施展“韦陀献杵”命中目标后，自身受到下两次攻击的伤害降低30%，持续6秒。
少林,洗髓经,2,幻身,“横扫六合”若只命中一个目标，则在易筋经心法下伤害提高50%，在洗髓经心法下产生的威胁值提高80%。
少林,洗髓经,2,取法,被疗伤招式命中后，若自身气血值高于60%，则自身被疗伤成效提高2%，持续10秒，可以叠加10层。
少林,洗髓经,3,执迷不返,“摩诃无量”调息时间降低5秒，附带大量威胁值，并强制目标攻击少林自身。
少林,洗髓经,3,无尘,“横扫六合”每命中一个目标，使自身受到伤害降低6%，可叠加5层，持续6秒。
少林,洗髓经,3,大觉,“横扫六合”命中目标后，自身的气血上限提高20%，持续5秒。
少林,洗髓经,4,缩地,消耗禅那后有50%几率回复1点禅那。
少林,洗髓经,4,固法,“舍身诀”调息时间降低15秒，施展后立刻重置自身“无相诀”的调息时间。
少林,洗髓经,4,断灭,“韦陀献杵”命中目标后，对目标周围6尺范围内最多5个目标造成阳性内功伤害。伤害与消耗的禅那有关。该效果不受到“韦陀献杵”秘籍的影响。
少林,洗髓经,5,色空体,反弹受到的15%伤害。
少林,洗髓经,5,禅语,“大狮子吼”施展后，使团队成员气血上限提高20%，持续15秒。
少林,洗髓经,5,生缘,内功和外功防御等级提高20%。
少林,洗髓经,5,深行,“横扫六合”每多命中一个目标，调息时间降低1秒。
少林,洗髓经,6,离境,战斗状态中，若自身气血值大于80%，则造成的威胁值提高30%。
少林,洗髓经,6,涅果,“普渡四方”使下一招威胁值提高30%，并获得一点禅那。
少林,洗髓经,6,不动,施展“无相诀”后，不受任何伤害，也无法行动，持续2秒。
少林,洗髓经,7,不畏,“般若诀”调息时间提高到15秒，施展后使自身受到的内功伤害降低30%，外功防御等级提高30%，持续15秒。
少林,洗髓经,7,狮啸,“大狮子吼”不再附带控制效果，生成一个半径10尺的阵法，使自身当前气血及气血最大值提高200%，阵法内的队友受到的伤害的99%传递给自身。少林自身不可移动，调息时间50秒。
少林,洗髓经,7,天龙音,“大狮子吼”附带大量威胁值并使团队所有成员回复3%气血最大值。
少林,洗髓经,7,无色,“无相诀”调息时间降低20秒，不再附带减伤效果，反弹受到的70%伤害，持续10秒。
少林,洗髓经,8,明王身,基础气血上限提高20%。
少林,洗髓经,8,千钧,“千斤坠”每命中一个目标，自身内功和外功防御等级提高5%，可叠加3层，持续6秒。
少林,洗髓经,8,禅临,“千斤坠”每命中一个目标，自身威胁值提高10%，可叠加3层，持续6秒。
少林,洗髓经,8,清心,“舍身诀”效果持续期间，每3秒解除友方目标阳性、阴性、混元、毒性不利效果各两个。
少林,洗髓经,9,无量,受到伤害有50%几率回复自身5%内力，每3秒最多触发1次。
少林,洗髓经,9,明心,受到攻击使自身气血低于40%，立即回复20%气血并使自身基础气血上限提高20%，持续10秒，每40秒触发1次。
少林,洗髓经,9,贞护,“大狮子吼”命中后自身受到的伤害降低15%，持续8秒。
少林,洗髓经,9,心执,受到攻击使自身气血值低于40%，则该次伤害降低20%。
少林,洗髓经,10,舍利心,受到攻击后若气血值低于40%，则自身被疗伤成效提高20%，当气血值高于40%时该效果维持8秒后消失。
少林,洗髓经,10,真如,施展“无相诀”使自身气血上限提高20%，并立即回复自身20%的气血，随后每秒恢复2%气血，持续10秒。
少林,洗髓经,10,镇魔,“大狮子吼”命中目标后，最少1点禅那使目标的攻击降低5%，最多3点禅那使目标的攻击降低15%，持续4秒。
少林,洗髓经,10,轮回诀,重伤倒地后方可施展，救治自身并使自身恢复15%(<SKILLEx {D0} {MaxLife 0.15}>点)气血值最大值与15%(<SKILLEx {D0} {MaxMana 0.15}>点)内力最大值，重伤起身后4秒内受到的伤害降低80%。<TALENT 5907 1 重置“达摩武诀”套路下其他招式的调息时间><TALENT 5908 1 重伤起身后小队成员的基础气血上限提高10%，持续10秒，并回复10%的气血>
少林,洗髓经,11,意相,自身气血值每低于10%，施展“无相诀”获得的减伤效果持续时间增加1秒。
少林,洗髓经,11,五识,“罗汉金身”反弹效果提高50%，效果期间受到伤害有10%几率使自身回复5%气血最大值。
少林,洗髓经,11,慧致,施展“擒龙诀”，每秒使自身基础内外功防御等级提高3%，持续10秒。
少林,洗髓经,11,独觉,“锻骨诀”施展后使自身不受外功伤害影响，持续4秒。
少林,洗髓经,12,非梵,“舍身诀”命中气血值低于50%的目标，减伤效果提高至50%。
少林,洗髓经,12,佛果,“舍身诀”效果期间，目标受到伤害有50%几率为自身回复5%气血最大值。
少林,洗髓经,12,摩咭,“无相诀”减伤效果结束时若自身气血值仍低于50%，回复自身20%气血值，并额外获得80%减伤效果，持续3秒。
藏剑,问水诀,1,烧石,“夕照雷峰”伤害提高10%。
藏剑,问水诀,1,淘尽,“夕照雷峰”会心提高10%，会心效果提高10%。
藏剑,问水诀,2,绝顶,“云飞玉皇”的伤害提高10%。
藏剑,问水诀,2,清风,“云飞玉皇”的会心几率提高10%，会心效果提高10%。
藏剑,问水诀,2,云台,“鹤归孤山”不再具备位移效果，晕眩目标时间提高2秒，伤害提高30%。
藏剑,问水诀,3,夜雨,“夕照雷峰”会心后使自身下一个“云飞玉皇”无需运功且消耗降低10点。
藏剑,问水诀,3,遥看,“夕照雷锋”可对目标半径8尺内额外4个目标造成伤害。
藏剑,问水诀,3,龙池,“听雷”会心几率提高10%，会心效果提高10%。
藏剑,问水诀,4,景行,“九溪弥烟”调息时间增加至6秒，施展九溪弥烟后，会在原地产生4尺“剑泽”效果，“剑泽”内敌对目标移动速度降低80%，持续过程中每3秒对范围内的5个目标造成一次伤害，持续18秒。
藏剑,问水诀,4,日出,“山居剑意”下“听雷”会心获得5点剑气。
藏剑,问水诀,4,夜风,“风来吴山”站立状态下伤害提高20%。
藏剑,问水诀,4,摘星,施展“平湖断月”命中运功中的目标使其眩晕3秒，减少“平湖断月”3秒调息时间并额外回复自身20点剑气。
藏剑,问水诀,5,映波锁澜,“山居剑意”下施展“听雷”命中目标后使自身下一次外功招式会心几率及招式伤害提高15%。
藏剑,问水诀,5,冰天,“云栖松”期间成功闪避后使下一次“夕照雷锋”无需运功，持续5秒。
藏剑,问水诀,5,气爽,“泉凝月”每点身法化解的伤害提高一倍。
藏剑,问水诀,5,造化,剑气低于50点施展“夕照雷锋”“云飞玉皇”，招式伤害提高25%。
藏剑,问水诀,6,雷音,“梦泉虎跑”期间，施展“听雷”可以额外触发一次伤害。
藏剑,问水诀,6,峰聚,“玉泉鱼跃”锁足时间提高2秒，每次额外回复10点剑气。
藏剑,问水诀,6,怜光,“梦泉虎跑”不再附带减伤效果，“山居剑意”下所有招式伤害提高10% 。
藏剑,问水诀,6,云体,“梦泉虎跑”期间减伤效果提高35%。
藏剑,问水诀,7,层云,“风来吴山”调息时间降低30秒，施展期间，无需自身旋转，而是使剑芒在自身当前位置维持，并可以通过“峰插云景”将其击退。
藏剑,问水诀,7,雾锁,“夕照雷锋”会心则使自身无视目标50%外功防御等级，持续5秒。
藏剑,问水诀,7,山色,“夕照雷峰”会心后回复10点剑气。
藏剑,问水诀,7,凭风,“问水诀”下施展“啸日”，自身每秒回复1%气血最大值，持续10秒。
藏剑,问水诀,8,长致,“风来吴山”剑气消耗提高到80点，“风来吴山”结束时，会形成6尺风场，风场会将周围5个玩家吹起并漂浮在空中，漂浮中的玩家不会受到任何招式影响，风场持续5秒。
藏剑,问水诀,8,梅隐香,施展“啸日”后，使自身周围20尺内的小队成员体会剑中之境，外功命中几率提高3%，外功破防提高10%，持续1分钟。
藏剑,问水诀,8,斩岳,“峰插云景”施展距离提高2尺，不再消耗剑气，成功命中目标则立刻重置“云飞玉皇”“鹤归孤山”调息时间。
藏剑,问水诀,8,厌高,“夕照雷峰”“云飞玉皇”招式会心后触发“断潮”效果的几率提升为100%。
藏剑,问水诀,9,叠泉,“泉凝月”期间，自身受到的伤害降低15%，化解量衰减速度降低一倍。
藏剑,问水诀,9,山重水复,“风来吴山”每命中一个目标减少5秒调息时间并恢复自身3%气血最大值，该效果最多作用10次。
藏剑,问水诀,9,踏雪寻梅,“问水诀”下施展“听雷”后获得1层“声趣”效果，每层效果使下一次“夕照雷峰”会心几率提高15%且不需要运功，最多叠加3层，持续12秒。
藏剑,问水诀,10,碧归,“风来吴山”不再消耗剑气，每命中一个目标回复5点剑气并使目标移动速度降低30%，持续5秒。
藏剑,问水诀,10,残雪,“莺鸣柳”持续期间额外提高自身15%基础外功攻击。
藏剑,问水诀,10,片玉,受到攻击导致自身气血值低于1%，立刻回复20%气血，并消耗自身所有剑气，每点剑气回复自身0.2%气血最大值，该效果最多150秒触发一次。
藏剑,问水诀,10,君子,“玉泉鱼跃”每成功锁足一个目标，“玉泉鱼跃”调息时间降低2秒。
藏剑,问水诀,11,如风,“问水诀”下施展“啸日”使自身加速率提高8%，持续10秒，且任何外功招式会心都会使该效果持续时间延长5秒，该效果仅在“山居剑意”下维持。
藏剑,问水诀,11,探梅,若目标为队友，解除其受到的控制效果（击倒除外）并使其3秒内免疫控制效果（被拉除外），且受到伤害降低30%，使目标威胁值提高40%，自身威胁值降低40%，同时目标和自身移动速度提高20%，持续10秒，若目标为敌人，则对目标的目标施展。<TALENT 5950 1 施展后使你和目标受到的伤害降低20%，持续8秒><TALENT 5949 1 施展后使你和目标的移动速度提高40%，持续8秒>
藏剑,问水诀,11,浮云,“风来吴山”连续命中目标5次后则会将目标武器卷飞，使目标无法使用武器，持续2秒。
藏剑,问水诀,11,月倚,“醉月”不消耗剑气，调息时间降低3秒，“山居剑意”下施展“醉月”，眩晕效果持续时间增加1秒。
藏剑,问水诀,12,乘云,“云栖松”效果期间，每次成功闪避，回复自身4%气血和5%剑气，最多作用7次。
藏剑,问水诀,12,孤鸾,“风来吴山”会心几率提高10%，会心效果提高10%。
藏剑,问水诀,12,辟寒,“泉凝月”每提前1秒消失，技能调息时间降低0.5秒。
藏剑,问水诀,12,松舍问霞,重击20尺内的敌对目标，对其造成200%武器伤害外加<SUB 14911 1>外功伤害，若目标距离自身8尺外则附带冲刺效果，命中高度高于8尺的目标时，造成伤害提高20%并将其直接击落，若成功击落目标，可在3秒内施展“松舍问霞·跃”追击攻击目标。<TALENT 5957 1 伤害提高10%>
明教,焚影圣诀,1,无幽不烛,“赤日轮”、“幽月轮”的伤害提高10%。
明教,焚影圣诀,1,腾焰飞芒,“烈日斩”“银月斩”会心几率提高10%，会心效果提高10%。
明教,焚影圣诀,1,血泪成悦,造成伤害的10%转化为自身气血。
明教,焚影圣诀,2,日月凌天,“赤日轮”、“幽月轮”获得的日灵、月魂提高20%。
明教,焚影圣诀,2,无往不复,“烈日斩”、“银月斩”会心后获得的日灵、月魂提高50%。
明教,焚影圣诀,2,净身明礼,“烈日斩”“银月斩”命中目标，对目标周围6尺的5个目标造成伤害。该伤害不会受到“烈日斩”“银月斩”秘籍的影响。
明教,焚影圣诀,3,燎原烈火,消耗满日或满月后，移动速度提高40%，持续8秒。
明教,焚影圣诀,3,洞若观火,“银月斩”“烈日斩”伤害提高15%，消耗“满日”后立即对周围8尺的5个目标造成阳性内功伤害，消耗“满月”则造成阴性内功伤害。
明教,焚影圣诀,3,镇魔极道,“贪魔体”效果消失可对自身周围8尺范围内的敌对目标造成少量伤害并眩晕2秒。“明尊琉璃体”下同时强制目标攻击自身，持续2秒。
明教,焚影圣诀,4,无明业火,在目标背后施展伤害招式则自身会心几率提高10%，会心效果提高10%。
明教,焚影圣诀,4,光影,施展“幻光步”，解除自身“无法施展内功招式”效果影响，并不会受到此效果影响，持续3秒。
明教,焚影圣诀,4,善法肉身,“净世破魔击·日”的范围扩大到360度，范围扩大到15尺；“净世破魔击·月”可以解除自身锁足减速不利效果，冲向15尺的敌人，并眩晕目标2秒。
明教,焚影圣诀,4,无间影狱,施展“流光囚影”后使敌对目标锁足3秒。
明教,焚影圣诀,5,明光恒照,在目标背后施展“赤日轮”或“幽月轮”命中目标后，将获得“明光”气劲，每层提高阴性基础攻击力、阳性基础攻击力4%，最多叠加6层，持续30秒。
明教,焚影圣诀,5,恶秽满路,“驱夜断愁”在目标背后施展时，使目标无法使用轻功，持续3秒。
明教,焚影圣诀,5,烈血灼芒,施展“暗尘弥散”，使自身下一个“驱夜断愁”标记目标玩家，持续6秒，结束后对目标造成标记期间受到伤害的20%的额外伤害。
明教,焚影圣诀,5,业海罪缚,“驱夜断愁”在目标背后施展时，造成伤害的50%转化为自身气血。
明教,焚影圣诀,6,辉耀红尘,净世破魔击·日：命中目标后有100%几率使目标灼烧，每2秒造成一定阳性内功伤害，持续10秒。\n净世破魔击·月：命中目标后获得20点日灵、月魂。
明教,焚影圣诀,6,秽身浴露,“贪魔体”施展后清除自身所有混元、阳性、阴性、毒性及持续伤害不利效果，效果期间每秒回复3%气血。
明教,焚影圣诀,6,贪魔伐罪,“贪魔体”的减伤效果减少到40%，充能时间降低10秒，效果期间每0.6秒对周围8尺范围的5个目标造成<SUB 6737 1>阴性内功伤害，若在“明尊琉璃体”内功下，强制目标攻击自身。
明教,焚影圣诀,6,秽孽如形,“驱夜断愁”在目标背后施展时，立刻降低“怖畏暗刑”6秒调息时间。
明教,焚影圣诀,7,日月同辉,在目标背后施展“赤日轮”或者“幽月轮”命中后，有100%几率获得“日月灵魂”气劲，最多叠加6层，持续15秒。叠满6层后明教进入“日月同辉”状态，在此状态下，“净世破魔击”伤害提高30%，消耗满日后将立即获得满月，消耗满月后将立即获得满日，此效果只生效2次。
明教,焚影圣诀,7,超凡入圣,施展“驱夜断愁”后使下一次“净世破魔击”伤害提高20%。
明教,焚影圣诀,7,极本溯源,“贪魔体”效果期间自身移动速度提高30%，“贪魔体”效果消失时重置“流光囚影”的调息时间。
明教,焚影圣诀,7,善恶如梦,施展“生死劫”，同时使目标受到“生死劫·日”和“生死劫·月”的效果。
明教,焚影圣诀,8,用晦而明,在目标背后施展“净世破魔击”“驱夜断愁”，无视目标50%的内功防御。
明教,焚影圣诀,8,明齐日月,施展“光明相”在自身范围内生成8尺“羁影”效果，效果持续期间范围内自身被命中的几率降低35%，最多4名敌对玩家目标招式命中降低35%且持续期间视觉会产生影响，效果持续6秒。
明教,焚影圣诀,8,清净众生,“暗尘弥散”调息时间降低5秒，重伤玩家目标后立刻重置技能调息时间。
明教,焚影圣诀,8,幽隐尘迹,“净世破魔击·日”无视命中目标数量，直接造成最大伤害。
明教,焚影圣诀,9,天地诛戮,施展“驱夜断愁”后自身的内功基础攻击提高20%，造成伤害的10%转化成自身气血，持续20秒。
明教,焚影圣诀,9,火舞长空,“贪魔体”效果消失时，自身受到的伤害降低40%，持续4秒。
明教,焚影圣诀,9,圣法光明,“光明相”施展后获得“圣法光明”气劲，持续10秒。每秒解除自身控制效果，若成功解除，则自身下次攻击附带该效果。
明教,焚影圣诀,9,生灭予夺,立刻重置“御暗烬灭令”套路下所有其他招式的调息时间，并使自身<BUFF 4056 0 desc>，持续<BUFF 4056 0 time>。<TALENT 5973 1 伤害招式命中后生灭予夺的调息时间减少1秒，最多降低30秒>
明教,焚影圣诀,10,秘影诡行,“幻光步”变为瞬间释放，并可解除自身受控状态(击倒除外)，并使自身免疫控制(击退和被拉除外)，持续3秒。
明教,焚影圣诀,10,降灵尊,“暗尘弥散”状态下每秒提高3%会心几率，最多叠加5层，解除隐身状态后每2秒消失一层效果。
明教,焚影圣诀,10,寂灭劫灰,“驱夜断愁”对40%血量以下的目标伤害提高30%。
明教,焚影圣诀,10,极乐引,将自身周围10尺范围内最多6个敌对目标拉至身边，在“焚影圣诀”下使其眩晕4秒。在“明尊琉璃体”下，强制敌人攻击自身，持续4秒，并使自身造成的威胁值提高100%，周围30尺范围内所有团队成员获得无威胁气劲，持续6秒。<TALENT 6011 1 每命中1个目标自身受到的伤害降低10%，持续5秒，最多叠加5层><TALENT 6010 1 为30尺范围的团队成员回复5%的气血值>
明教,焚影圣诀,11,万念俱寂,“驱夜断愁”调息时间增加至6秒，无需隐身状态，可直接施展，获得日灵月魂降低为20点。
明教,焚影圣诀,11,自明及晦,“暗尘弥散”调息时间降低5秒，战斗状态下隐身持续时间增加2秒。
明教,焚影圣诀,11,劳心忡寿,若战斗状态提前解除“暗尘弥散”效果，每提前一秒，使技能调息时间降低3秒。
明教,焚影圣诀,11,伏明众生,日灵高于60点方可施展，日灵满足要求则进入“日盈”状态，“日盈”状态结束后，将扣除所有日灵；\“日盈”状态持续过程中，每2秒将在自身位置产生一个日影，日影出现后将施展一次“日盈”并消失，“日盈”可对前方180度的6尺扇形区域内最多6个目标造成<SUB 18627 1>点阳性内功伤害，并将伤害的10%转换为自身气血，“日盈”状态持续6秒。
明教,焚影圣诀,12,日月齐光,施展“赤日轮”后下一个“幽月轮”伤害提高35%并额外获得20点月魂，施展“幽月轮”后下一个“赤日轮”伤害提高35%并额外获得20点日灵。
明教,焚影圣诀,12,驱夷逐法,施展“净世破魔击·日”时，若月魂高于60点，则“净世破魔击·日”伤害提高60%，施展“净世破魔击·月”时，若日灵高于60点，则“净世破魔击·月”伤害提高60%，施展完毕后会清空所有的日灵、月魂。
明教,焚影圣诀,12,法业朝晖,“无明魂锁”距离提高到12尺，命中玩家目标，自身日灵、月魂立刻恢复20点，效果期间目标受到攻击不会直接苏醒，但目标血量越低，苏醒的几率越大。
明教,焚影圣诀,12,冥月渡心,月魂高于60点方可施展，月灵满足要求则进入“暗步”状态，“暗步”状态结束后，将扣除所有月魂；\“暗步”状态持续过程中，每2秒进入一次“暗尘弥散”状态并移动至12尺目标的背后，并立刻重置“驱夜断愁”调息时间，“暗步”状态持续6秒。
明教,明尊琉璃体,1,食肉众生,“赤日轮”“幽月轮”招式造成的威胁值提高10%。
明教,明尊琉璃体,1,圣光明,“烈日斩”“银月斩”招式产生的威胁提高30%。
明教,明尊琉璃体,1,血泪成悦,造成伤害的50%转化为自身气血。
明教,明尊琉璃体,2,日月凌天,“赤日轮”、“幽月轮”获得的日灵、月魂提高20%。
明教,明尊琉璃体,2,慈悲心,“慈悲愿”调息时间降低5秒。
明教,明尊琉璃体,2,净身明礼,“烈日斩”“银月斩”命中目标，对目标周围6尺的5个目标造成伤害。该伤害不会受到“烈日斩”“银月斩”秘籍的影响。
明教,明尊琉璃体,3,寂灭,“慈悲愿”使目标附带“寂灭”不利效果，每次被伤害招式命中使攻击者恢复1%气血。
明教,明尊琉璃体,3,归寂无息,“慈悲愿”可以对目标6尺范围内最多6个目标生效。
明教,明尊琉璃体,3,镇魔极道,“贪魔体”效果消失可对自身周围8尺范围内的敌对目标造成少量伤害并眩晕2秒。“明尊琉璃体”下同时强制目标攻击自身，持续2秒。
明教,明尊琉璃体,4,涅槃路,每闪避一次目标攻击，降低自身“朝圣言”“光明相”5秒的调息时间，该效果3秒内最多触发一次。
明教,明尊琉璃体,4,无明业火,消耗满日或满月后，对周围8尺范围内最多5个目标造成大量阳性内功伤害，并附带大量威胁。
明教,明尊琉璃体,4,圣火燃心,消耗满日或满月后，恢复自身5%气血值。
明教,明尊琉璃体,4,月尽天明,招式造成阴性或阳性伤害时，朝圣言的调息时间降低1秒。
明教,明尊琉璃体,5,归寂道,“光明相”效果持续期间下一个“净世破魔击”命中目标使目标招式伤害减少20%，持续12秒。
明教,明尊琉璃体,5,超凡入圣,基础气血最大值提高10%，被疗伤成效提高10%。
明教,明尊琉璃体,5,知我罪我,“幻光步”落地时，立即眩晕周围8尺的6个目标。在“明尊琉璃体”内功下，额外造成强制周围目标攻击自己的效果。
明教,明尊琉璃体,5,性命海,施展“光明相”使自身气血上限提高60%，受到的疗伤成效提高40%，持续10秒。
明教,明尊琉璃体,6,折冲厌难,“净世破魔击”威胁值提高15%，施展后恢复5%气血值。
明教,明尊琉璃体,6,秽身浴露,“贪魔体”施展后清除自身所有混元、阳性、阴性、毒性及持续伤害不利效果，效果期间每秒回复3%气血。
明教,明尊琉璃体,6,贪魔伐罪,“贪魔体”的减伤效果减少到40%，充能时间降低10秒，效果期间每0.6秒对周围8尺范围的5个目标造成<SUB 6737 1>阴性内功伤害，若在“明尊琉璃体”内功下，强制目标攻击自身。
明教,明尊琉璃体,6,极乐引,将自身周围10尺范围内最多6个敌对目标拉至身边，在“焚影圣诀”下使其眩晕4秒。在“明尊琉璃体”下，强制敌人攻击自身，持续4秒，并使自身造成的威胁值提高100%，周围30尺范围内所有团队成员获得无威胁气劲，持续6秒。<TALENT 6011 1 每命中1个目标自身受到的伤害降低10%，持续5秒，最多叠加5层><TALENT 6010 1 为30尺范围的团队成员回复5%的气血值>
明教,明尊琉璃体,7,纵遇善缘,施展“生死劫”，抵挡1次伤害，持续6秒，若自身气血值低于40%，则额外获得一次效果。
明教,明尊琉璃体,7,极本溯源,消耗满日后，使自身的外功基础防御等级提高15%，持续10秒。
明教,明尊琉璃体,7,除荡旷劫,消耗满月后，使自身的内功防御等级提高15%，持续10秒。
明教,明尊琉璃体,7,秘影诡行,“幻光步”变为瞬间释放，并可解除自身受控状态(击倒除外)，并使自身免疫控制(击退和被拉除外)，持续3秒。
明教,明尊琉璃体,8,辟滞扈沙,自身气血值低于50%，受到攻击伤害超过自身气血最大值30%，则该次伤害降低20%。
明教,明尊琉璃体,8,极乐普渡,被伤害招式命中有100%的几率使自身闪躲提高0.5%，可叠加5层，持续20秒。
明教,明尊琉璃体,8,妙镜惊寂,被伤害招式命中后有100%几率使自身加速率提高2%，可叠加5层，持续20秒。
明教,明尊琉璃体,8,忏罪归清,受到伤害则使自身御劲提高5%，持续8秒。
明教,明尊琉璃体,9,斩火,施展“戒火斩”，使自身招式产生的威胁值提高2%，持续15秒，可叠加5层。
明教,明尊琉璃体,9,孤月无心,满月状态下施展“光明相”可将自身内功防御属性转换为外功防御属性，满日状态施展“光明相”可将自身外功防御属性转换为内功防御属性，持续8秒。
明教,明尊琉璃体,9,破死忘生,每次成功闪避后使自身回复5%气血最大值，该效果1秒内最多触发一次。
明教,明尊琉璃体,9,渡厄力,为自身周围8尺范围内最多10个团队成员添加一层护盾，可化解2859点伤害，并可额外化解相当于该团队成员15%气血最大值的伤害，持续10秒。<TALENT 4010 1 每点体质可额外化解3点伤害，该效果只对自己生效><TALENT 6003 1 每点体质可额外化解3点伤害，该效果只对自己生效><TALENT 6004 1 化解伤害的比例提高到15%>
明教,明尊琉璃体,10,日月同辉,被伤害招式命中，有10%几率使自身进入“日月同辉”状态，消耗满日后将立即获得满月，消耗满月后将立即获得满日，此效果只生效2次。此效果每20秒最多触发一次。
明教,明尊琉璃体,10,光明心,施展“光明相”立刻为目标回复20%气血值，并使其每秒恢复4%气血值，持续6秒。
明教,明尊琉璃体,10,火舞长空,“贪魔体”效果消失时，自身受到的伤害降低40%，持续4秒。
明教,明尊琉璃体,10,伐魔忏罪,"当自身气血值低于40%时，受到伤害后立刻重置“贪魔体”的调息时间，并使自身每秒回复8%气血最大值，持续5秒,该效果每3分钟最多触发一次。"
明教,明尊琉璃体,11,无量妙境,消耗满日、满月后立即获得10点日灵、月魂。
明教,明尊琉璃体,11,华彩若英,战斗状态下自身气血值每降低10%，基础闪避率提高2%。
明教,明尊琉璃体,11,宿角生辉,“慈悲愿”闪避效果降低至15%，持续10秒，效果期间自身威胁值提高30%。
明教,明尊琉璃体,11,殇未悔,“慈悲愿”闪避几率提高至60%。
明教,明尊琉璃体,12,流沙渡,“朝圣言”施展时会消耗掉所有日灵、月魂，每2点日灵或月魂将降低1秒“朝圣言”调息时间。
明教,明尊琉璃体,12,圣浴明心,“朝圣言”效果期间不再为团队成员回复气血值，但是基础攻击力提升效果提高至30%且附带无威胁气劲。
明教,明尊琉璃体,12,耀火生瑞,“朝圣言”效果期间团队成员不再获得基础攻击力提升效果，但是受到的所有伤害降低30%。
明教,明尊琉璃体,12,心火叹,消耗一次满日和满月后方可施展，立刻攻击目标造成大量威胁值，并使自身吸收下一次受到的伤害效果，最多不超过自身气血最大值的20%。
五毒,毒经,1,尻尾,“蝎心”伤害提高10%。
五毒,毒经,1,生发,所有宠物的技能调息时间降低20%。
五毒,毒经,2,圣涌,当宠物存在时，你受到的伤害降低10%。
五毒,毒经,2,无常,“蝎心”会心提高10%，会心效果提高10%。
五毒,毒经,2,食髓,灵蛇的“幻击”会使你的“蛇影”立刻生效。
五毒,毒经,3,随风,“百足”调息时间降低2秒，伤害提高15%。
五毒,毒经,3,黯影,所有持续伤害提高20%。
五毒,毒经,3,离争,宠物受到的伤害降低60%，毒性内功招式命中目标后，都能恢复当前宠物7%气血最大值。宠物免疫控制。
五毒,毒经,3,寒蟾,“玉蟾”施展“蟾躁”后立即回复“玉蟾”20%气血最大值，并持续对周围目标造成大量威胁持续5秒。
五毒,毒经,4,凄切,宠物攻击目标，则自身恢复3%最大气血值和内力值。
五毒,毒经,4,蛛魄,“千丝”调息增加10秒，可对目标范围释放，释放后从天而降一个巨大的蜘蛛，并吐出一个半径7尺的蛛网，范围内敌对目标移动速度降低60%，并且无法施展轻功，持续4秒，4秒后蜘蛛自爆，对7尺范围内敌对目标造成<SUB 21821 0>毒性伤害，网内的目标会被拉向蛛网中心并封轻功4秒。
五毒,毒经,4,虫兽,当宠物存在时，自身毒性内功基础攻击力提高10%，疗伤效果提高10%。
五毒,毒经,4,祭灵,施展“蛊虫献祭”后立即重置所有宠物技能调息时间。
五毒,毒经,5,蟾啸,“蟾啸”立刻对当前目标造成大量毒性伤害。
五毒,毒经,5,蛇眼,“蛇影”命中携带“灵蛊”的目标，使其周围6尺范围内4个目标也受到“蛇影”不利效果。
五毒,毒经,5,桃僵,施展“灵蛊”则恢复自身20%内力最大值。
五毒,毒经,5,蝎毒,“圣蝎”每攻击一次目标则减少【驭虫奇术】套路下技能调息时间2秒。
五毒,毒经,6,不鸣,“蝎心”命中“灵蛊”效果目标伤害提高30%，并回复宠物5%气血最大值。
五毒,毒经,6,活祭,当宠物死亡时，对周围6尺内最多5个敌方目标造成中等毒性内功伤害，并无法受到疗伤效果，持续2秒。
五毒,毒经,6,枭泣,当宠物死亡时，给予宠物周围15尺内最多5个友方目标一个护盾，可以吸收2000点加自身最大气血值10%的伤害，持续10秒。
五毒,毒经,6,盟誓,施展“蛊虫献祭”后立刻重置“百足”调息时间。
五毒,毒经,7,尾后针,“灵蛇”存在期间，小队内功基础攻击提高10%。
五毒,毒经,7,毒手,“玄水蛊”可以对20尺内的敌方玩家施种，效果持续期间自身受到的40%伤害将由敌方玩家承担，目标死亡则效果消失。
五毒,毒经,7,点苍,施展“玄水蛊”使宠物当前气血及气血最大值提高50%，且宠物承担的伤害增加至70%。
五毒,毒经,8,善友,“圣蝎”存在期间，小队技能调息速度提高10%。
五毒,毒经,8,浮身,施展“风蜈”主动技能“影滞”时使周围20尺小队成员移动速度提高30%，持续6秒。
五毒,毒经,8,祭礼,“蛊虫献祭”或宠物死亡时重置宠物的调息时间。“蛊虫献祭”的内力消耗降低100%。
五毒,毒经,8,固灵,“百足”持续效果作用间隔缩短1秒，总持续时间保持不变。
五毒,毒经,9,玉身,“玉蟾”存在期间，小队受到的伤害降低10%。
五毒,毒经,9,蛊影,“灵蛊”可对自身或友方目标释放，使其免疫控制（击退和被拉除外），受到的伤害降低30%，持续4秒。
五毒,毒经,9,分澜,施展“灵蛇引”，小队内功基础攻击提高15%，持续12秒。
五毒,毒经,10,缠心,“天蛛”存在期间，小队成员受到攻击有10%几率使目标定身2秒。
五毒,毒经,11,灵犀,“风蜈”存在期间，小队移动速度提高15%。
五毒,毒经,11,啖灵,所有宠物伤害提高40%。
五毒,毒经,11,曳光,施展“蛊虫献祭”后，使自身受到的伤害降低40%，持续4秒。
五毒,毒经,11,散影,“化蝶”后自身受到的伤害效果降低40%，持续6秒。
五毒,毒经,12,封丘,宠物命中“夺命蛊”目标，宠物伤害提高200%，且宠物移动速度提高50%。
五毒,毒经,12,引魂,“玉蟾引”“天蛛引”“圣蝎引”“风蜈引”“灵蛇引”的调息时间降低15秒。
五毒,毒经,12,乱絮,“化蝶”变成2层充能效果，充能时间30秒。
五毒,毒经,12,蚀心蛊,使目标不受控制，并随机攻击周围敌方目标，作用期间目标移动速度提高50%，受到的伤害降低50%，持续6秒。若对队友施展，则持续时间减半。
五毒,补天诀,1,冰体,生效的额外目标数量提高2个且疗伤成效不再减半。
五毒,补天诀,1,清霜,“醉舞九天”治疗成效提高10%，作用范围提高2尺。
五毒,补天诀,1,柔丝,“冰蚕牵丝”不再对额外的目标生效，但疗伤效果提高50%。
五毒,补天诀,2,圣涌,当宠物存在时，你受到的伤害降低10%。
五毒,补天诀,2,仁心,“冰蚕牵丝”疗伤效果提高10%。
五毒,补天诀,2,圣手,“圣手织天”疗伤效果提高20%。
五毒,补天诀,3,织雾,“圣手织天”减伤效果提高15%，减伤效果延长1秒。
五毒,补天诀,3,离争,宠物受到的伤害降低60%，毒性内功招式命中目标后，都能恢复当前宠物7%气血最大值。宠物免疫控制。
五毒,补天诀,3,寒蟾,“玉蟾”施展“蟾躁”后立即回复“玉蟾”20%气血最大值，并持续对周围目标造成大量威胁持续5秒。
五毒,补天诀,4,冰蚕诀,宠物死亡后使主人下3次“冰蚕牵丝”治疗成效提高30%，无需运功。
五毒,补天诀,4,冰丝,施展“冰蚕牵丝”，使自身急速提高3%，持续18秒，可叠加3层。
五毒,补天诀,4,虫兽,当宠物存在时，自身毒性内功基础攻击力提高10%，疗伤效果提高10%。
五毒,补天诀,4,祭灵,施展“蛊虫献祭”后立即重置所有宠物技能调息时间。
五毒,补天诀,5,蝶戏水,“千蝶吐瑞”治疗量提高20%，在施放过程中若累积治疗同一个目标2次，将为该目标添加效果，使受到的伤害降低35%，持续6秒。
五毒,补天诀,5,蝶息,“千蝶吐瑞”调息时间降低30秒，每命中一个目标，为自身回复3%内力值。
五毒,补天诀,5,桃僵,施展“灵蛊”则恢复自身20%内力最大值。
五毒,补天诀,5,蝎毒,“圣蝎”每攻击一次目标则减少【驭虫奇术】套路下技能调息时间2秒。
五毒,补天诀,6,渊兮,“女娲补天”调息时间降低至30秒，招式效果持续时间降低至8秒。
五毒,补天诀,6,活祭,当宠物死亡时，对周围6尺内最多5个敌方目标造成中等毒性内功伤害，并无法受到疗伤效果，持续2秒。
五毒,补天诀,6,枭泣,当宠物死亡时，给予宠物周围15尺内最多5个友方目标一个护盾，可以吸收2000点加自身最大气血值10%的伤害，持续10秒。
五毒,补天诀,6,尾后针,“灵蛇”存在期间，小队内功基础攻击提高10%。
五毒,补天诀,7,毒手,“玄水蛊”可以对20尺内的敌方玩家施种，效果持续期间自身受到的40%伤害将由敌方玩家承担，目标死亡则效果消失。
五毒,补天诀,7,纳精,“醉舞九天”增加1跳。
五毒,补天诀,7,点苍,施展“玄水蛊”使宠物当前气血及气血最大值提高50%，且宠物承担的伤害增加至70%。
五毒,补天诀,7,守一,“圣手织天”命中目标后使自身免疫封内和打断效果，持续4秒。
五毒,补天诀,8,飞天,“醉舞九天”会心提高10%且只对队友生效。
五毒,补天诀,8,风身,“女娲补天”状态下被定身、眩晕后，每受到一次攻击，将有90%几率去除这些控制效果。
五毒,补天诀,8,祭礼,“蛊虫献祭”或宠物死亡时重置宠物的调息时间。“蛊虫献祭”的内力消耗降低100%。
五毒,补天诀,8,决灵,“女娲补天”移动速度提高20%，且基础疗伤成效提高至100%。
五毒,补天诀,9,玉身,“玉蟾”存在期间，小队受到的伤害降低10%。
五毒,补天诀,9,良兽,“玄水蛊”效果期间，若为自身承受伤害的目标未死亡，则效果结束后降低10秒“玄水蛊”调息时间。
五毒,补天诀,9,噬蛊,“灵蛊”调息时间增加10秒，可对自身或友方目标释放使其免疫控制（击退和被拉除外），持续5秒。
五毒,补天诀,10,无惑,“蛊惑众生”调息时间降低10秒，可对自身施展，对携带“蛊惑众生”生息蛊的目标施展疗伤招式，有50%几率使目标立即获得一次额外的疗伤效果。
五毒,补天诀,10,承华,“碧蝶”的主动技能，“蝶鸾”能额外驱散一个不利效果。
五毒,补天诀,11,织心,“圣手织天”命中气血值低于50%的目标，调息时间降低5秒。
五毒,补天诀,11,辟寒,施展“化蝶”后，立刻对半径15尺内最多5个目标造成一次大量治疗效果并提高30%的移动速度，持续8秒。
五毒,补天诀,11,曳光,施展“蛊虫献祭”后，使自身受到的伤害降低40%，持续4秒。
五毒,补天诀,11,散影,“化蝶”后自身受到的伤害效果降低40%，持续6秒。
五毒,补天诀,12,争簇,“千蝶吐瑞”命中气血值低于40%的目标，额外造成40%治疗效果。
五毒,补天诀,12,采珍,施展“蛊虫献祭”后立刻重置“圣手织天”“蛊惑众生”调息时间。
五毒,补天诀,12,乱絮,“化蝶”变成2层充能效果，充能时间30秒。
五毒,补天诀,12,迷仙引梦,在自身20尺范围内放置一个苗疆圣物，圣物会逐渐成长，成长过程中每2秒为半径20尺范围内最多10名友方目标恢复<SUB 15134 0>气血及3%内力值，持续时间20秒，持续时间越久，圣物疗伤效果越高。
七秀, 冰心诀,1,伤春,“玳弦急曲”伤害提高10%。
七秀, 冰心诀,1,青梅嗅,“玳弦急曲”会心几率提高10%，会心效果提高10%。
七秀, 冰心诀,1,明妃,剑舞状态下自身每3秒回复3%的内力，并使周围10尺内的小队成员伤害的4%转化为自身内力。
七秀, 冰心诀,2,玉素,“江海凝光”对目标周围8尺的额外5个目标造成伤害，并使其身上的“急曲”效果立即生效。
七秀, 冰心诀,2,千里冰封,“剑破虚空”会心几率提高10%，会心效果提高10%，会心后使自身回复25%的内力值。
七秀, 冰心诀,2,惊寒,“江海凝光”“剑气长江”伤害提高25%。
七秀, 冰心诀,3,珑韵,“玳弦急曲”立即造成一次少量伤害，运功不被打退，能够对目标周围8尺范围内的额外5个目标造成伤害。
七秀, 冰心诀,3,新妆,“玳弦急曲”每0.8秒造成一次伤害，每跳附带35%额外伤害，不再附带急曲效果，持续2.4秒。
七秀, 冰心诀,3,倾城,每层剑舞使自身受到的伤害降低1%，移动速度增加1%。
七秀, 冰心诀,3,剑转流云,卸除目标阴性、混元性、阳性、毒性内功气劲各两个。
七秀, 冰心诀,4,青梅,急曲持续伤害效果提高10%。
七秀, 冰心诀,4,春辞,受控状态下自身受到的所有伤害降低15%。
七秀, 冰心诀,4,初熟,“天地低昂”施展后立即回复15%气血并额外附带10%减伤效果。
七秀, 冰心诀,5,枕上,“玳弦急曲”会心后，自身加速率提高1%，持续15秒，可叠加5层。
七秀, 冰心诀,5,雾雨,“繁音急节”施展后，“雾雨”效果时间延长6秒。
七秀, 冰心诀,5,灼桃,“剑气长江”命中附带“急曲”的目标时，每层“急曲”为该次“剑气长江”增加8%的会心和8%的会心效果。
七秀, 冰心诀,5,镜花,对目标施展“水榭花盈”后，每踩踏一个目标或者跳跃至目标身旁时，“云裳心经”下使自身6尺范围友方单位回复气血值<SUB 21713 0>，“冰心诀”下对自身6尺范围敌方目标造成<SUB 21715 0>阴性内功伤害，并附带一层“急曲”效果。
七秀, 冰心诀,6,生莲,“剑破虚空”不再对周围造成伤害，但是对当前目标的伤害提高25%。
七秀, 冰心诀,6,长依,“剑破虚空”能够额外命中4个目标，调息时间降低5秒，不再附带无法施展内功和轻功招式效果。
七秀, 冰心诀,6,寒雨,“水榭花盈”对目标及踩踏的目标，定身5秒，并使其封轻功4秒。
七秀, 冰心诀,6,阴日,“江海凝光”命中有自身满层“急曲”不利效果的目标，额外造成100%的伤害。
七秀, 冰心诀,7,望舒,“玳弦急曲”命中带有“急曲”效果的目标，有一定几率额外造成一次伤害。
七秀, 冰心诀,7,成玉,“剑影留痕”成功击退目标使目标获得的“急曲”效果会心几率提高50%。
七秀, 冰心诀,7,两生,受到攻击若自身气血值低于40%，则自身闪避几率提高40%，持续5秒，每1分钟触发1次。
七秀, 冰心诀,7,飞竹,对20尺内目标施展“水榭花盈”，自身免疫控制（击退和被拉除外），受到伤害降低20%，持续8秒。
七秀, 冰心诀,8,元君,伤害招式命中气血值低于50%的目标，技能会心几率提高10%，会心效果提高10%。
七秀, 冰心诀,8,夜华,“剑气长江”有30%几率使目标获得一层“急曲”效果并重置“剑气长江”调息时间。
七秀, 冰心诀,8,悲秋,“帝骖龙翔”的调息时间降低20秒，作用范围提高2尺。
七秀, 冰心诀,9,霜风,基础根骨、体质提高10%，被疗伤成效提高10%。
七秀, 冰心诀,9,冥泽,若自身气血值低于1%，解除自身控制效果并使自身闪避几率提高100%，受到内功攻击降低100%，持续3秒，该效果最多每3分钟触发1次。
七秀, 冰心诀,9,丰年,闪避几率提高10%，成功闪避后回复两层剑舞，该效果最多1秒触发一次。
七秀, 冰心诀,9,缠竹,自身“急曲”伤害效果被卸除后，每层“急曲”效果使驱散者1.5秒内无法施展内功招式，无法施展轻功招式，最多叠加4.5秒。
七秀, 冰心诀,10,朝露,每层剑舞提高自身1%阴性基础攻击力。
七秀, 冰心诀,10,耐夜,“蝶弄足”充能时间降低20秒，施展后向前疾奔30尺，“冰心诀”使路径上的10个目标附带“急曲”效果，“云裳心经”下回复自身10%气血。
七秀, 冰心诀,10,音韵,施展“蝶弄足”使自身免疫控制效果（被拉除外），持续5秒。
七秀, 冰心诀,10,繁姿,阴性招式会心后，自身回复1.5%气血值。
七秀, 冰心诀,11,玉骨,施展“鹊踏枝”，使自身受到的内功伤害降低50%，持续6秒。
七秀, 冰心诀,11,夜天,“剑气长江”会心后自身下一个招式伤害提高20%。
七秀, 冰心诀,11,飞袂,“水榭花盈”对其他目标释放时，调息时间降低20秒；“鹊踏枝”充能时间降低20秒。
七秀, 冰心诀,11,焕颜,“繁音急节”施展后获得的内功攻击力和疗伤成效效果提高至45%。
七秀, 冰心诀,12,霜降,每层“急曲”效果使目标受到的“玳弦急曲”伤害提高10%，该效果不受其他奇穴效果加成。
七秀, 冰心诀,12,清涓,每层“剑舞”使周围10尺内的队友内功破防等级提高2.5%。
七秀, 冰心诀,12,轻妒,“繁音急节”持续时间降低至15秒，为2层充能技能，60秒充能时间。
七秀, 冰心诀,12,霜天剑泠,释放剑气攻击，使目标获得一层“急曲”效果，每0.25秒对目标造成<SUB 21170 0>阴性内功伤害，持续3秒。目标离开自身15尺则挣脱剑气攻击，若3秒内目标未挣脱，则在效果结束后对目标造成<SUB 21173 0>阴性内功伤害并附带一层“急曲”效果，且降低自身“水榭花盈”15秒的调息时间。
七秀,云裳心经,1,香蕊,“回雪飘摇”会心几率提高10%，会心效果提高10%。
七秀,云裳心经,1,冰华,“回雪飘摇”不会被打退，治疗效果提高10%。
七秀,云裳心经,1,朝露,“上元点鬟”每跳回复目标0.75%的内力并回复自身4%内力，自身内力回复效果同一时间只受一个“上元点鬟”影响。
七秀,云裳心经,2,盛夏,疗伤招式命中携带“翔舞”的目标，有30%几率刷新“翔舞”效果并使目标周围10尺内的3个团队成员获得“翔舞”效果。
七秀,云裳心经,2,双鸾,“翔鸾舞柳”“上元点鬟”施展后立即回复目标中量气血值。
七秀,云裳心经,2,点绛唇,需“名动四方”触发的剑舞状态，消耗所有“剑舞”守护30尺内的小队成员，驱散目标身上阳性、阴性、混元性、毒性内功不利效果各两个，并每0.5秒使其气血值回复<SUB 21723 0>。自身进入“霓裳”状态，免疫控制效果（击退和被拉除外），持续8秒。在“霓裳”状态结束前无法重新开启剑舞。
七秀,云裳心经,3,枕上,持续疗伤效果的疗伤成效提高15%。
七秀,云裳心经,3,辞致,“王母挥袂”立即为目标周围8尺内5个友方目标回复气血值。
七秀,云裳心经,3,倾城,每层剑舞使自身受到的伤害降低1%，移动速度增加1%。
七秀,云裳心经,3,承清,施展“名动四方”后，可施展二段技能“雨霖铃”。
七秀,云裳心经,4,莫辞,“王母挥袂”调息时间降低2秒，会心几率和会心效果提高15%。
七秀,云裳心经,4,瑰姿,“回雪飘摇”每0.8秒造成一次治疗成效，持续2.4秒。
七秀,云裳心经,4,春辞,受控状态下自身受到的所有伤害降低15%。
七秀,云裳心经,4,丰年,闪避几率提高10%，成功闪避后回复两层剑舞，该效果最多1秒触发一次。
七秀,云裳心经,5,乞巧,疗伤招式会心后，基础疗伤成效提高3%，可以叠加5层，持续10秒。
七秀,云裳心经,5,雾雨,“繁音急节”施展后，“雾雨”效果时间延长6秒。
七秀,云裳心经,5,冰肌,“天地低昂”变为2层充能技能。
七秀,云裳心经,5,镜花,对目标施展“水榭花盈”后，每踩踏一个目标或者跳跃至目标身旁时，“云裳心经”下使自身6尺范围友方单位回复气血值<SUB 21713 0>，“冰心诀”下对自身6尺范围敌方目标造成<SUB 21715 0>阴性内功伤害，并附带一层“急曲”效果。
七秀,云裳心经,6,晚阳,目标身上每存在一个属于自身的持续疗伤效果，“回雪飘摇”的疗伤效果提高25%。
七秀,云裳心经,6,散余霞,“回雪飘摇”能够对目标周围8尺内的额外2个目标作用。
七秀,云裳心经,6,秋月,“王母挥袂”变为充能技能，充能时间11秒。
七秀,云裳心经,6,初熟,“天地低昂”施展后立即回复15%气血并额外附带10%减伤效果。
七秀,云裳心经,7,晚晴,“风袖低昂”使“翔舞”效果生效时，为目标周围8尺范围最多5个目标回复气血值，并附带“翔舞”效果。
七秀,云裳心经,7,心问,“风袖低昂”附带的“天地低昂”效果期间，目标的被疗伤成效提高20%。
七秀,云裳心经,7,两生,受到攻击若自身气血值低于40%，则自身闪避几率提高40%，持续5秒，每1分钟触发1次。
七秀,云裳心经,7,飞萍,“雷霆震怒”施展距离提高8尺，且调息时间降低30秒，若命中但未能成功眩晕目标，则使目标封轻功10秒。
七秀,云裳心经,8,棠梨,“鹊踏枝”效果期间闪避后立即回复自身5%气血、内力最大值，并减少“风袖低昂”1秒调息时间。
七秀,云裳心经,8,碎冰,疗伤目标血量低于50%，自身的会心几率提高5%，会心效果提高5%，持续10秒。
七秀,云裳心经,8,悲秋,“帝骖龙翔”的调息时间降低20秒，作用范围提高2尺。
七秀,云裳心经,8,跳珠憾玉,需剑舞，为友方目标解除混元性内功不利效果、阳性内功不利效果、阴性内功不利效果、毒性内功不利效果各一个。
七秀,云裳心经,9,霜风,基础根骨、体质提高10%，被疗伤成效提高10%。
七秀,云裳心经,9,冥泽,若自身气血值低于1%，解除自身控制效果并使自身闪避几率提高100%，受到内功攻击降低100%，持续3秒，该效果最多每3分钟触发1次。
七秀,云裳心经,9,蝶恋,施展“王母挥袂”，若目标气血值低于50%，则“王母挥袂”治疗成效提高50%。
七秀,云裳心经,9,化蝶,玩家目标身上的“翔舞”“上元点鬟”效果被驱散，则立即回复目标10%的气血。
七秀,云裳心经,10,秋深,“回雪飘摇”每跳使“风袖低昂”调息时间降低1秒。
七秀,云裳心经,10,耐夜,“蝶弄足”充能时间降低20秒，施展后向前疾奔30尺，“冰心诀”使路径上的10个目标附带“急曲”效果，“云裳心经”下回复自身10%气血。
七秀,云裳心经,10,音韵,施展“蝶弄足”使自身免疫控制效果（被拉除外），持续5秒。
七秀,云裳心经,11,玉骨,施展“鹊踏枝”，使自身受到的内功伤害降低50%，持续6秒。
七秀,云裳心经,11,垂眉,施展“风袖低昂”“王母挥袂”“翔鸾舞柳” “上元点鬟”，会分别消耗四层、三层、两层、两层剑舞层数，并造成额外25%的治疗效果。
七秀,云裳心经,11,飞袂,“水榭花盈”对其他目标释放时，调息时间降低20秒；“鹊踏枝”充能时间降低20秒。
七秀,云裳心经,11,焕颜,“繁音急节”施展后获得的内功攻击力和疗伤成效效果提高至45%。
七秀,云裳心经,12,仪凤,施展“风袖低昂”命中气血值低于50%的目标，可额外吞噬目标身上的“上元点鬟”持续效果，且使目标获得的“天地低昂”气劲持续时间延长3秒。
七秀,云裳心经,12,红隙,“王母挥袂”命中气血值低于40%的目标，立刻重置技能调息时间，并使目标获得 “翔舞”效果，该效果最多每30秒触发一次。
七秀,云裳心经,12,险韵,战斗状态下若自身有5层剑舞，“王母挥袂”、“风袖低昂”疗伤成效提高20%。
七秀,云裳心经,12,余寒映日,需要“名动四方”触发的剑舞状态，施展后获得“映日”效果：使“回雪飘摇”可在移动中施展，且提高自身20%急速效果；施展“回雪飘摇”有10%的几率使目标身上“上元点鬟”剩余疗伤效果立即生效，持续12秒。
唐门,天罗诡道,1,天魔蚀肌,“蚀肌弹”伤害提高10%。
唐门,天罗诡道,1,毒手尊拳,“蚀肌弹”会心提高10%，会心效果提高10%。
唐门,天罗诡道,1,神机妙算,“蚀肌弹”施展距离增加5尺，施展任何招式重伤目标则恢复自身全部神机值。
唐门,天罗诡道,2,蚀肌之伤,“蚀肌弹”命中后有35%几率恢复35点神机值，该效果最多每4秒触发一次。
唐门,天罗诡道,2,劫数难逃,“天绝地灭”调息时间降低9秒。
唐门,天罗诡道,2,千回百转,“孔雀翎”使目标锁足4秒并附带“化血”效果。
唐门,天罗诡道,3,弩击急骤,连弩的攻击若会心，则自身毒性内功破防等级提高15%，持续6秒。
唐门,天罗诡道,3,暴雨梨花,“暴雨梨花针”可对目标周围6尺内最多4名敌方目标造成额外伤害，并降低移动速度40%，持续3秒。
唐门,天罗诡道,4,奥妙无穷,神机值提高10点，招式会心后使下一招式的神机消耗降低100%，该效果每6秒最多触发一次。
唐门,天罗诡道,4,千机之威,当自身位于千机变25尺范围内时，自身基础攻击提高15%。
唐门,天罗诡道,4,千机神速,当自身位于千机变25尺之内时，自身受到的伤害降低15%。
唐门,天罗诡道,5,流星赶月,“暴雨梨花针”会心提高10%，会心效果提高10%，“暴雨梨花针”若会心，则回复30点神机值，该效果最多每8秒触发一次。
唐门,天罗诡道,5,天罗地网,“图穷匕见”调息时间增加至15秒，伤害提高50%，引爆“暗藏杀机”时击退周围最多6名敌对目标10尺。
唐门,天罗诡道,5,千机巨搫,“千机变”所有形态伤害提高20%。
唐门,天罗诡道,5,竹影烁烁,“孔雀翎”调息时间降低8秒，不再消耗神机值。
唐门,天罗诡道,6,神机千算,“毒刹”伤害提高30%且对目标造成伤害后回复自身3%气血最大值，最多每2秒触发一次。
唐门,天罗诡道,6,聚精凝神,“心无旁骛”调息时间降低30秒，持续时间增加5秒，并且获得20%急速效果。
唐门,天罗诡道,6,飞光流转,“飞星遁影”存在期间，自身受到的伤害降低10%，移动速度提高10%。
唐门,天罗诡道,6,九霄风雷,施展“鬼斧神工”改造自身“千机变”，使自身进入“机甲”状态，可施展特殊招式伤害大幅度提高，机甲状态持续20秒，免疫所有控制效果。
唐门,天罗诡道,7,击搏挽裂,“千机变”所有形态攻击都有15%的几率让下一个“蚀肌弹”无须运功、神机值消耗降低100%且伤害提高30%，持续30秒，可叠加3层。
唐门,天罗诡道,7,绝伦逸群,“浮光掠影”调息时间降低30秒，效果消失后移除移动限制，并使自身免疫移动限制、受到的伤害降低40%，持续6秒。
唐门,天罗诡道,7,无声骤雨,“暴雨梨花针”不再有调息时间。
唐门,天罗诡道,7,化血迷心,“化血”伤害对当前选中目标伤害提高80%，持续时间增加100%。
唐门,天罗诡道,8,蚀肌化血,“蚀肌弹”、“千机变”、“暴雨梨花针”命中带有“化血”效果的目标，会心则使“化血”下一跳伤害立即生效。
唐门,天罗诡道,8,梨花带雨,“暴雨梨花针”过程中5次伤害将会逐次提高，同时“暴雨梨花针”消耗的神机值提高至50点。惊羽诀心法下，完整施展“暴雨梨花针”将获得二层“无声”气劲。
唐门,天罗诡道,8,林寒涧肃,“天绝地灭”可释放二段技能，提前引爆机关造成大量伤害，剩余时间越久，伤害越高。
唐门,天罗诡道,8,杀机断魂,“暴雨梨花针”立刻对目标造成一次伤害且使目标无法施展轻功，持续2秒。
唐门,天罗诡道,9,扬威天下,施展“鬼斧神工”后，自身受到伤害降低40%，受到的“锁足”“定身”“眩晕”控制效果持续时间降低40%，持续15秒。
唐门,天罗诡道,9,秋风散影,当你与当前敌对目标距离超过10尺时，招式会心几率提高10%，会心效果提高10%。
唐门,天罗诡道,9,危峰屹立,闪避几率提高10%。若躲闪攻击则减少1秒“浮光掠影”调息时间并回复自身3%气血最大值，该效果每1秒最多触发一次。
唐门,天罗诡道,9,子母飞爪,消耗20点神机值，向目标投掷子母飞爪钩。\n若目标为队友，则自身与目标队友之间生成一条锁链持续7秒。友方目标获得一个增益技能“子母飞爪·子”：解除自身控制效果，并位移至唐门队友身旁；自身可施展二段技能“子母飞爪·子”：解除自身控制效果并位移至队友身旁。\n施展技能后使队友和自身免疫控制（击退和被拉除外），持续2秒，锁链效果作用一次则消失。\n若目标为敌人将其牵引到自己身旁，并使目标移动速度降低50%，持续3秒。
唐门,天罗诡道,10,回肠荡气,神机值提高10点。招式会心后有50%几率回复25点神机值，每4秒只能触发一次。
唐门,天罗诡道,10,毫发无遗,发动“飞星遁影”机关后，移动速度提高30%，持续4秒，并使下一次招式无需运功，可叠加2层。
唐门,天罗诡道,10,积重难返,“天绝地灭”机关时间结束消失时，对周围6尺的10个敌对目标造成毒性伤害。
唐门,天罗诡道,10,分水逐旌,“惊鸿游龙”状态持续时间内，若自身受到的伤害累积超过自身气血最大值的10%，则自动触发“浮光掠影”隐身效果并清除自身所有不利效果，持续5秒。
唐门,天罗诡道,11,曙色催寒,招式伤害若会心，则下两次伤害无视目标50%的内功防御。
唐门,天罗诡道,11,飞鸢逐月,施展“鸟翔碧空”后可以触发二段技能，施展后自身进入浮空状态持续8秒，期间可施展“百步穿杨”或“九宫飞星”套路下所有招式，且施展距离提高10尺；浮空期间可施展三段技能，可滑翔至目标点，并使自身不受招式控制，持续4秒。
唐门,天罗诡道,11,瑕草无霜,施展“浮光掠影”使自身半径20尺内额外最多5名友方玩家目标获得4秒隐身效果，施展任何技能后都解除隐身状态。
唐门,天罗诡道,11,冻雨寒愁,“迷神钉”调息时间降低5秒，效果前三秒，目标不会因受到伤害提前解除控制效果。
唐门,天罗诡道,12,雷甲三铉,“鬼斧神工”调息时间降低30秒，使连弩、重弩下30次伤害大幅提高且无视目标50%内功防御。
唐门,天罗诡道,12,雷动九天,“雷震子”眩晕时间增加2秒，命中目标后立刻回复20点神机值。若成功眩晕目标，则使目标受到的伤害提高15%。
唐门,天罗诡道,12,逐一击破,施展伤害招式命中敌对目标，若其半径6尺内没有额外敌对目标，则使自身下一次技能伤害提高15%。
唐门,天罗诡道,12,千秋万劫,使自身进入开火状态，可使用主动技能“千秋万劫”，对目标点范围10尺最多10个目标造成大量伤害。该招式消耗一个机关。
唐门,惊羽诀,1,一线生机,“夺魄箭”伤害提高10%。
唐门,惊羽诀,1,迅电流光,“夺魄箭”会心提高10%，会心效果提高10%。
唐门,惊羽诀,1,暴雨梨花,“暴雨梨花针”可对目标周围6尺内最多4名敌方目标造成额外伤害，并降低移动速度40%，持续3秒。
唐门,惊羽诀,2,惊心裂胆,“追命箭”伤害提高10%，使下个“夺魄箭”无需运功，此效果最多15秒触发一次。
唐门,惊羽诀,2,千里无痕,“暴雨梨花针”完整运功后，使自身外功基础攻击提高20%，持续15秒。
唐门,惊羽诀,2,千回百转,“孔雀翎”调息时间降低5秒，并使目标锁足4秒。
唐门,惊羽诀,3,百步穿杨,“追命箭”命中70%以上气血的目标，将额外造成80%的伤害，并使目标的化劲等级降低15%，持续12秒，该效果最多对一个目标生效。
唐门,惊羽诀,3,狂风暴雨,“暴雨梨花针”会心率提高20%，会心伤害提高40%。
唐门,惊羽诀,3,战不旋踵,“追命箭”命中目标后，对自身前方25尺路径上的最多5个目标造成外功伤害。
唐门,惊羽诀,4,鹰扬虎视,“暴雨梨花针”每次命中目标延长“穿心弩”降低目标治疗效果1秒持续时间。
唐门,惊羽诀,4,摧心,“穿心弩”附带的持续伤害效果“穿心”可叠加3层。
唐门,惊羽诀,4,逐星,“逐星箭”命中有“穿心”效果的目标额外造成一次伤害效果。
唐门,惊羽诀,5,掠影穹苍,“夺魄箭”连续攻击同一个目标3次则眩晕目标4秒。
唐门,惊羽诀,5,箭雨如潮,“裂石弩”每命中一个目标，则恢复自身8点神机值。
唐门,惊羽诀,5,裂石穿云,“裂石弩”只对当前目标造成伤害，伤害提高30%，并附带“穿心”持续伤害效果，神机值消耗降低15点。
唐门,惊羽诀,5,穿林打叶,“穿心弩”伤害提高25%。
唐门,惊羽诀,6,穷尽九泉,“浮光掠影”效果下，追命箭运功时间降低50%，会心几率提高100%且会心效果提高30%。
唐门,惊羽诀,6,聚精凝神,“心无旁骛”调息时间降低30秒，持续时间增加5秒，并且获得20%急速效果。
唐门,惊羽诀,6,飞光流转,“飞星遁影”存在期间，自身受到的伤害降低10%，移动速度提高10%。
唐门,惊羽诀,6,浴血沁骨,“夺魄箭”“追命箭”会心则刷新“穿心”效果的持续伤害效果。
唐门,惊羽诀,7,夺魄之威,“夺魄箭”连续攻击同一目标，会心几率提高10%，会心效果提高10%，神机值消耗降低5点。
唐门,惊羽诀,7,绝伦逸群,“浮光掠影”调息时间降低30秒，效果消失后移除移动限制，并使自身免疫移动限制、受到的伤害降低40%，持续6秒。
唐门,惊羽诀,7,声若惊雷,“暴雨梨花针”无视目标20%外功防御，能额外造成2次伤害。
唐门,惊羽诀,7,百骸皆震,“逐星箭”命中十尺内的目标，则自身后退12尺，受到的伤害降低20%，持续6秒。
唐门,惊羽诀,8,神机飞返,当神机值低于20点时，立刻回复30点神机值，此效果每10秒最多触发一次。
唐门,惊羽诀,8,梨花带雨,“暴雨梨花针”过程中5次伤害将会逐次提高，同时“暴雨梨花针”消耗的神机值提高至50点。惊羽诀心法下，完整施展“暴雨梨花针”将获得二层“无声”气劲。
唐门,惊羽诀,8,寒江夜雨,施展“飞星遁影”后使自身下一次技能会心几率提高30%。
唐门,惊羽诀,8,卸元归魂,施展“孔雀翎”解除当前目标的阴性、阳性、毒性、混元气劲各两个。
唐门,惊羽诀,9,侵火动旌,“追命无声”下施展“追命箭”，使下一次“追命箭”运功时间降低1.5秒，神机值消耗降低20点，持续15秒。
唐门,惊羽诀,9,秋风散影,当你与当前敌对目标距离超过10尺时，招式会心几率提高10%，会心效果提高10%。
唐门,惊羽诀,9,危峰屹立,闪避几率提高10%。若躲闪攻击则减少1秒“浮光掠影”调息时间并回复自身3%气血最大值，该效果每1秒最多触发一次。
唐门,惊羽诀,9,子母飞爪,消耗20点神机值，向目标投掷子母飞爪钩。\n若目标为队友，则自身与目标队友之间生成一条锁链持续7秒。友方目标获得一个增益技能“子母飞爪·子”：解除自身控制效果，并位移至唐门队友身旁；自身可施展二段技能“子母飞爪·子”：解除自身控制效果并位移至队友身旁。\n施展技能后使队友和自身免疫控制（击退和被拉除外），持续2秒，锁链效果作用一次则消失。\n若目标为敌人将其牵引到自己身旁，并使目标移动速度降低50%，持续3秒。
唐门,惊羽诀,10,回肠荡气,神机值提高10点。招式会心后有50%几率回复25点神机值，每4秒只能触发一次。
唐门,惊羽诀,10,毫发无遗,发动“飞星遁影”机关后，移动速度提高30%，持续4秒，并使下一次招式无需运功，可叠加2层。
唐门,惊羽诀,10,飞星无影,成功施展“飞星遁影”，则冲刺过程中不会受到任何伤害，持续2秒，并使离开位置6尺内最多5个敌方目标定身4秒。
唐门,惊羽诀,10,分水逐旌,“惊鸿游龙”状态持续时间内，若自身受到的伤害累积超过自身气血最大值的10%，则自动触发“浮光掠影”隐身效果并清除自身所有不利效果，持续5秒。
唐门,惊羽诀,11,妙手连环,“追命箭”无视目标50%外功防御，命中后有50%几率立刻重置“追命箭”“暴雨梨花针”调息时间。
唐门,惊羽诀,11,飞鸢逐月,施展“鸟翔碧空”后可以触发二段技能，施展后自身进入浮空状态持续8秒，期间可施展“百步穿杨”或“九宫飞星”套路下所有招式，且施展距离提高10尺；浮空期间可施展三段技能，可滑翔至目标点，并使自身不受招式控制，持续4秒。
唐门,惊羽诀,11,瑕草无霜,施展“浮光掠影”使自身半径20尺内额外最多5名友方玩家目标获得4秒隐身效果，施展任何技能后都解除隐身状态。
唐门,惊羽诀,11,冻雨寒愁,“迷神钉”调息时间降低5秒，效果前三秒，目标不会因受到伤害提前解除控制效果。
唐门,惊羽诀,12,奥妙无穷,“追命箭”神机值消耗降低20点，调息时间降低2秒；施展“追命箭”后使下一招式的神机消耗降低100%。
唐门,惊羽诀,12,雷动九天,“雷震子”眩晕时间增加2秒，命中目标后立刻回复20点神机值。若成功眩晕目标，则使目标受到的伤害提高15%。
唐门,惊羽诀,12,逐一击破,施展伤害招式命中敌对目标，若其半径6尺内没有额外敌对目标，则使自身下一次技能伤害提高15%。
唐门,惊羽诀,12,百里追魂,使自身进入狙击状态，蓄力2秒，蓄力期间免疫打断和沉默，对目标点范围最多10个目标造成大量伤害，蓄力时间越长，伤害越高且范围越小。每蓄力0.5秒，会心提高22.5%。在浮空状态下释放，释放距离提高10尺且蓄力时间降低25%，该招式消耗一枚弩箭。
丐帮,笑尘诀,1,武勇,“拨狗朝天”“横打双獒”伤害提高10%。
丐帮,笑尘诀,1,玄黄,“亢龙有悔”的伤害提高10%。
丐帮,笑尘诀,1,安患,“棒打狗头”能够解除自身锁足和减速不利效果，并使目标定身2秒，并有30%几率重置“烟雨行”调息时间。
丐帮,笑尘诀,2,坚冰,满蓄力施展“天下无狗”，伤害提高60%，并使下一个“天下无狗”调息时间降低6秒。
丐帮,笑尘诀,2,御龙,施展“亢龙有悔”后降低自身“酒中仙”2秒调息时间。
丐帮,笑尘诀,2,追远,“打狗棒法”套路下的招式命中后有35%几率获得10%内力。
丐帮,笑尘诀,3,洪荒,“亢龙有悔”施展距离提高4尺，并且附带冲刺效果。
丐帮,笑尘诀,3,流形,丐帮每10次连击数将使得丐帮受到伤害降低3.5%，最多可叠加6层，持续30秒。
丐帮,笑尘诀,3,自强,“拨狗朝天”“横打双獒”伤害提高20%且获得的内力提高20%。
丐帮,笑尘诀,4,仁德,“蛟龙翻江”“双龙取水”“龙游天地”“龙腾五岳”的伤害提高15%。
丐帮,笑尘诀,4,无疆,施展伤害招式后，若自身内力大于70%，则外功基础攻击提高15%，持续30秒。
丐帮,笑尘诀,4,战龙,战斗状态下自身内力值大于70%时，则使自身受到的伤害降低25%，持续10秒。
丐帮,笑尘诀,4,醉逍遥,当成功施展“酒中仙”后15秒内方可施展，使自身闪躲提高60%，外功攻击提高20%，持续8秒。
丐帮,笑尘诀,5,克己,“亢龙有悔”施展后有50%几率重置“龙跃于渊”并回复自身30%内力，该效果每6秒最多触发一次。
丐帮,笑尘诀,5,益元,每秒恢复3%内力。
丐帮,笑尘诀,5,烟霞,“烟雨行”变为两层充能技，充能时间30秒，施展后使“打狗棒法”套路下招式命中目标后额外回复自身10%内力且自身移动速度提高30%，持续6秒。
丐帮,笑尘诀,6,有攸,“酒中仙”完整运功后使下一招“亢龙有悔”伤害提高50%。
丐帮,笑尘诀,6,飞龙,“笑醉狂”每秒回复8%气血，完整运功，回复自身50%内力、30%气血并清除自身所有不利效果。
丐帮,笑尘诀,6,利物,“笑醉狂”减伤提高40%，提前结束运功状态，每提前一秒，使笑醉狂调息时间降低8秒。
丐帮,笑尘诀,6,越渊,“降龙掌法”的内力消耗降低25%。
丐帮,笑尘诀,7,满盈,“酒中仙”运功时间降低0.625秒，若成功施展，内力额外提高50%。
丐帮,笑尘诀,7,攸行,“天下无狗”会心几率提高10%，会心效果提高10%，可以移动蓄力，蓄力期间自身移动速度降低为正常移动速度的80%，并获得30%的减伤。
丐帮,笑尘诀,7,恻隐,“龙啸九天”伤害提高10%，同时“龙啸九天”能够击毁攻击范围内最多5个气场和可见机关。
丐帮,笑尘诀,7,知至,“龙啸九天”调息时间降低5秒，每命中一个目标，持续时间增加1秒并回复5%气血值。
丐帮,笑尘诀,8,雨龙,在“龙跃于渊”后施展亢龙有悔附带持续伤害的持续时间提高100%，可叠加8层。
丐帮,笑尘诀,8,驯致,“亢龙有悔”施展时间缩短，所有伤害分三掌打出且伤害提高20%。
丐帮,笑尘诀,8,亢野,“亢龙有悔”将所有伤害汇聚于一掌，向前方打出飞龙气劲，对其经过路径上的敌对目标造成伤害，并回复20%内力，施展时内力越高，伤害越高且范围越大。
丐帮,笑尘诀,8,云龙,“时乘六龙”“狂龙乱舞”的作用范围增加2尺，伤害提高10%。
丐帮,笑尘诀,9,乾元,“飞龙在天”的伤害提高50%，并使目标获得虚弱效果，使其伤害降低20%，持续10秒。
丐帮,笑尘诀,9,贞固,力道、体质提高10%。
丐帮,笑尘诀,9,不息,“龙跃于渊”不消耗内力，不受招式控制效果的时间提高到5秒。
丐帮,笑尘诀,9,催盏,“亢龙有悔”持续伤害效果提高15%。
丐帮,笑尘诀,10,含弘,当多于50%、60%、70%内力时施展“亢龙有悔”，使自身技能伤害分别提高5%、10%、20%，持续8秒。
丐帮,笑尘诀,10,息元,“笑醉狂”运功结束后，自身受到的伤害降低40%，持续6秒。
丐帮,笑尘诀,10,复礼,少于50%内力时施展“亢龙有悔”，使自身技能伤害提高15%，持续8秒。
丐帮,笑尘诀,10,宽野,“酒中仙”运功期间不受控制、位移、打断招式影响。
丐帮,笑尘诀,11,饮江,“酒中仙”每跳获得的气劲效果持续时间延长3秒，且自身额外获得20%外功会心效果。
丐帮,笑尘诀,11,复征,“龙战于野”施展距离提高五尺，命中目标后，使目标锁足2秒。
丐帮,笑尘诀,11,明辨,“蛟龙翻江”、“双龙取水”、“龙游天地”、“龙腾五岳”施展后，使自身外功破防等级提高5%，可叠加4层，持续30秒。
丐帮,笑尘诀,11,无咎,“龙啸九天”不再消耗内力，受到任何攻击导致自身气血值低于40%则立刻重置该技能调息时间，最多每60秒触发一次。
丐帮,笑尘诀,12,降龙,“亢龙有悔”命中气血值低于35%的目标，无视目标100%外功防御等级。
丐帮,笑尘诀,12,神龙降世,替换“飞龙在天”招式，“神龙摆尾”施展后方可施展。终结技，消耗完所有内力，将空中目标踢到地上并追击，造成<SKILL_[6611_0;6612_0;6613_0;6614_0;6615_0] PhysicsDamage>点(+<SKILLEx {D0} {SkillPhysicsAP_[6611_0;6612_0;6613_0;6614_0;6615_0]}>)外功伤害，并使目标受到的疗伤成效降低50%，持续10秒。
丐帮,笑尘诀,12,潜龙勿用,“亢龙有悔”施展后方可施展，对目标造成大量伤害，并降低自身“乘龙戏水”2秒调息时间。施展过程丐帮获得免疫控制效果的影响。
丐帮,笑尘诀,12,御鸿于天,消耗10%内力，对目标造成<SKILL PhysicsDamage>点(+<SKILLEx {D0} {SkillPhysicsAP}>)外功伤害，并移除目标身上属于自身的“亢龙有悔”持续伤害效果，每层“亢龙有悔”使自身伤害提高3%，持续5秒，时间可累加，持续时间内再次施展可将持续伤害效果作用于新目标。
苍云,铁骨衣,1,盾威,“盾飞”命中目标使目标所有伤害输出降低5%，持续15秒。
苍云,铁骨衣,1,权门,“盾飞”伤害降低20%，可对击中的目标周围10尺的其他敌对目标进行弹射。
苍云,铁骨衣,3,慑服,施展“盾刀”第三段盾攻击使自身受到的下一次伤害降低20%，持续8秒，可叠加2层。
苍云,铁骨衣,3,戍卫,施展“斩刀”使自身受到伤害降低20%，持续3秒，且强制目标攻击自身。
苍云,铁骨衣,3,岌危,施展“盾猛”获得岌危效果：若1秒内承受的伤害量超过自身最大气血值的30%，则立刻为自身回复10%气血最大值，持续12秒。
苍云,铁骨衣,3,铿锵,怒气上限提高10点，成功招架后回复自身5%气血最大值，该效果最多每6秒触发一次。
苍云,铁骨衣,4,强袭,“盾刀”第三段攻击命中有自身虚弱或流血效果的目标后可触发第四段攻击。
苍云,铁骨衣,4,潜心,“盾舞”造成的威胁值提高30%。
苍云,铁骨衣,4,卷云,“盾刀”盾刀每一段招式伤害逐步递增。
苍云,铁骨衣,5,千山,施展“盾挡”后获得的招架率、拆招值提升效果提高25%。
苍云,铁骨衣,5,振奋,施展“盾挡”后自身8尺范围内最多5个友方目标外功、内功攻击力提高10%，持续6秒。
苍云,铁骨衣,5,震怒,“盾压”额外回复10点怒气。
苍云,铁骨衣,6,怒炎,施展“盾飞”，“斩刀”调息时间降低5秒，且使“绝刀”“斩刀”伤害增加30%，持续15秒。
苍云,铁骨衣,6,当关,“盾飞”附带嘲讽效果，强制目标攻击自身3秒，10秒内此目标不会再被嘲讽。
苍云,铁骨衣,6,雷云,“盾飞”命中的第一个目标若正在运功，则使该目标2秒内无法运功。
苍云,铁骨衣,7,活血,体质和被疗伤效果提高10%。
苍云,铁骨衣,7,坚韧,盾墙的减伤效果提高15%。
苍云,铁骨衣,7,肆意,盾墙效果消失后，使自身团队成员获得无威胁气劲，持续6秒。
苍云,铁骨衣,7,肃列,“盾墙”效果消失后，使自身受到的伤害降低30%，持续5秒。
苍云,铁骨衣,8,返生,施展“盾壁”使自身立即回复自身10%气血最大值，并回复自身30%格挡值。
苍云,铁骨衣,8,恋战,施展任何伤害技能都使自身会心率提高3%，最多可叠加10层，技能会心后该效果不再叠加，8秒后效果消失。
苍云,铁骨衣,9,从容,当自身血量高于60%，则外功基础攻击提高30%。
苍云,铁骨衣,9,赤心,“血怒”效果期间每消耗或回复1点怒气为自身回复0.1%气血最大值。
苍云,铁骨衣,9,百炼,“盾壁”的伤害吸收效果提升至100%。
苍云,铁骨衣,10,寒甲,成功招架后使自身外功攻击力获得提升，提升量相当于自身当前拆招值的40%。
苍云,铁骨衣,11,蔑视,施展伤害招式命中目标，若自身气血百分比高于目标气血百分比，则使下一招式无视目标50%外功防御等级。
苍云,铁骨衣,11,叱威,“盾挡”成功招架2次后才会消失，持续时间延长4秒。
苍云,铁骨衣,11,肃驾,每消耗15点怒气，回复自身1点格挡值，“分山劲”心法下降低自身“盾立”0.5秒的调息时间。
苍云,铁骨衣,11,石虎,受到任何伤害攻击导致自身气血值低于40%则立刻重置“盾壁”调息时间，该效果最多每4分钟触发一次。
苍云,铁骨衣,12,崇云,“血怒”效果期间自身拆招值提升15%。受到攻击则使得血怒时间延长2秒，最多触发3次。
苍云,铁骨衣,12,澄生,“血怒”施展后为自身回复10%气血最大值。
苍云,铁骨衣,12,亮节,“盾舞”调息时间增加至30秒，强制目标攻击自身并使自身受到的所有伤害降低30%。
苍云,分山劲,1,刀魂,擎刀姿态下自身基础外功攻击力提高15%。
苍云,分山劲,1,安疆,施展“盾回”获得的伤害降低效果提高至20%。
苍云,分山劲,1,权门,“盾飞”伤害降低20%，可对击中的目标周围10尺的其他敌对目标进行弹射。
苍云,分山劲,2,鸣金,“盾墙”调息时间降低5秒，格挡值最大值增加100点。
苍云,分山劲,3,分野,“绝刀”会心几率提高15%，会心效果提高20%。
苍云,分山劲,3,践踏,施展“斩刀”强制目标攻击自身，使目标基础攻击降低10%，持续6秒。
苍云,分山劲,3,万仞,施展“绝刀”后，会对目标周围6尺范围内额外5个目标造成外功伤害。
苍云,分山劲,3,飞瀑,“盾飞”击中目标后自身回复5点怒气，最多回复25点。
苍云,分山劲,4,劫生,“劫刀”施展距离提高2尺，会心几率提高15%，会心效果提高15%。
苍云,分山劲,4,叱威,“盾舞”在盾墙姿态下施展时，可触发二段技能，施展“盾舞·强化”击退周围8尺内最多6个目标。
苍云,分山劲,4,残楼,自身气血值每降低10%，“绝刀”“斩刀”的伤害提高5%。
苍云,分山劲,4,卷云,“盾刀”盾刀每一段招式伤害逐步递增。
苍云,分山劲,5,血魄,连续施展两次“血怒”，清空自身“斩刀”、“绝刀”调息时间，并获得50点怒气。
苍云,分山劲,6,怒炎,施展“盾飞”，“斩刀”调息时间降低5秒，且使“绝刀”“斩刀”伤害增加30%，持续15秒。
苍云,分山劲,6,难行,“盾飞”的最大充能次数提升至5层，且目标被盾牌首次击中时移动速度降低60%，持续6秒。
苍云,分山劲,6,雷云,“盾飞”命中的第一个目标若正在运功，则使该目标2秒内无法运功。
苍云,分山劲,7,活脉,体质和身法提高10%。
苍云,分山劲,7,隐刀,最少消耗5点怒气，最多消耗15点怒气，消耗逐渐增加，闪刀命中附带自身虚弱或流血效果的目标后10秒内可连续施展，隐刀命中附带自身虚弱或流血效果的目标可对其造成100%的武器伤害外加<SUB 13286 0>外功伤害，并冲刺穿过目标，期间自身无敌，持续1秒，施展次数越多，怒气消耗越高。
苍云,分山劲,7,歃血,施展“绝刀”每多消耗10点怒气，绝刀伤害额外再提升10%。
苍云,分山劲,8,吓魂,“绝刀”附带8尺冲刺效果，命中自身流血目标，直接造成最大怒气对应的伤害。
苍云,分山劲,8,激奋,施展“盾壁”将会触发10尺范围“振奋军阵”，处于“军阵”中的5个友方目标不会受到重伤，“振奋军阵”持续6秒。
苍云,分山劲,8,返生,施展“盾壁”使自身立即回复自身10%气血最大值，并回复自身30%格挡值。
苍云,分山劲,8,恋战,施展任何伤害技能都使自身会心率提高3%，最多可叠加10层，技能会心后该效果不再叠加，8秒后效果消失。
苍云,分山劲,9,从容,当自身血量高于60%，则外功基础攻击提高30%。
苍云,分山劲,9,赤心,“血怒”效果期间每消耗或回复1点怒气为自身回复0.1%气血最大值。
苍云,分山劲,10,劫化生,施展“血怒”后使自身获得免控效果（击退和被拉除外），持续4秒，该效果时间可累加。
苍云,分山劲,11,蔑视,施展伤害招式命中目标，若自身气血百分比高于目标气血百分比，则使下一招式无视目标50%外功防御等级。
苍云,分山劲,11,卧沙,“撼地”眩晕效果提高1秒，变为2层充能技能，充能时间为18秒。
苍云,分山劲,11,肃驾,每消耗15点怒气，回复自身1点格挡值，“分山劲”心法下降低自身“盾立”0.5秒的调息时间。
苍云,分山劲,11,石虎,受到任何伤害攻击导致自身气血值低于40%则立刻重置“盾壁”调息时间，该效果最多每4分钟触发一次。
苍云,分山劲,12,骇日,“血怒”效果期间自身外功破防等级提高30%。外功伤害招式会心，则使血怒持续时间延长2秒，最多触发3次。
苍云,分山劲,12,猛寒,“盾墙”效果期间，每成功招架一次，则减少“盾壁”2秒调息时间。
苍云,分山劲,12,亮节,“盾舞”调息时间增加至30秒，强制目标攻击自身并使自身受到的所有伤害降低30%。
长歌,莫问,1,音朗,“宫”伤害提高10%。
长歌,莫问,1,号钟,“宫”会心几率提高10%，会心效果提高10%。
长歌,莫问,1,伏疏,“角”每跳降低敌对玩家目标1%内力值并回复自身1%内力值，该效果同一时间只作用一个目标。
长歌,莫问,2,飞帆,“徵”运功不会被打退，伤害提高10%。
长歌,莫问,2,长清,“徵”可对目标周围8尺内额外4个敌对目标造成伤害，该效果不受“徵”秘籍影响。
长歌,莫问,2,风入松,施展“角”使目标移动速度降低30％，自身提高30％，持续4秒。
长歌,莫问,3,唳风,“徵”调息时间增加至15秒，每次造成的伤害递增40%。
长歌,莫问,3,争簇,“徵”作用效果降低35%，每0.5秒产生一次作用效果，持续3秒。
长歌,莫问,3,洞天,自身所有持续效果每跳造成的效果递增12%。
长歌,莫问,3,采薇,“高山流水”“平沙落雁”曲目主动技能调息时间降低30%。
长歌,莫问,4,凌冬,“羽”施展后使“徵”增加一次伤害效果，最多增加三次。
长歌,莫问,4,照月,“清绝影歌”和“疏影横斜”影子伤害提升20%。
长歌,莫问,4,殊曲,自身所有持续效果作用间隔缩短1秒，总持续时间保持不变。
长歌,莫问,5,入圣,施展“清绝影歌”后本体闪避增加30%，伤害减免增加50%。
长歌,莫问,5,浮影,“清绝影歌”不再产生影子，自身将进入持剑姿态，受到伤害降低40%。
长歌,莫问,6,师襄,“宫”命中有自身持续伤害效果的目标，每个持续伤害效果使“宫”伤害提高6%。
长歌,莫问,6,忘弦,“笑傲光阴”音域生成时若自身在音域范围内，则恢复自身20%气血最大值，解除自身受到的阳性不利效果、阴性不利效果、混元不利效果、毒性不利效果、点穴不利效果、持续伤害不利效果。
长歌,莫问,6,兼山,“云生结海”音域生成时立刻平衡音域范围内所有小队成员当前气血值百分比。
长歌,莫问,6,情已,“云生结海”调息时间降低10秒，音域范围内的小队成员不再相互平摊治疗效果。
长歌,莫问,7,井仪,持续效果被卸除后，每个持续效果使驱散者2秒内无法运功，最多持续6秒。
长歌,莫问,7,知音,“笑傲光阴”音域减伤效果可对自身小队成员产生作用。
长歌,莫问,7,别鹤,施展“剑·宫”立刻对目标最低造成<SUB 22027 1>阴性内功伤害，最高造成<SUB 22027 25>阴性内功伤害。
长歌,莫问,8,弄影,“剑·羽”充能时间降低3秒，“清绝影歌”状态下每4秒产生一个“影”，“影”持续8秒，期间将攻击周围目标。
长歌,莫问,8,盏萤,“疏影横斜”每个影子使自身受到的伤害降低15%，施展“移形换影”时将会锁足自身位置及影子位置周围4尺内的3个目标，持续4秒。
长歌,莫问,8,刻梦,“疏影横斜”施展后可在自身位置额外创建一个影子。
长歌,莫问,8,捣衣,施展“疏影横斜”将自身传送至影子位置后使自身免疫控制(被拉除外)和封内效果，持续3秒，该效果时间可累加。
长歌,莫问,9,徊影,“清绝影歌”状态下招式“剑·宫”可产生剑气，对前方8尺最多6个目标造成阴性内功伤害。
长歌,莫问,9,相依,“孤影化双”持续时间延长8秒，施展“孤影化双”后，残影会在场地中施展两次逐渐向外扩散的环形音波，“莫问”心法下对敌对目标造成大量伤害，“相知”心法下使友方玩家回复大量气血。
长歌,莫问,9,超然,“孤影化双”调息时间降低45秒，施展返回招式时，不受无法施展内功招式和缴械效果影响，影子被召回6秒内仍然会附着玩家，期间分摊玩家受到伤害的40%，并使自身免疫所有控制效果(击退和被拉除外)。
长歌,莫问,9,书离,“羽”施展后使“徵”无视目标50%内功防御等级，持续5秒，该效果时间可累加。
长歌,莫问,10,惊弦,“平沙落雁”成功控制目标，使其伤害治疗效果提高15%，受到的伤害提高15%。
长歌,莫问,10,贯珠,受到技能伤害超过自身气血最大值10%，则该次伤害降低20%。
长歌,莫问,10,寿生,“杯水留影”使目标复活持续时间延长30秒，复活目标后立刻重置目标所有招式调息时间。
长歌,莫问,10,云汉,“疏影横斜”与“清绝影歌”每产生一个影子在场，使自身伤害招式伤害提高3%。
长歌,莫问,11,参连,“阳春白雪”曲目下，自身阴性基础攻击力提高10%。
长歌,莫问,11,凝眉,“青霄飞羽”调息时间降低5秒，期间自身伤害提高20%，施展后立刻击退自身6尺范围内最多5名敌对玩家。
长歌,莫问,11,剡注,气套路下音域技能调息时间降低20秒。
长歌,莫问,11,啸影,施展“清绝影歌”后方可施展该招式，产生一个残影以琴弦为媒与目标连接，连接期间每秒对目标造成阴性内功伤害，残影会模仿对方招式并对其自动施展，残影连接的持续时间为8秒，连接过程中若残影与目标距离超过15尺，则结束连接状态。
长歌,莫问,12,鹿鸣,“变宫”伤害提高15%，“高山流水”曲目下每次施展“变宫”将会给目标叠加一层“鹿鸣”效果，“鹿鸣”叠加至2层将对目标造成<SUB 21752 0>阴性内功会心伤害，“鹿鸣”只能对一个目标生效。
长歌,莫问,12,无尽藏,“阳春白雪”曲目下自身会心效果提高10%“阳春白雪”主动技能调息时间降低2秒。
长歌,莫问,12,楚济,“平沙落雁”曲状态下，使位于自身音域范围内最多5名敌对玩家目标受到的治疗成效降低40%。
长歌,莫问,12,琴音共鸣,移除敌对目标身上2个增益效果，并添加给自身。
长歌,相知,1,雪海,“宫”治疗效果提高10%。
长歌,相知,1,红隙,“宫”会心几率提高10%，会心效果提高10%。
长歌,相知,1,蔚风,“角”每跳为友方玩家目标和自身回复1%内力值，该效果同一时间只能作用一个目标。
长歌,相知,2,太和,“徵”运功不会被打退，治疗效果提高20%。
长歌,相知,2,秋鸿,“徵”内力消耗降低15%，可对目标及其半径20尺范围内小队成员产生治疗效果。
长歌,相知,2,风入松,施展“角”使自身和目标移动速度提高30％，持续4秒。
长歌,相知,3,怡神,“徵”调息时间增加至15秒，引导期间每次治疗效果递增30%。
长歌,相知,3,争簇,“徵”作用效果降低20%，每0.5秒产生一次作用效果，持续3秒。
长歌,相知,3,洞天,自身所有持续效果每跳造成的效果递增12%。
长歌,相知,3,石间意,施展“梅花三弄”主动招式，使目标免疫控制效果(击退和被拉除外)和封内效果，持续3秒，若“梅花三弄”盾提前消失则此效果消失。
长歌,相知,4,未夜,“羽”施展后使“徵”增加一次治疗效果，最多增加三次。
长歌,相知,4,织心,“羽”施展后使“徵”会心几率提高10%，会心效果提高10%，持续10秒，该效果时间可累加。
长歌,相知,4,殊曲,自身所有持续效果作用间隔缩短1秒，总持续时间保持不变。
长歌,相知,4,一指回鸾,为友方目标解除混元性内功不利效果、阳性内功不利效果、阴性内功不利效果、毒性内功不利效果各一个。
长歌,相知,5,谪仙,“徵”立刻对目标产生治疗效果。
长歌,相知,5,兼山,“云生结海”音域生成时立刻平衡音域范围内所有小队成员当前气血值百分比。
长歌,相知,5,寒酒,“梅花三弄”盾效果持续时间延长60%。
长歌,相知,5,温语,“梅花三弄”伤害吸收量提高12%，命中气血值低于50%的目标，伤害吸收量再额外提高43%。
长歌,相知,6,自赏,“宫”可对目标12尺范围内额外3个团队成员造成治疗效果。
长歌,相知,6,引芳,“宫”不再需要运功，立刻对目标造成<SUB 14417 1>治疗效果，并使目标每3秒受到一次治疗效果，持续18秒。
长歌,相知,6,犹香,“梅花三弄”盾也会治疗目标，数值相当于伤害吸收量的50%。
长歌,相知,6,平吟,“梅花三弄”效果消失后获得的“寒梅”减伤效果，可在5秒内持续减免伤害。
长歌,相知,7,寸光阴,“宫”成功运功命中有自身持续治疗效果的目标，有50%几率为目标及其小队20尺范围内所有友方队友添加该持续效果。
长歌,相知,7,井仪,持续效果被卸除后，每个持续效果使驱散者2秒内无法运功，最多持续6秒。
长歌,相知,7,笙簧,“梅花三弄”盾持续时间结束时若仍拥有最大吸收量且目标在战斗状态，则自动刷新盾的持续时间。
长歌,相知,7,知音,“笑傲光阴”音域减伤效果可对自身小队成员产生作用。
长歌,相知,8,诗上,“宫”成功运功后有35%几率，“徵”每跳有15%几率使自身获得诗上效果：使下一个“羽”无视目标受控状态，技能效果提高30%，持续15秒，可叠加3层。
长歌,相知,8,绝唱,“梅花三弄”若提前消失，则减少目标身上“落梅”效果持续时间，数值为“梅花三弄”剩余持续时间。
长歌,相知,8,鸣鸾,“羽”会心提高20%，会心效果提高20%，充能时间变为18秒，命中有自身持续效果的目标，可随机刷新一个持续效果并使之立刻生效。
长歌,相知,8,捣衣,施展“疏影横斜”将自身传送至影子位置后使自身免疫控制(被拉除外)和封内效果，持续3秒，该效果时间可累加。
长歌,相知,9,凝绝,施展任何疗伤招式会心后使自身基础加速率提高5%，持续12秒。
长歌,相知,9,相依,“孤影化双”持续时间延长8秒，施展“孤影化双”后，残影会在场地中施展两次逐渐向外扩散的环形音波，“莫问”心法下对敌对目标造成大量伤害，“相知”心法下使友方玩家回复大量气血。
长歌,相知,9,超然,“孤影化双”调息时间降低45秒，施展返回招式时，不受无法施展内功招式和缴械效果影响，影子被召回6秒内仍然会附着玩家，期间分摊玩家受到伤害的40%，并使自身免疫所有控制效果(击退和被拉除外)。
长歌,相知,9,天音知脉,“梅花三弄”曲风下，施展“羽”消除目标“落梅”效果，并使自身下一次“梅花三弄”必会心。
长歌,相知,10,棋宫,“阳春白雪”曲目下，自身治疗基础值提高10%。
长歌,相知,10,贯珠,受到技能伤害超过自身气血最大值10%，则该次伤害降低20%。
长歌,相知,10,寿生,“杯水留影”使目标复活持续时间延长30秒，复活目标后立刻重置目标所有招式调息时间。
长歌,相知,10,庄周梦,“梅花三弄”持续期间，目标伤害招式无视目标30%内外功防御等级。
长歌,相知,11,掷杯,施展任何疗伤招式命中气血值低于50%的目标，使自身基础治疗效果提高10%，持续12秒。
长歌,相知,11,凝眉,“青霄飞羽”调息时间降低5秒，施展后立刻击退自身6尺范围内最多5名敌对玩家。
长歌,相知,11,剡注,气套路下音域技能调息时间降低20秒。
长歌,相知,11,大韶,气套路下所有音域技能变为2层充能技能，充能时间50秒，且共用充能层数。
长歌,相知,12,思议,“高山流水”主动技能状态期间运功不会被打退、打断，不受无法施展内功招式和缴械效果的影响。
长歌,相知,12,无尽藏,“阳春白雪”主动技能调息时间降低2秒。
长歌,相知,12,桑柔,“梅花三弄”受到伤害提前消失，则使目标下一个伤害招式附带伤害效果。
长歌,相知,12,琴音共鸣,移除敌对目标身上2个增益效果，并添加给自身。
霸刀,北傲诀,1,孤漠,“龙骧虎步”会心几率提高15%，会心后各回复15点狂意、刀魂、气劲。
霸刀,北傲诀,2,归酣,“上将军印”消耗的狂意减少5点，每段伤害命中目标则使自身调息时间降低2秒，此效果最多作用5次。
霸刀,北傲诀,2,沧雪,“项王击鼎”三段触发的持续范围伤害每跳伤害递增7%。
霸刀,北傲诀,2,碎影,“闹须弥”调息时间降低5秒，释放后获得一次“碎江天”施展机会。
霸刀,北傲诀,3,阳关,“上将军印”伤害提高20%。
霸刀,北傲诀,3,照野,“西楚悲歌”附带的重力效果大幅提高。
霸刀,北傲诀,3,疏狂,“西楚悲歌”不再生成刀气障碍，伤害范围扩大至12尺，范围内小队成员基础攻击力提高30%，持续12秒。
霸刀,北傲诀,4,霜天,“上将军印”连续命中的目标每次受到的伤害提高15%。
霸刀,北傲诀,4,连兵,“割据秦宫”每段命中目标使“项王击鼎”三段触发的持续群体伤害持续时间增加1秒，最多增加3秒。
霸刀,北傲诀,5,含风,“刀啸风吟”施展后使“醉斩白蛇”运功时间增加0.5秒，最多增加1.5秒。
霸刀,北傲诀,5,啸吒,“醉斩白蛇”每跳有15%几率使下一个“刀啸风吟”无需运功且附带击退效果。
霸刀,北傲诀,5,击瑕,“破釜沉舟”命中锁足、眩晕、倒地目标伤害提高15%且调息时间减半。
霸刀,北傲诀,5,吞楚,“碎江天”使目标受到的疗伤成效降低50%，持续12秒。
霸刀,北傲诀,6,砺锋,“醉斩白蛇”每跳伤害会心使“刀啸风吟”伤害提高20%，可叠加3层，持续15秒。
霸刀,北傲诀,6,行泽,“醉斩白蛇”消耗的气劲增加5点，命中目标并使目标无法施展轻功、移动速度降低20%，持续2秒。
霸刀,北傲诀,6,逐鹿,“项王击鼎”每段会心都使三段触发的持续群体伤害持续时间增加0.5秒，最多增加1.5秒。
霸刀,北傲诀,6,流影,“碎江天”施展后额外多获得一层“松烟”效果，使自身闪避几率提高100%，持续2秒。
霸刀,北傲诀,7,斩纷,“醉斩白蛇”施展后立刻对目标造成伤害，但会触发6秒调息时间。
霸刀,北傲诀,7,百战,“楚河汉界”血量提高100%，持续时间增加2秒。
霸刀,北傲诀,7,分疆,“上将军印”能额外劈出2刀伤害。
霸刀,北傲诀,7,还壁,若累积施展6斩“擒龙六斩”，可施展第七式招式，当前“松烟竹雾”体态进入“爆体”状态，立即重置“殷雷腿”套路下招式，免疫任何控制效果，伤害提高30%，自身加速提高20%，持续15秒。切换姿态后“爆体”状态消失。
霸刀,北傲诀,8,星火,体质和力道提高10%。
霸刀,北傲诀,8,腾雾,“雪絮金屏”体态下攻击招式施展距离提高5尺，运功不会被打退。
霸刀,北傲诀,8,雾晓,“松烟竹雾”体态下移速效果额外增加10%，降低被命中几率效果额外增加5%。
霸刀,北傲诀,8,王印,“秀明尘身”体态下招式施展范围增加1尺，控制时间增加1秒。
霸刀,北傲诀,9,楚歌,命中气血值低于40%的目标，招式会心提高10%，会心效果提高10%。
霸刀,北傲诀,9,辟海,“楚河汉界”不再生成刀气障碍，但会摧毁触碰到的敌对刀气障碍效果。
霸刀,北傲诀,9,易水,“西楚悲歌”施展后解除自身受控状态并使范围内小队成员受到的伤害降低30%。
霸刀,北傲诀,9,秋瑟,“散流霞”施展后立刻卸除自身阳性、阴性、混元、毒性、点穴、持续伤害不利效果各两个，效果期间施展技能不会解除无法选中状态且持续时间增加2秒。
霸刀,北傲诀,10,绝期,“闹须弥”流血效果伤害提高30%且自身伤害招式命中目标后有30%的几率刷新流血效果持续时间。
霸刀,北傲诀,10,重激,“割据秦宫”每段命中目标，使自身下一次招式伤害分别提高10%、20%、30%。
霸刀,北傲诀,10,曳鼎,“楚河汉界”变为2层充能招式，充能时间40秒。
霸刀,北傲诀,10,空痕,“松烟竹雾”体态下“松烟效果”，上限提高到5层，且“松烟竹雾”体态下释放“殷雷腿”套路技能，伤害提高30%。
霸刀,北傲诀,11,冷川,体态能量上限提高20点，战斗状态下非当前体态能量回复速度提高100%。
霸刀,北傲诀,11,裁骨,“雪絮金屏”体态下刀气障碍会将触碰到的敌方目标击退并眩晕2秒，最多对10个目标生效。
霸刀,北傲诀,11,重烟,“秀明尘身”体态下自身所有招式调息速度提高30%。
霸刀,北傲诀,11,势孤,“松烟竹雾”体态下受到的锁足、定身、眩晕控制效果持续时间降低50%且每秒恢复自身0.4%自身气血最大值。
霸刀,北傲诀,12,心镜,“坚壁清野”刀气残留时间增加5秒，“雪絮金屏”体态下施展伤害招式命中处于自身“坚壁清野”区域内的敌对目标，招式会心几率提高20%，会心效果提高20%。
霸刀,北傲诀,12,冻土,“坚壁清野”调息时间降低5秒，不再附带持续伤害效果，首次伤害提高30%并附带4秒锁足效果。
霸刀,北傲诀,12,寒衣,“楚河汉界”存在期间，自身受到的50%伤害由“楚河汉界”承担。
蓬莱,凌海诀,1,海隅,“击水三千”伤害提高10%。
蓬莱,凌海诀,1,江汉,“击水三千”三段效果附带一次击退效果。
蓬莱,凌海诀,1,渊壑,“海运南冥”无需选中目标释放，对自身范围8尺内敌人造成伤害，最多作用5个目标。
蓬莱,凌海诀,2,苍梧,“木落雁归”伤害提高10%，释放距离增加6尺。
蓬莱,凌海诀,2,扶桑,“翼绝云天”伤害提升10%，每次命中目标回复自身4%内力最大值。
蓬莱,凌海诀,2,昆山,“跃潮斩波”伤害提高10%，能对目标周围6尺范围内最多6个目标造成伤害。
蓬莱,凌海诀,3,羽彰,“翼绝云天”每次命中目标，使自身外功破防等级提高3%，持续12秒，最多可叠加5层。
蓬莱,凌海诀,3,乘龙,撑伞状态结束受到的伤害降低20%，自身免疫控制（击退和被拉除外），持续6秒。
蓬莱,凌海诀,3,逐风,“撑伞浮空”状态下受到的伤害降低30%。
蓬莱,凌海诀,3,驾鸾,“振翅图南”立即对目标前方矩形范围造成一次击退效果。
蓬莱,凌海诀,4,清源,“物化天行”过程中施展“碧海缥缈掌”套路下伤害招式不再附带冲刺及控制效果，并降低“定波砥澜”“浮游天地”1秒调息时间。
蓬莱,凌海诀,4,遥思,“溟海御波”变为2层充能技，施展过程中受到的伤害降低20%。
蓬莱,凌海诀,4,冥意,“逐波灵游”攻击距离提高到20尺，技能最终根据高度差决定最终伤害，高度越高伤害越高。
蓬莱,凌海诀,4,凝气,在非浮空姿态下，释放“逸尘步虚”时返还5秒“跃潮斩波”调息时间。
蓬莱,凌海诀,5,澄穆,“疾电叱羽”吸收的伤害提高到身法的70倍效果，每秒回复范围内小队成员2%气血最大值，2%内力最大值。
蓬莱,凌海诀,5,兰棹,“疾电叱羽”每秒解除范围内队友阴性、混元性、阳性、毒性、点穴不利效果各一个。
蓬莱,凌海诀,5,太息,“浮游天地·落地”会对自身周围4尺范围造成一次伤害，释放后使自身伤害提高20%，持续8秒。
蓬莱,凌海诀,5,冯夷,“物化天行”变为3层充能招式，施展后返还“海运南冥”“溟海御波”5秒调息时间。
蓬莱,凌海诀,6,伞意,撑伞状态结束自身伤害提高20%，持续6秒。
蓬莱,凌海诀,6,遨宇,施展“逸尘步虚”后降低“物化天行”5秒调息时间，并增加自身10%减伤，最多3层，持续10秒。
蓬莱,凌海诀,6,辰极,“浮游天地”施展后5秒内，在半径20尺区域内施展“逸尘步虚”不消耗充能次数。
蓬莱,凌海诀,6,谒宫,“碧海缥缈掌”套路下招式可在地面施展。
蓬莱,凌海诀,7,游心,“逸尘步虚”若成功闪避招式，则使自身10秒内“海运南冥”“溟海御波”“逐波灵游”“跃潮斩波”伤害提高20%，最多触发3次。
蓬莱,凌海诀,7,鸿轨,“碧海缥缈掌”套路下招式对空中目标增加20%伤害。
蓬莱,凌海诀,7,奋翼,对击倒状态的目标伤害提高15%。
蓬莱,凌海诀,7,罔象,“振翅图南”对静止目标伤害提高20%。
蓬莱,凌海诀,8,怅归,“定波砥澜”不再具有防守反击效果，变为蓄力范围攻击，完整蓄力后生成一个“驰风震域”的浪潮，持续6秒。
蓬莱,凌海诀,8,崔嵬,“定波砥澜”不再具有防守反击效果，3秒内减伤增加到80%并免疫控制效果，期间每受到一次攻击降低2秒调息时间。
蓬莱,凌海诀,8,凌霄,施展“浮游天地”能挑飞范围内敌对目标。
蓬莱,凌海诀,8,跃潮,撑伞浮空状态下施展“跃潮斩波”，使目标受到的疗伤成效降低50%，持续8秒。
蓬莱,凌海诀,9,藏锋,“浮游天地”变为2层充能招式，充能时间20秒。
蓬莱,凌海诀,9,溯徊,在非浮空姿态下，施展“跃潮斩波”命中目标后，形成一个“驰风震域”的浪潮。
蓬莱,凌海诀,9,横绝,“驭羽骋风”调息时间降低30秒，可对目标范围施展，快速持雕冲刺至目标位置，冲刺过程中无法被选中，3秒内可施展二段技能，快速回到冲刺前位置，对路径上敌人造成一次伤害，并眩晕2秒。
蓬莱,凌海诀,9,倾盖,“驭羽骋风”调息时间降低30秒，能对友方目标施展，解除目标受控状态，指挥海雕立即把队友带离险境带到自身位置。
蓬莱,凌海诀,10,驰行,“振翅图南”飓风持续时间增加2秒，自身处于飓风效果范围内，施展“碧海缥缈掌”套路下招式伤害提高20%。
蓬莱,凌海诀,10,神降,施展“逸尘步虚”后使自身下一个“跃潮斩波”会心提高10%，会心效果提高10%，效果最多叠加5层。
蓬莱,凌海诀,10,翔极碧落,命令海雕猛扑目标，造成<SUB 19767 0>外功伤害，若其正在运功，则将运功打断并使其沉默4秒。
蓬莱,凌海诀,11,梦悠,自身处于“驰风震域”中施展招式无视目标30%防御。
蓬莱,凌海诀,11,无涯,“驰风震域”持续时间减少4秒，使处于“驰风震域”外的目标，无法选中处于“驰风震域”内的目标。
蓬莱,凌海诀,11,穹庐,施展“驭羽骋风”清除全部“浮游天地”调息时间。
蓬莱,凌海诀,11,鸿渐于飞,一段冲向目标把目标周围敌对目标挑飞造成100%武器伤害外加<SUB 20605 0>，二段连续对自身前方敌对目标造成100%武器伤害外加<SUB 20617 0>，三段立即击落自身前方敌对目标造成100%武器伤害外加<SUB 20632 0>。
蓬莱,凌海诀,12,征夷,“逸尘步虚”释放后使自身无法被选中。
蓬莱,凌海诀,12,濯流,在“驰风震域”的浪潮中施展“浮游天地”调息时间减少3秒，施展后会生成“振翅图南”的飓风，持续4秒。
蓬莱,凌海诀,12,时移,“疾电叱羽”范围效果内，使小队成员免疫控制效果。
