id,name,icon,level,deprecated
1,彩·鹤顶·穿石·腐心(肆),2349,4,0
2,彩·鹤顶·穿石·腐心(伍),2350,5,0
3,彩·鹤顶·穿石·腐心(陆),2351,6,0
4,彩·鹤顶·腐心·穿石(肆),2349,4,0
5,彩·鹤顶·腐心·穿石(伍),2350,5,0
6,彩·鹤顶·腐心·穿石(陆),2351,6,0
7,彩·鹤顶·腐心·痛击(肆),2349,4,0
8,彩·鹤顶·腐心·痛击(伍),2350,5,0
9,彩·鹤顶·腐心·痛击(陆),2351,6,0
10,彩·鹤顶·大化·穿石(肆),2349,4,0
11,彩·鹤顶·大化·穿石(伍),2350,5,0
12,彩·鹤顶·大化·穿石(陆),2351,6,0
13,彩·鹤顶·大化·腐心(肆),2349,4,0
14,彩·鹤顶·大化·腐心(伍),2350,5,0
15,彩·鹤顶·大化·腐心(陆),2351,6,0
16,彩·鹤顶·大化·痛击(肆),2349,4,0
17,彩·鹤顶·大化·痛击(伍),2350,5,0
18,彩·鹤顶·大化·痛击(陆),2351,6,0
19,彩·鹤顶·痛击·腐心(肆),2349,4,0
20,彩·鹤顶·痛击·腐心(伍),2350,5,0
21,彩·鹤顶·痛击·腐心(陆),2351,6,0
22,彩·鹤顶·见切·腐心(肆),2349,4,0
23,彩·鹤顶·见切·腐心(伍),2350,5,0
24,彩·鹤顶·见切·腐心(陆),2351,6,0
25,彩·鹤顶·见切·痛击(肆),2349,4,0
26,彩·鹤顶·见切·痛击(伍),2350,5,0
27,彩·鹤顶·见切·痛击(陆),2351,6,0
28,彩·穿石·鹤顶·腐心(肆),2349,4,0
29,彩·穿石·鹤顶·腐心(伍),2350,5,0
30,彩·穿石·鹤顶·腐心(陆),2351,6,0
31,彩·穿石·腐心·鹤顶(肆),2349,4,0
32,彩·穿石·腐心·鹤顶(伍),2350,5,0
33,彩·穿石·腐心·鹤顶(陆),2351,6,0
34,彩·穿石·大化·鹤顶(肆),2349,4,0
35,彩·穿石·大化·鹤顶(伍),2350,5,0
36,彩·穿石·大化·鹤顶(陆),2351,6,0
37,彩·穿石·大化·腐心(肆),2349,4,0
38,彩·穿石·大化·腐心(伍),2350,5,0
39,彩·穿石·大化·腐心(陆),2351,6,0
40,彩·穿石·大化·海纳(肆),2319,4,0
41,彩·穿石·大化·海纳(伍),2320,5,0
42,彩·穿石·大化·海纳(陆),2321,6,0
43,彩·蚀骨·鹤顶·穿石(肆),2349,4,0
44,彩·蚀骨·鹤顶·穿石(伍),2350,5,0
45,彩·蚀骨·鹤顶·穿石(陆),2351,6,0
46,彩·蚀骨·鹤顶·腐心(肆),2349,4,0
47,彩·蚀骨·鹤顶·腐心(伍),2350,5,0
48,彩·蚀骨·鹤顶·腐心(陆),2351,6,0
49,彩·蚀骨·穿石·鹤顶(肆),2349,4,0
50,彩·蚀骨·穿石·鹤顶(伍),2350,5,0
51,彩·蚀骨·穿石·鹤顶(陆),2351,6,0
52,彩·蚀骨·穿石·腐心(肆),2349,4,0
53,彩·蚀骨·穿石·腐心(伍),2350,5,0
54,彩·蚀骨·穿石·腐心(陆),2351,6,0
55,彩·蚀骨·穿石·海纳(肆),2319,4,0
56,彩·蚀骨·穿石·海纳(伍),2320,5,0
57,彩·蚀骨·穿石·海纳(陆),2321,6,0
58,彩·蚀骨·腐心·鹤顶(肆),2349,4,0
59,彩·蚀骨·腐心·鹤顶(伍),2350,5,0
60,彩·蚀骨·腐心·鹤顶(陆),2351,6,0
61,彩·蚀骨·腐心·穿石(肆),2349,4,0
62,彩·蚀骨·腐心·穿石(伍),2350,5,0
63,彩·蚀骨·腐心·穿石(陆),2351,6,0
64,彩·蚀骨·大化·鹤顶(肆),2349,4,0
65,彩·蚀骨·大化·鹤顶(伍),2350,5,0
66,彩·蚀骨·大化·鹤顶(陆),2351,6,0
67,彩·蚀骨·大化·穿石(肆),2349,4,0
68,彩·蚀骨·大化·穿石(伍),2350,5,0
69,彩·蚀骨·大化·穿石(陆),2351,6,0
70,彩·蚀骨·大化·腐心(肆),2349,4,0
71,彩·蚀骨·大化·腐心(伍),2350,5,0
72,彩·蚀骨·大化·腐心(陆),2351,6,0
73,彩·蚀骨·大化·海纳(肆),2319,4,0
74,彩·蚀骨·大化·海纳(伍),2320,5,0
75,彩·蚀骨·大化·海纳(陆),2321,6,0
76,彩·蚀骨·海纳·穿石(肆),2319,4,0
77,彩·蚀骨·海纳·穿石(伍),2320,5,0
78,彩·蚀骨·海纳·穿石(陆),2321,6,0
109,彩·腐心·鹤顶·穿石(肆),2349,4,0
110,彩·腐心·鹤顶·穿石(伍),2350,5,0
111,彩·腐心·鹤顶·穿石(陆),2351,6,0
112,彩·腐心·鹤顶·痛击(肆),2349,4,0
113,彩·腐心·鹤顶·痛击(伍),2350,5,0
114,彩·腐心·鹤顶·痛击(陆),2351,6,0
115,彩·腐心·穿石·鹤顶(肆),2349,4,0
116,彩·腐心·穿石·鹤顶(伍),2350,5,0
117,彩·腐心·穿石·鹤顶(陆),2351,6,0
118,彩·腐心·大化·鹤顶(肆),2349,4,0
119,彩·腐心·大化·鹤顶(伍),2350,5,0
120,彩·腐心·大化·鹤顶(陆),2351,6,0
121,彩·腐心·大化·穿石(肆),2349,4,0
122,彩·腐心·大化·穿石(伍),2350,5,0
123,彩·腐心·大化·穿石(陆),2351,6,0
124,彩·腐心·大化·痛击(肆),2349,4,0
125,彩·腐心·大化·痛击(伍),2350,5,0
126,彩·腐心·大化·痛击(陆),2351,6,0
127,彩·腐心·痛击·鹤顶(肆),2349,4,0
128,彩·腐心·痛击·鹤顶(伍),2350,5,0
129,彩·腐心·痛击·鹤顶(陆),2351,6,0
130,彩·腐心·见切·鹤顶(肆),2349,4,0
131,彩·腐心·见切·鹤顶(伍),2350,5,0
132,彩·腐心·见切·鹤顶(陆),2351,6,0
133,彩·腐心·见切·痛击(肆),2349,4,0
134,彩·腐心·见切·痛击(伍),2350,5,0
135,彩·腐心·见切·痛击(陆),2351,6,0
136,彩·破势·耐受·守御(肆),2359,4,0
137,彩·破势·耐受·守御(伍),2360,5,0
138,彩·破势·耐受·守御(陆),2361,6,0
139,彩·破势·耐受·血魂(肆),2359,4,0
140,彩·破势·耐受·血魂(伍),2360,5,0
141,彩·破势·耐受·血魂(陆),2361,6,0
142,彩·破势·灵动·耐受(肆),2359,4,0
143,彩·破势·灵动·耐受(伍),2360,5,0
144,彩·破势·灵动·耐受(陆),2361,6,0
145,彩·破势·灵动·守御(肆),2359,4,0
146,彩·破势·灵动·守御(伍),2360,5,0
147,彩·破势·灵动·守御(陆),2361,6,0
148,彩·破势·灵动·血魂(肆),2359,4,0
149,彩·破势·灵动·血魂(伍),2360,5,0
150,彩·破势·灵动·血魂(陆),2361,6,0
151,彩·破势·守御·耐受(肆),2359,4,0
152,彩·破势·守御·耐受(伍),2360,5,0
153,彩·破势·守御·耐受(陆),2361,6,0
154,彩·破势·守御·血魂(肆),2359,4,0
155,彩·破势·守御·血魂(伍),2360,5,0
156,彩·破势·守御·血魂(陆),2361,6,0
157,彩·破势·血魂·耐受(肆),2359,4,0
158,彩·破势·血魂·耐受(伍),2360,5,0
159,彩·破势·血魂·耐受(陆),2361,6,0
160,彩·破势·血魂·守御(肆),2359,4,0
161,彩·破势·血魂·守御(伍),2360,5,0
162,彩·破势·血魂·守御(陆),2361,6,0
163,彩·耐受·破势·守御(肆),2359,4,0
164,彩·耐受·破势·守御(伍),2360,5,0
165,彩·耐受·破势·守御(陆),2361,6,0
166,彩·耐受·破势·血魂(肆),2359,4,0
167,彩·耐受·破势·血魂(伍),2360,5,0
168,彩·耐受·破势·血魂(陆),2361,6,0
169,彩·耐受·灵动·破势(肆),2359,4,0
170,彩·耐受·灵动·破势(伍),2360,5,0
171,彩·耐受·灵动·破势(陆),2361,6,0
172,彩·耐受·灵动·守御(肆),2359,4,0
173,彩·耐受·灵动·守御(伍),2360,5,0
174,彩·耐受·灵动·守御(陆),2361,6,0
175,彩·耐受·灵动·血魂(肆),2359,4,0
176,彩·耐受·灵动·血魂(伍),2360,5,0
177,彩·耐受·灵动·血魂(陆),2361,6,0
178,彩·耐受·守御·破势(肆),2359,4,0
179,彩·耐受·守御·破势(伍),2360,5,0
180,彩·耐受·守御·破势(陆),2361,6,0
181,彩·耐受·守御·血魂(肆),2359,4,0
182,彩·耐受·守御·血魂(伍),2360,5,0
183,彩·耐受·守御·血魂(陆),2361,6,0
184,彩·耐受·血魂·破势(肆),2359,4,0
185,彩·耐受·血魂·破势(伍),2360,5,0
186,彩·耐受·血魂·破势(陆),2361,6,0
187,彩·耐受·血魂·守御(肆),2359,4,0
188,彩·耐受·血魂·守御(伍),2360,5,0
189,彩·耐受·血魂·守御(陆),2361,6,0
190,彩·耐受·大御·血魂(肆),2359,4,0
191,彩·耐受·大御·血魂(伍),2360,5,0
192,彩·耐受·大御·血魂(陆),2361,6,0
193,彩·灵动·破势·耐受(肆),2359,4,0
194,彩·灵动·破势·耐受(伍),2360,5,0
195,彩·灵动·破势·耐受(陆),2361,6,0
196,彩·灵动·破势·守御(肆),2359,4,0
197,彩·灵动·破势·守御(伍),2360,5,0
198,彩·灵动·破势·守御(陆),2361,6,0
199,彩·灵动·破势·血魂(肆),2359,4,0
200,彩·灵动·破势·血魂(伍),2360,5,0
201,彩·灵动·破势·血魂(陆),2361,6,0
202,彩·灵动·耐受·破势(肆),2359,4,0
203,彩·灵动·耐受·破势(伍),2360,5,0
204,彩·灵动·耐受·破势(陆),2361,6,0
205,彩·灵动·耐受·守御(肆),2359,4,0
206,彩·灵动·耐受·守御(伍),2360,5,0
207,彩·灵动·耐受·守御(陆),2361,6,0
208,彩·灵动·耐受·血魂(肆),2359,4,0
209,彩·灵动·耐受·血魂(伍),2360,5,0
210,彩·灵动·耐受·血魂(陆),2361,6,0
211,彩·灵动·守御·破势(肆),2359,4,0
212,彩·灵动·守御·破势(伍),2360,5,0
213,彩·灵动·守御·破势(陆),2361,6,0
214,彩·灵动·守御·耐受(肆),2359,4,0
215,彩·灵动·守御·耐受(伍),2360,5,0
216,彩·灵动·守御·耐受(陆),2361,6,0
217,彩·灵动·守御·血魂(肆),2359,4,0
218,彩·灵动·守御·血魂(伍),2360,5,0
219,彩·灵动·守御·血魂(陆),2361,6,0
220,彩·灵动·血魂·破势(肆),2359,4,0
221,彩·灵动·血魂·破势(伍),2360,5,0
222,彩·灵动·血魂·破势(陆),2361,6,0
223,彩·灵动·血魂·耐受(肆),2359,4,0
224,彩·灵动·血魂·耐受(伍),2360,5,0
225,彩·灵动·血魂·耐受(陆),2361,6,0
226,彩·灵动·血魂·守御(肆),2359,4,0
227,彩·灵动·血魂·守御(伍),2360,5,0
228,彩·灵动·血魂·守御(陆),2361,6,0
229,彩·灵动·大御·血魂(肆),2359,4,0
230,彩·灵动·大御·血魂(伍),2360,5,0
231,彩·灵动·大御·血魂(陆),2361,6,0
232,彩·守御·破势·耐受(肆),2359,4,0
233,彩·守御·破势·耐受(伍),2360,5,0
234,彩·守御·破势·耐受(陆),2361,6,0
235,彩·守御·破势·血魂(肆),2359,4,0
236,彩·守御·破势·血魂(伍),2360,5,0
237,彩·守御·破势·血魂(陆),2361,6,0
238,彩·守御·耐受·破势(肆),2359,4,0
239,彩·守御·耐受·破势(伍),2360,5,0
240,彩·守御·耐受·破势(陆),2361,6,0
241,彩·守御·耐受·血魂(肆),2359,4,0
242,彩·守御·耐受·血魂(伍),2360,5,0
243,彩·守御·耐受·血魂(陆),2361,6,0
244,彩·守御·灵动·破势(肆),2359,4,0
245,彩·守御·灵动·破势(伍),2360,5,0
246,彩·守御·灵动·破势(陆),2361,6,0
247,彩·守御·灵动·耐受(肆),2359,4,0
248,彩·守御·灵动·耐受(伍),2360,5,0
249,彩·守御·灵动·耐受(陆),2361,6,0
250,彩·守御·灵动·血魂(肆),2359,4,0
251,彩·守御·灵动·血魂(伍),2360,5,0
252,彩·守御·灵动·血魂(陆),2361,6,0
253,彩·守御·血魂·破势(肆),2359,4,0
254,彩·守御·血魂·破势(伍),2360,5,0
255,彩·守御·血魂·破势(陆),2361,6,0
256,彩·守御·血魂·耐受(肆),2359,4,0
257,彩·守御·血魂·耐受(伍),2360,5,0
258,彩·守御·血魂·耐受(陆),2361,6,0
259,彩·守御·大御·血魂(肆),2359,4,0
260,彩·守御·大御·血魂(伍),2360,5,0
261,彩·守御·大御·血魂(陆),2361,6,0
262,彩·血魂·破势·耐受(肆),2359,4,0
263,彩·血魂·破势·耐受(伍),2360,5,0
264,彩·血魂·破势·耐受(陆),2361,6,0
265,彩·血魂·破势·守御(肆),2359,4,0
266,彩·血魂·破势·守御(伍),2360,5,0
267,彩·血魂·破势·守御(陆),2361,6,0
268,彩·血魂·耐受·破势(肆),2359,4,0
269,彩·血魂·耐受·破势(伍),2360,5,0
270,彩·血魂·耐受·破势(陆),2361,6,0
271,彩·血魂·耐受·守御(肆),2359,4,0
272,彩·血魂·耐受·守御(伍),2360,5,0
273,彩·血魂·耐受·守御(陆),2361,6,0
274,彩·血魂·灵动·破势(肆),2359,4,0
275,彩·血魂·灵动·破势(伍),2360,5,0
276,彩·血魂·灵动·破势(陆),2361,6,0
277,彩·血魂·灵动·耐受(肆),2359,4,0
278,彩·血魂·灵动·耐受(伍),2360,5,0
279,彩·血魂·灵动·耐受(陆),2361,6,0
280,彩·血魂·灵动·守御(肆),2359,4,0
281,彩·血魂·灵动·守御(伍),2360,5,0
282,彩·血魂·灵动·守御(陆),2361,6,0
283,彩·血魂·守御·破势(肆),2359,4,0
284,彩·血魂·守御·破势(伍),2360,5,0
285,彩·血魂·守御·破势(陆),2361,6,0
286,彩·血魂·守御·耐受(肆),2359,4,0
287,彩·血魂·守御·耐受(伍),2360,5,0
288,彩·血魂·守御·耐受(陆),2361,6,0
289,彩·不屈·破势·耐受(肆),2359,4,0
290,彩·不屈·破势·耐受(伍),2360,5,0
291,彩·不屈·破势·耐受(陆),2361,6,0
292,彩·不屈·破势·守御(肆),2359,4,0
293,彩·不屈·破势·守御(伍),2360,5,0
294,彩·不屈·破势·守御(陆),2361,6,0
295,彩·不屈·破势·血魂(肆),2359,4,0
296,彩·不屈·破势·血魂(伍),2360,5,0
297,彩·不屈·破势·血魂(陆),2361,6,0
298,彩·不屈·耐受·破势(肆),2359,4,0
299,彩·不屈·耐受·破势(伍),2360,5,0
300,彩·不屈·耐受·破势(陆),2361,6,0
301,彩·不屈·耐受·守御(肆),2359,4,0
302,彩·不屈·耐受·守御(伍),2360,5,0
303,彩·不屈·耐受·守御(陆),2361,6,0
304,彩·不屈·耐受·血魂(肆),2359,4,0
305,彩·不屈·耐受·血魂(伍),2360,5,0
306,彩·不屈·耐受·血魂(陆),2361,6,0
307,彩·不屈·灵动·破势(肆),2359,4,0
308,彩·不屈·灵动·破势(伍),2360,5,0
309,彩·不屈·灵动·破势(陆),2361,6,0
310,彩·不屈·灵动·耐受(肆),2359,4,0
311,彩·不屈·灵动·耐受(伍),2360,5,0
312,彩·不屈·灵动·耐受(陆),2361,6,0
313,彩·不屈·灵动·守御(肆),2359,4,0
314,彩·不屈·灵动·守御(伍),2360,5,0
315,彩·不屈·灵动·守御(陆),2361,6,0
316,彩·不屈·灵动·血魂(肆),2359,4,0
317,彩·不屈·灵动·血魂(伍),2360,5,0
318,彩·不屈·灵动·血魂(陆),2361,6,0
319,彩·不屈·守御·破势(肆),2359,4,0
320,彩·不屈·守御·破势(伍),2360,5,0
321,彩·不屈·守御·破势(陆),2361,6,0
322,彩·不屈·守御·耐受(肆),2359,4,0
323,彩·不屈·守御·耐受(伍),2360,5,0
324,彩·不屈·守御·耐受(陆),2361,6,0
325,彩·不屈·守御·血魂(肆),2359,4,0
326,彩·不屈·守御·血魂(伍),2360,5,0
327,彩·不屈·守御·血魂(陆),2361,6,0
328,彩·不屈·血魂·破势(肆),2359,4,0
329,彩·不屈·血魂·破势(伍),2360,5,0
330,彩·不屈·血魂·破势(陆),2361,6,0
331,彩·不屈·血魂·耐受(肆),2359,4,0
332,彩·不屈·血魂·耐受(伍),2360,5,0
333,彩·不屈·血魂·耐受(陆),2361,6,0
334,彩·不屈·血魂·守御(肆),2359,4,0
335,彩·不屈·血魂·守御(伍),2360,5,0
336,彩·不屈·血魂·守御(陆),2361,6,0
337,彩·不屈·大御·血魂(肆),2359,4,0
338,彩·不屈·大御·血魂(伍),2360,5,0
339,彩·不屈·大御·血魂(陆),2361,6,0
340,彩·大化·鹤顶·穿石(肆),2349,4,0
341,彩·大化·鹤顶·穿石(伍),2350,5,0
342,彩·大化·鹤顶·穿石(陆),2351,6,0
343,彩·大化·鹤顶·腐心(肆),2349,4,0
344,彩·大化·鹤顶·腐心(伍),2350,5,0
345,彩·大化·鹤顶·腐心(陆),2351,6,0
346,彩·大化·鹤顶·痛击(肆),2349,4,0
347,彩·大化·鹤顶·痛击(伍),2350,5,0
348,彩·大化·鹤顶·痛击(陆),2351,6,0
349,彩·大化·穿石·鹤顶(肆),2349,4,0
350,彩·大化·穿石·鹤顶(伍),2350,5,0
351,彩·大化·穿石·鹤顶(陆),2351,6,0
352,彩·大化·穿石·腐心(肆),2349,4,0
353,彩·大化·穿石·腐心(伍),2350,5,0
354,彩·大化·穿石·腐心(陆),2351,6,0
355,彩·大化·穿石·海纳(肆),2319,4,0
356,彩·大化·穿石·海纳(伍),2320,5,0
357,彩·大化·穿石·海纳(陆),2321,6,0
358,彩·大化·腐心·鹤顶(肆),2349,4,0
359,彩·大化·腐心·鹤顶(伍),2350,5,0
360,彩·大化·腐心·鹤顶(陆),2351,6,0
361,彩·大化·腐心·穿石(肆),2349,4,0
362,彩·大化·腐心·穿石(伍),2350,5,0
363,彩·大化·腐心·穿石(陆),2351,6,0
364,彩·大化·腐心·痛击(肆),2349,4,0
365,彩·大化·腐心·痛击(伍),2350,5,0
366,彩·大化·腐心·痛击(陆),2351,6,0
367,彩·大化·雷鸣·霹雳(肆),2349,4,0
368,彩·大化·雷鸣·霹雳(伍),2350,5,0
369,彩·大化·雷鸣·霹雳(陆),2351,6,0
370,彩·大化·雷鸣·混沌(肆),2349,4,0
371,彩·大化·雷鸣·混沌(伍),2350,5,0
372,彩·大化·雷鸣·混沌(陆),2351,6,0
373,彩·大化·霹雳·雷鸣(肆),2349,4,0
374,彩·大化·霹雳·雷鸣(伍),2350,5,0
375,彩·大化·霹雳·雷鸣(陆),2351,6,0
376,彩·大化·霹雳·混沌(肆),2349,4,0
377,彩·大化·霹雳·混沌(伍),2350,5,0
378,彩·大化·霹雳·混沌(陆),2351,6,0
379,彩·大化·霹雳·海纳(肆),2319,4,0
380,彩·大化·霹雳·海纳(伍),2320,5,0
381,彩·大化·霹雳·海纳(陆),2321,6,0
382,彩·大化·混沌·雷鸣(肆),2349,4,0
383,彩·大化·混沌·雷鸣(伍),2350,5,0
384,彩·大化·混沌·雷鸣(陆),2351,6,0
385,彩·大化·混沌·霹雳(肆),2349,4,0
386,彩·大化·混沌·霹雳(伍),2350,5,0
387,彩·大化·混沌·霹雳(陆),2351,6,0
388,彩·大化·激流·月华(肆),2349,4,0
389,彩·大化·激流·月华(伍),2350,5,0
390,彩·大化·激流·月华(陆),2351,6,0
391,彩·大化·激流·灭气(肆),2349,4,0
392,彩·大化·激流·灭气(伍),2350,5,0
393,彩·大化·激流·灭气(陆),2351,6,0
394,彩·大化·月华·激流(肆),2349,4,0
395,彩·大化·月华·激流(伍),2350,5,0
396,彩·大化·月华·激流(陆),2351,6,0
397,彩·大化·月华·灭气(肆),2349,4,0
398,彩·大化·月华·灭气(伍),2350,5,0
399,彩·大化·月华·灭气(陆),2351,6,0
400,彩·大化·月华·海纳(肆),2319,4,0
401,彩·大化·月华·海纳(伍),2320,5,0
402,彩·大化·月华·海纳(陆),2321,6,0
403,彩·大化·灭气·激流(肆),2349,4,0
404,彩·大化·灭气·激流(伍),2350,5,0
405,彩·大化·灭气·激流(陆),2351,6,0
406,彩·大化·灭气·月华(肆),2349,4,0
407,彩·大化·灭气·月华(伍),2350,5,0
408,彩·大化·灭气·月华(陆),2351,6,0
409,彩·大化·锐刃·痛击(肆),2328,4,0
410,彩·大化·锐刃·痛击(伍),2330,5,0
411,彩·大化·锐刃·痛击(陆),2341,6,0
412,彩·大化·锐刃·斩铁(肆),2328,4,0
413,彩·大化·锐刃·斩铁(伍),2330,5,0
414,彩·大化·锐刃·斩铁(陆),2341,6,0
415,彩·大化·锐刃·狂攻(肆),2328,4,0
416,彩·大化·锐刃·狂攻(伍),2330,5,0
417,彩·大化·锐刃·狂攻(陆),2341,6,0
418,彩·大化·痛击·鹤顶(肆),2349,4,0
419,彩·大化·痛击·鹤顶(伍),2350,5,0
420,彩·大化·痛击·鹤顶(陆),2351,6,0
421,彩·大化·痛击·腐心(肆),2349,4,0
422,彩·大化·痛击·腐心(伍),2350,5,0
423,彩·大化·痛击·腐心(陆),2351,6,0
424,彩·大化·痛击·锐刃(肆),2328,4,0
425,彩·大化·痛击·锐刃(伍),2330,5,0
426,彩·大化·痛击·锐刃(陆),2341,6,0
427,彩·大化·痛击·斩铁(肆),2328,4,0
428,彩·大化·痛击·斩铁(伍),2330,5,0
429,彩·大化·痛击·斩铁(陆),2341,6,0
430,彩·大化·痛击·狂攻(肆),2328,4,0
431,彩·大化·痛击·狂攻(伍),2330,5,0
432,彩·大化·痛击·狂攻(陆),2341,6,0
433,彩·大化·见切·鹤顶(肆),2349,4,0
434,彩·大化·见切·鹤顶(伍),2350,5,0
435,彩·大化·见切·鹤顶(陆),2351,6,0
436,彩·大化·见切·腐心(肆),2349,4,0
437,彩·大化·见切·腐心(伍),2350,5,0
438,彩·大化·见切·腐心(陆),2351,6,0
439,彩·大化·斩铁·锐刃(肆),2328,4,0
440,彩·大化·斩铁·锐刃(伍),2330,5,0
441,彩·大化·斩铁·锐刃(陆),2341,6,0
442,彩·大化·斩铁·痛击(肆),2328,4,0
443,彩·大化·斩铁·痛击(伍),2330,5,0
444,彩·大化·斩铁·痛击(陆),2341,6,0
445,彩·大化·斩铁·狂攻(肆),2328,4,0
446,彩·大化·斩铁·狂攻(伍),2330,5,0
447,彩·大化·斩铁·狂攻(陆),2341,6,0
448,彩·大化·烈阳·浴火(肆),2349,4,0
449,彩·大化·烈阳·浴火(伍),2350,5,0
450,彩·大化·烈阳·浴火(陆),2351,6,0
451,彩·大化·烈阳·日炎(肆),2349,4,0
452,彩·大化·烈阳·日炎(伍),2350,5,0
453,彩·大化·烈阳·日炎(陆),2351,6,0
454,彩·大化·浴火·烈阳(肆),2349,4,0
455,彩·大化·浴火·烈阳(伍),2350,5,0
456,彩·大化·浴火·烈阳(陆),2351,6,0
457,彩·大化·浴火·日炎(肆),2349,4,0
458,彩·大化·浴火·日炎(伍),2350,5,0
459,彩·大化·浴火·日炎(陆),2351,6,0
460,彩·大化·浴火·海纳(肆),2319,4,0
461,彩·大化·浴火·海纳(伍),2320,5,0
462,彩·大化·浴火·海纳(陆),2321,6,0
463,彩·大化·日炎·烈阳(肆),2349,4,0
464,彩·大化·日炎·烈阳(伍),2350,5,0
465,彩·大化·日炎·烈阳(陆),2351,6,0
466,彩·大化·日炎·浴火(肆),2349,4,0
467,彩·大化·日炎·浴火(伍),2350,5,0
468,彩·大化·日炎·浴火(陆),2351,6,0
469,彩·大化·霜冷·杯雪(肆),2349,4,0
470,彩·大化·霜冷·杯雪(伍),2350,5,0
471,彩·大化·霜冷·杯雪(陆),2351,6,0
472,彩·大化·霜冷·冻髓(肆),2349,4,0
473,彩·大化·霜冷·冻髓(伍),2350,5,0
474,彩·大化·霜冷·冻髓(陆),2351,6,0
475,彩·大化·杯雪·霜冷(肆),2349,4,0
476,彩·大化·杯雪·霜冷(伍),2350,5,0
477,彩·大化·杯雪·霜冷(陆),2351,6,0
478,彩·大化·杯雪·冻髓(肆),2349,4,0
479,彩·大化·杯雪·冻髓(伍),2350,5,0
480,彩·大化·杯雪·冻髓(陆),2351,6,0
481,彩·大化·杯雪·海纳(肆),2319,4,0
482,彩·大化·杯雪·海纳(伍),2320,5,0
483,彩·大化·杯雪·海纳(陆),2321,6,0
484,彩·大化·冻髓·霜冷(肆),2349,4,0
485,彩·大化·冻髓·霜冷(伍),2350,5,0
486,彩·大化·冻髓·霜冷(陆),2351,6,0
487,彩·大化·冻髓·杯雪(肆),2349,4,0
488,彩·大化·冻髓·杯雪(伍),2350,5,0
489,彩·大化·冻髓·杯雪(陆),2351,6,0
490,彩·大化·琉璃·界影(肆),2349,4,0
491,彩·大化·琉璃·界影(伍),2350,5,0
492,彩·大化·琉璃·界影(陆),2351,6,0
493,彩·大化·琉璃·焚虚(肆),2349,4,0
494,彩·大化·琉璃·焚虚(伍),2350,5,0
495,彩·大化·琉璃·焚虚(陆),2351,6,0
496,彩·大化·界影·琉璃(肆),2349,4,0
497,彩·大化·界影·琉璃(伍),2350,5,0
498,彩·大化·界影·琉璃(陆),2351,6,0
499,彩·大化·界影·焚虚(肆),2349,4,0
500,彩·大化·界影·焚虚(伍),2350,5,0
501,彩·大化·界影·焚虚(陆),2351,6,0
502,彩·大化·焚虚·琉璃(肆),2349,4,0
503,彩·大化·焚虚·琉璃(伍),2350,5,0
504,彩·大化·焚虚·琉璃(陆),2351,6,0
505,彩·大化·焚虚·界影(肆),2349,4,0
506,彩·大化·焚虚·界影(伍),2350,5,0
507,彩·大化·焚虚·界影(陆),2351,6,0
508,彩·大化·海纳·穿石(肆),2319,4,0
509,彩·大化·海纳·穿石(伍),2320,5,0
510,彩·大化·海纳·穿石(陆),2321,6,0
511,彩·大化·海纳·霹雳(肆),2319,4,0
512,彩·大化·海纳·霹雳(伍),2320,5,0
513,彩·大化·海纳·霹雳(陆),2321,6,0
514,彩·大化·海纳·月华(肆),2319,4,0
515,彩·大化·海纳·月华(伍),2320,5,0
516,彩·大化·海纳·月华(陆),2321,6,0
517,彩·大化·海纳·浴火(肆),2319,4,0
518,彩·大化·海纳·浴火(伍),2320,5,0
519,彩·大化·海纳·浴火(陆),2321,6,0
520,彩·大化·海纳·杯雪(肆),2319,4,0
521,彩·大化·海纳·杯雪(伍),2320,5,0
522,彩·大化·海纳·杯雪(陆),2321,6,0
523,彩·潮生·鹤顶·穿石(肆),2349,4,0
524,彩·潮生·鹤顶·穿石(伍),2350,5,0
525,彩·潮生·鹤顶·穿石(陆),2351,6,0
526,彩·潮生·鹤顶·腐心(肆),2349,4,0
527,彩·潮生·鹤顶·腐心(伍),2350,5,0
528,彩·潮生·鹤顶·腐心(陆),2351,6,0
529,彩·潮生·穿石·鹤顶(肆),2349,4,0
530,彩·潮生·穿石·鹤顶(伍),2350,5,0
531,彩·潮生·穿石·鹤顶(陆),2351,6,0
532,彩·潮生·穿石·腐心(肆),2349,4,0
533,彩·潮生·穿石·腐心(伍),2350,5,0
534,彩·潮生·穿石·腐心(陆),2351,6,0
535,彩·潮生·穿石·海纳(肆),2319,4,0
536,彩·潮生·穿石·海纳(伍),2320,5,0
537,彩·潮生·穿石·海纳(陆),2321,6,0
538,彩·潮生·腐心·鹤顶(肆),2349,4,0
539,彩·潮生·腐心·鹤顶(伍),2350,5,0
540,彩·潮生·腐心·鹤顶(陆),2351,6,0
541,彩·潮生·腐心·穿石(肆),2349,4,0
542,彩·潮生·腐心·穿石(伍),2350,5,0
543,彩·潮生·腐心·穿石(陆),2351,6,0
544,彩·潮生·大化·鹤顶(肆),2349,4,0
545,彩·潮生·大化·鹤顶(伍),2350,5,0
546,彩·潮生·大化·鹤顶(陆),2351,6,0
547,彩·潮生·大化·穿石(肆),2349,4,0
548,彩·潮生·大化·穿石(伍),2350,5,0
549,彩·潮生·大化·穿石(陆),2351,6,0
550,彩·潮生·大化·腐心(肆),2349,4,0
551,彩·潮生·大化·腐心(伍),2350,5,0
552,彩·潮生·大化·腐心(陆),2351,6,0
553,彩·潮生·大化·雷鸣(肆),2349,4,0
554,彩·潮生·大化·雷鸣(伍),2350,5,0
555,彩·潮生·大化·雷鸣(陆),2351,6,0
556,彩·潮生·大化·霹雳(肆),2349,4,0
557,彩·潮生·大化·霹雳(伍),2350,5,0
558,彩·潮生·大化·霹雳(陆),2351,6,0
559,彩·潮生·大化·混沌(肆),2349,4,0
560,彩·潮生·大化·混沌(伍),2350,5,0
561,彩·潮生·大化·混沌(陆),2351,6,0
562,彩·潮生·大化·激流(肆),2349,4,0
563,彩·潮生·大化·激流(伍),2350,5,0
564,彩·潮生·大化·激流(陆),2351,6,0
565,彩·潮生·大化·月华(肆),2349,4,0
566,彩·潮生·大化·月华(伍),2350,5,0
567,彩·潮生·大化·月华(陆),2351,6,0
568,彩·潮生·大化·灭气(肆),2349,4,0
569,彩·潮生·大化·灭气(伍),2350,5,0
570,彩·潮生·大化·灭气(陆),2351,6,0
571,彩·潮生·大化·烈阳(肆),2349,4,0
572,彩·潮生·大化·烈阳(伍),2350,5,0
573,彩·潮生·大化·烈阳(陆),2351,6,0
574,彩·潮生·大化·浴火(肆),2349,4,0
575,彩·潮生·大化·浴火(伍),2350,5,0
576,彩·潮生·大化·浴火(陆),2351,6,0
577,彩·潮生·大化·日炎(肆),2349,4,0
578,彩·潮生·大化·日炎(伍),2350,5,0
579,彩·潮生·大化·日炎(陆),2351,6,0
580,彩·潮生·大化·霜冷(肆),2349,4,0
581,彩·潮生·大化·霜冷(伍),2350,5,0
582,彩·潮生·大化·霜冷(陆),2351,6,0
583,彩·潮生·大化·杯雪(肆),2349,4,0
584,彩·潮生·大化·杯雪(伍),2350,5,0
585,彩·潮生·大化·杯雪(陆),2351,6,0
586,彩·潮生·大化·冻髓(肆),2349,4,0
587,彩·潮生·大化·冻髓(伍),2350,5,0
588,彩·潮生·大化·冻髓(陆),2351,6,0
589,彩·潮生·大化·海纳(肆),2319,4,0
590,彩·潮生·大化·海纳(伍),2320,5,0
591,彩·潮生·大化·海纳(陆),2321,6,0
592,彩·潮生·雷鸣·霹雳(肆),2349,4,0
593,彩·潮生·雷鸣·霹雳(伍),2350,5,0
594,彩·潮生·雷鸣·霹雳(陆),2351,6,0
595,彩·潮生·雷鸣·混沌(肆),2349,4,0
596,彩·潮生·雷鸣·混沌(伍),2350,5,0
597,彩·潮生·雷鸣·混沌(陆),2351,6,0
598,彩·潮生·霹雳·雷鸣(肆),2349,4,0
599,彩·潮生·霹雳·雷鸣(伍),2350,5,0
600,彩·潮生·霹雳·雷鸣(陆),2351,6,0
601,彩·潮生·霹雳·混沌(肆),2349,4,0
602,彩·潮生·霹雳·混沌(伍),2350,5,0
603,彩·潮生·霹雳·混沌(陆),2351,6,0
604,彩·潮生·霹雳·海纳(肆),2319,4,0
605,彩·潮生·霹雳·海纳(伍),2320,5,0
606,彩·潮生·霹雳·海纳(陆),2321,6,0
607,彩·潮生·混沌·雷鸣(肆),2349,4,0
608,彩·潮生·混沌·雷鸣(伍),2350,5,0
609,彩·潮生·混沌·雷鸣(陆),2351,6,0
610,彩·潮生·混沌·霹雳(肆),2349,4,0
611,彩·潮生·混沌·霹雳(伍),2350,5,0
612,彩·潮生·混沌·霹雳(陆),2351,6,0
613,彩·潮生·激流·月华(肆),2349,4,0
614,彩·潮生·激流·月华(伍),2350,5,0
615,彩·潮生·激流·月华(陆),2351,6,0
616,彩·潮生·激流·灭气(肆),2349,4,0
617,彩·潮生·激流·灭气(伍),2350,5,0
618,彩·潮生·激流·灭气(陆),2351,6,0
619,彩·潮生·月华·激流(肆),2349,4,0
620,彩·潮生·月华·激流(伍),2350,5,0
621,彩·潮生·月华·激流(陆),2351,6,0
622,彩·潮生·月华·灭气(肆),2349,4,0
623,彩·潮生·月华·灭气(伍),2350,5,0
624,彩·潮生·月华·灭气(陆),2351,6,0
625,彩·潮生·月华·海纳(肆),2319,4,0
626,彩·潮生·月华·海纳(伍),2320,5,0
627,彩·潮生·月华·海纳(陆),2321,6,0
628,彩·潮生·灭气·激流(肆),2349,4,0
629,彩·潮生·灭气·激流(伍),2350,5,0
630,彩·潮生·灭气·激流(陆),2351,6,0
631,彩·潮生·灭气·月华(肆),2349,4,0
632,彩·潮生·灭气·月华(伍),2350,5,0
633,彩·潮生·灭气·月华(陆),2351,6,0
634,彩·潮生·烈阳·浴火(肆),2349,4,0
635,彩·潮生·烈阳·浴火(伍),2350,5,0
636,彩·潮生·烈阳·浴火(陆),2351,6,0
637,彩·潮生·烈阳·日炎(肆),2349,4,0
638,彩·潮生·烈阳·日炎(伍),2350,5,0
639,彩·潮生·烈阳·日炎(陆),2351,6,0
640,彩·潮生·浴火·烈阳(肆),2349,4,0
641,彩·潮生·浴火·烈阳(伍),2350,5,0
642,彩·潮生·浴火·烈阳(陆),2351,6,0
643,彩·潮生·浴火·日炎(肆),2349,4,0
644,彩·潮生·浴火·日炎(伍),2350,5,0
645,彩·潮生·浴火·日炎(陆),2351,6,0
646,彩·潮生·浴火·海纳(肆),2319,4,0
647,彩·潮生·浴火·海纳(伍),2320,5,0
648,彩·潮生·浴火·海纳(陆),2321,6,0
649,彩·潮生·日炎·烈阳(肆),2349,4,0
650,彩·潮生·日炎·烈阳(伍),2350,5,0
651,彩·潮生·日炎·烈阳(陆),2351,6,0
652,彩·潮生·日炎·浴火(肆),2349,4,0
653,彩·潮生·日炎·浴火(伍),2350,5,0
654,彩·潮生·日炎·浴火(陆),2351,6,0
655,彩·潮生·霜冷·杯雪(肆),2349,4,0
656,彩·潮生·霜冷·杯雪(伍),2350,5,0
657,彩·潮生·霜冷·杯雪(陆),2351,6,0
658,彩·潮生·霜冷·冻髓(肆),2349,4,0
659,彩·潮生·霜冷·冻髓(伍),2350,5,0
660,彩·潮生·霜冷·冻髓(陆),2351,6,0
661,彩·潮生·杯雪·霜冷(肆),2349,4,0
662,彩·潮生·杯雪·霜冷(伍),2350,5,0
663,彩·潮生·杯雪·霜冷(陆),2351,6,0
664,彩·潮生·杯雪·冻髓(肆),2349,4,0
665,彩·潮生·杯雪·冻髓(伍),2350,5,0
666,彩·潮生·杯雪·冻髓(陆),2351,6,0
667,彩·潮生·杯雪·海纳(肆),2319,4,0
668,彩·潮生·杯雪·海纳(伍),2320,5,0
669,彩·潮生·杯雪·海纳(陆),2321,6,0
670,彩·潮生·冻髓·霜冷(肆),2349,4,0
671,彩·潮生·冻髓·霜冷(伍),2350,5,0
672,彩·潮生·冻髓·霜冷(陆),2351,6,0
673,彩·潮生·冻髓·杯雪(肆),2349,4,0
674,彩·潮生·冻髓·杯雪(伍),2350,5,0
675,彩·潮生·冻髓·杯雪(陆),2351,6,0
676,彩·潮生·海纳·穿石(肆),2319,4,0
677,彩·潮生·海纳·穿石(伍),2320,5,0
678,彩·潮生·海纳·穿石(陆),2321,6,0
679,彩·潮生·海纳·霹雳(肆),2319,4,0
680,彩·潮生·海纳·霹雳(伍),2320,5,0
681,彩·潮生·海纳·霹雳(陆),2321,6,0
682,彩·潮生·海纳·月华(肆),2319,4,0
683,彩·潮生·海纳·月华(伍),2320,5,0
684,彩·潮生·海纳·月华(陆),2321,6,0
685,彩·潮生·海纳·浴火(肆),2319,4,0
686,彩·潮生·海纳·浴火(伍),2320,5,0
687,彩·潮生·海纳·浴火(陆),2321,6,0
688,彩·潮生·海纳·杯雪(肆),2319,4,0
689,彩·潮生·海纳·杯雪(伍),2320,5,0
690,彩·潮生·海纳·杯雪(陆),2321,6,0
691,彩·回春·破势·耐受(肆),2359,4,0
692,彩·回春·破势·耐受(伍),2360,5,0
693,彩·回春·破势·耐受(陆),2361,6,0
694,彩·回春·破势·守御(肆),2359,4,0
695,彩·回春·破势·守御(伍),2360,5,0
696,彩·回春·破势·守御(陆),2361,6,0
697,彩·回春·破势·血魂(肆),2359,4,0
698,彩·回春·破势·血魂(伍),2360,5,0
699,彩·回春·破势·血魂(陆),2361,6,0
700,彩·回春·耐受·破势(肆),2359,4,0
701,彩·回春·耐受·破势(伍),2360,5,0
702,彩·回春·耐受·破势(陆),2361,6,0
703,彩·回春·耐受·守御(肆),2359,4,0
704,彩·回春·耐受·守御(伍),2360,5,0
705,彩·回春·耐受·守御(陆),2361,6,0
706,彩·回春·耐受·血魂(肆),2359,4,0
707,彩·回春·耐受·血魂(伍),2360,5,0
708,彩·回春·耐受·血魂(陆),2361,6,0
709,彩·回春·灵动·破势(肆),2359,4,0
710,彩·回春·灵动·破势(伍),2360,5,0
711,彩·回春·灵动·破势(陆),2361,6,0
712,彩·回春·灵动·耐受(肆),2359,4,0
713,彩·回春·灵动·耐受(伍),2360,5,0
714,彩·回春·灵动·耐受(陆),2361,6,0
715,彩·回春·灵动·守御(肆),2359,4,0
716,彩·回春·灵动·守御(伍),2360,5,0
717,彩·回春·灵动·守御(陆),2361,6,0
718,彩·回春·灵动·血魂(肆),2359,4,0
719,彩·回春·灵动·血魂(伍),2360,5,0
720,彩·回春·灵动·血魂(陆),2361,6,0
721,彩·回春·守御·破势(肆),2359,4,0
722,彩·回春·守御·破势(伍),2360,5,0
723,彩·回春·守御·破势(陆),2361,6,0
724,彩·回春·守御·耐受(肆),2359,4,0
725,彩·回春·守御·耐受(伍),2360,5,0
726,彩·回春·守御·耐受(陆),2361,6,0
727,彩·回春·守御·血魂(肆),2359,4,0
728,彩·回春·守御·血魂(伍),2360,5,0
729,彩·回春·守御·血魂(陆),2361,6,0
730,彩·回春·血魂·破势(肆),2359,4,0
731,彩·回春·血魂·破势(伍),2360,5,0
732,彩·回春·血魂·破势(陆),2361,6,0
733,彩·回春·血魂·耐受(肆),2359,4,0
734,彩·回春·血魂·耐受(伍),2360,5,0
735,彩·回春·血魂·耐受(陆),2361,6,0
736,彩·回春·血魂·守御(肆),2359,4,0
737,彩·回春·血魂·守御(伍),2360,5,0
738,彩·回春·血魂·守御(陆),2361,6,0
739,彩·雷鸣·大化·霹雳(肆),2349,4,0
740,彩·雷鸣·大化·霹雳(伍),2350,5,0
741,彩·雷鸣·大化·霹雳(陆),2351,6,0
742,彩·雷鸣·大化·混沌(肆),2349,4,0
743,彩·雷鸣·大化·混沌(伍),2350,5,0
744,彩·雷鸣·大化·混沌(陆),2351,6,0
745,彩·雷鸣·霹雳·混沌(肆),2349,4,0
746,彩·雷鸣·霹雳·混沌(伍),2350,5,0
747,彩·雷鸣·霹雳·混沌(陆),2351,6,0
748,彩·雷鸣·混沌·霹雳(肆),2349,4,0
749,彩·雷鸣·混沌·霹雳(伍),2350,5,0
750,彩·雷鸣·混沌·霹雳(陆),2351,6,0
751,彩·霹雳·大化·雷鸣(肆),2349,4,0
752,彩·霹雳·大化·雷鸣(伍),2350,5,0
753,彩·霹雳·大化·雷鸣(陆),2351,6,0
754,彩·霹雳·大化·混沌(肆),2349,4,0
755,彩·霹雳·大化·混沌(伍),2350,5,0
756,彩·霹雳·大化·混沌(陆),2351,6,0
757,彩·霹雳·大化·海纳(肆),2319,4,0
758,彩·霹雳·大化·海纳(伍),2320,5,0
759,彩·霹雳·大化·海纳(陆),2321,6,0
760,彩·霹雳·雷鸣·混沌(肆),2349,4,0
761,彩·霹雳·雷鸣·混沌(伍),2350,5,0
762,彩·霹雳·雷鸣·混沌(陆),2351,6,0
763,彩·霹雳·混沌·雷鸣(肆),2349,4,0
764,彩·霹雳·混沌·雷鸣(伍),2350,5,0
765,彩·霹雳·混沌·雷鸣(陆),2351,6,0
766,彩·融天·大化·雷鸣(肆),2349,4,0
767,彩·融天·大化·雷鸣(伍),2350,5,0
768,彩·融天·大化·雷鸣(陆),2351,6,0
769,彩·融天·大化·霹雳(肆),2349,4,0
770,彩·融天·大化·霹雳(伍),2350,5,0
771,彩·融天·大化·霹雳(陆),2351,6,0
772,彩·融天·大化·混沌(肆),2349,4,0
773,彩·融天·大化·混沌(伍),2350,5,0
774,彩·融天·大化·混沌(陆),2351,6,0
775,彩·融天·大化·海纳(肆),2319,4,0
776,彩·融天·大化·海纳(伍),2320,5,0
777,彩·融天·大化·海纳(陆),2321,6,0
778,彩·融天·雷鸣·霹雳(肆),2349,4,0
779,彩·融天·雷鸣·霹雳(伍),2350,5,0
780,彩·融天·雷鸣·霹雳(陆),2351,6,0
781,彩·融天·雷鸣·混沌(肆),2349,4,0
782,彩·融天·雷鸣·混沌(伍),2350,5,0
783,彩·融天·雷鸣·混沌(陆),2351,6,0
784,彩·融天·霹雳·雷鸣(肆),2349,4,0
785,彩·融天·霹雳·雷鸣(伍),2350,5,0
786,彩·融天·霹雳·雷鸣(陆),2351,6,0
787,彩·融天·霹雳·混沌(肆),2349,4,0
788,彩·融天·霹雳·混沌(伍),2350,5,0
789,彩·融天·霹雳·混沌(陆),2351,6,0
790,彩·融天·霹雳·海纳(肆),2319,4,0
791,彩·融天·霹雳·海纳(伍),2320,5,0
792,彩·融天·霹雳·海纳(陆),2321,6,0
793,彩·融天·混沌·雷鸣(肆),2349,4,0
794,彩·融天·混沌·雷鸣(伍),2350,5,0
795,彩·融天·混沌·雷鸣(陆),2351,6,0
796,彩·融天·混沌·霹雳(肆),2349,4,0
797,彩·融天·混沌·霹雳(伍),2350,5,0
798,彩·融天·混沌·霹雳(陆),2351,6,0
799,彩·融天·海纳·霹雳(肆),2319,4,0
800,彩·融天·海纳·霹雳(伍),2320,5,0
801,彩·融天·海纳·霹雳(陆),2321,6,0
832,彩·混沌·大化·雷鸣(肆),2349,4,0
833,彩·混沌·大化·雷鸣(伍),2350,5,0
834,彩·混沌·大化·雷鸣(陆),2351,6,0
835,彩·混沌·大化·霹雳(肆),2349,4,0
836,彩·混沌·大化·霹雳(伍),2350,5,0
837,彩·混沌·大化·霹雳(陆),2351,6,0
838,彩·混沌·雷鸣·霹雳(肆),2349,4,0
839,彩·混沌·雷鸣·霹雳(伍),2350,5,0
840,彩·混沌·雷鸣·霹雳(陆),2351,6,0
841,彩·混沌·霹雳·雷鸣(肆),2349,4,0
842,彩·混沌·霹雳·雷鸣(伍),2350,5,0
843,彩·混沌·霹雳·雷鸣(陆),2351,6,0
844,彩·灵根·鹤顶·穿石(肆),2349,4,0
845,彩·灵根·鹤顶·穿石(伍),2350,5,0
846,彩·灵根·鹤顶·穿石(陆),2351,6,0
847,彩·灵根·鹤顶·腐心(肆),2349,4,0
848,彩·灵根·鹤顶·腐心(伍),2350,5,0
849,彩·灵根·鹤顶·腐心(陆),2351,6,0
850,彩·灵根·穿石·鹤顶(肆),2349,4,0
851,彩·灵根·穿石·鹤顶(伍),2350,5,0
852,彩·灵根·穿石·鹤顶(陆),2351,6,0
853,彩·灵根·穿石·腐心(肆),2349,4,0
854,彩·灵根·穿石·腐心(伍),2350,5,0
855,彩·灵根·穿石·腐心(陆),2351,6,0
856,彩·灵根·穿石·海纳(肆),2319,4,0
857,彩·灵根·穿石·海纳(伍),2320,5,0
858,彩·灵根·穿石·海纳(陆),2321,6,0
859,彩·灵根·腐心·鹤顶(肆),2349,4,0
860,彩·灵根·腐心·鹤顶(伍),2350,5,0
861,彩·灵根·腐心·鹤顶(陆),2351,6,0
862,彩·灵根·腐心·穿石(肆),2349,4,0
863,彩·灵根·腐心·穿石(伍),2350,5,0
864,彩·灵根·腐心·穿石(陆),2351,6,0
865,彩·灵根·破势·耐受(肆),2359,4,0
866,彩·灵根·破势·耐受(伍),2360,5,0
867,彩·灵根·破势·耐受(陆),2361,6,0
868,彩·灵根·破势·守御(肆),2359,4,0
869,彩·灵根·破势·守御(伍),2360,5,0
870,彩·灵根·破势·守御(陆),2361,6,0
871,彩·灵根·破势·血魂(肆),2359,4,0
872,彩·灵根·破势·血魂(伍),2360,5,0
873,彩·灵根·破势·血魂(陆),2361,6,0
874,彩·灵根·耐受·破势(肆),2359,4,0
875,彩·灵根·耐受·破势(伍),2360,5,0
876,彩·灵根·耐受·破势(陆),2361,6,0
877,彩·灵根·耐受·守御(肆),2359,4,0
878,彩·灵根·耐受·守御(伍),2360,5,0
879,彩·灵根·耐受·守御(陆),2361,6,0
880,彩·灵根·耐受·血魂(肆),2359,4,0
881,彩·灵根·耐受·血魂(伍),2360,5,0
882,彩·灵根·耐受·血魂(陆),2361,6,0
883,彩·灵根·灵动·破势(肆),2359,4,0
884,彩·灵根·灵动·破势(伍),2360,5,0
885,彩·灵根·灵动·破势(陆),2361,6,0
886,彩·灵根·灵动·耐受(肆),2359,4,0
887,彩·灵根·灵动·耐受(伍),2360,5,0
888,彩·灵根·灵动·耐受(陆),2361,6,0
889,彩·灵根·灵动·守御(肆),2359,4,0
890,彩·灵根·灵动·守御(伍),2360,5,0
891,彩·灵根·灵动·守御(陆),2361,6,0
892,彩·灵根·灵动·血魂(肆),2359,4,0
893,彩·灵根·灵动·血魂(伍),2360,5,0
894,彩·灵根·灵动·血魂(陆),2361,6,0
895,彩·灵根·守御·破势(肆),2359,4,0
896,彩·灵根·守御·破势(伍),2360,5,0
897,彩·灵根·守御·破势(陆),2361,6,0
898,彩·灵根·守御·耐受(肆),2359,4,0
899,彩·灵根·守御·耐受(伍),2360,5,0
900,彩·灵根·守御·耐受(陆),2361,6,0
901,彩·灵根·守御·血魂(肆),2359,4,0
902,彩·灵根·守御·血魂(伍),2360,5,0
903,彩·灵根·守御·血魂(陆),2361,6,0
904,彩·灵根·血魂·破势(肆),2359,4,0
905,彩·灵根·血魂·破势(伍),2360,5,0
906,彩·灵根·血魂·破势(陆),2361,6,0
907,彩·灵根·血魂·耐受(肆),2359,4,0
908,彩·灵根·血魂·耐受(伍),2360,5,0
909,彩·灵根·血魂·耐受(陆),2361,6,0
910,彩·灵根·血魂·守御(肆),2359,4,0
911,彩·灵根·血魂·守御(伍),2360,5,0
912,彩·灵根·血魂·守御(陆),2361,6,0
913,彩·灵根·大化·鹤顶(肆),2349,4,0
914,彩·灵根·大化·鹤顶(伍),2350,5,0
915,彩·灵根·大化·鹤顶(陆),2351,6,0
916,彩·灵根·大化·穿石(肆),2349,4,0
917,彩·灵根·大化·穿石(伍),2350,5,0
918,彩·灵根·大化·穿石(陆),2351,6,0
919,彩·灵根·大化·腐心(肆),2349,4,0
920,彩·灵根·大化·腐心(伍),2350,5,0
921,彩·灵根·大化·腐心(陆),2351,6,0
922,彩·灵根·大化·雷鸣(肆),2349,4,0
923,彩·灵根·大化·雷鸣(伍),2350,5,0
924,彩·灵根·大化·雷鸣(陆),2351,6,0
925,彩·灵根·大化·霹雳(肆),2349,4,0
926,彩·灵根·大化·霹雳(伍),2350,5,0
927,彩·灵根·大化·霹雳(陆),2351,6,0
928,彩·灵根·大化·混沌(肆),2349,4,0
929,彩·灵根·大化·混沌(伍),2350,5,0
930,彩·灵根·大化·混沌(陆),2351,6,0
931,彩·灵根·大化·激流(肆),2349,4,0
932,彩·灵根·大化·激流(伍),2350,5,0
933,彩·灵根·大化·激流(陆),2351,6,0
934,彩·灵根·大化·月华(肆),2349,4,0
935,彩·灵根·大化·月华(伍),2350,5,0
936,彩·灵根·大化·月华(陆),2351,6,0
937,彩·灵根·大化·灭气(肆),2349,4,0
938,彩·灵根·大化·灭气(伍),2350,5,0
939,彩·灵根·大化·灭气(陆),2351,6,0
940,彩·灵根·大化·锐刃(肆),2328,4,0
941,彩·灵根·大化·锐刃(伍),2330,5,0
942,彩·灵根·大化·锐刃(陆),2341,6,0
943,彩·灵根·大化·痛击(肆),2328,4,0
944,彩·灵根·大化·痛击(伍),2330,5,0
945,彩·灵根·大化·痛击(陆),2341,6,0
946,彩·灵根·大化·斩铁(肆),2328,4,0
947,彩·灵根·大化·斩铁(伍),2330,5,0
948,彩·灵根·大化·斩铁(陆),2341,6,0
949,彩·灵根·大化·狂攻(肆),2328,4,0
950,彩·灵根·大化·狂攻(伍),2330,5,0
951,彩·灵根·大化·狂攻(陆),2341,6,0
952,彩·灵根·大化·烈阳(肆),2349,4,0
953,彩·灵根·大化·烈阳(伍),2350,5,0
954,彩·灵根·大化·烈阳(陆),2351,6,0
955,彩·灵根·大化·浴火(肆),2349,4,0
956,彩·灵根·大化·浴火(伍),2350,5,0
957,彩·灵根·大化·浴火(陆),2351,6,0
958,彩·灵根·大化·日炎(肆),2349,4,0
959,彩·灵根·大化·日炎(伍),2350,5,0
960,彩·灵根·大化·日炎(陆),2351,6,0
961,彩·灵根·大化·霜冷(肆),2349,4,0
962,彩·灵根·大化·霜冷(伍),2350,5,0
963,彩·灵根·大化·霜冷(陆),2351,6,0
964,彩·灵根·大化·杯雪(肆),2349,4,0
965,彩·灵根·大化·杯雪(伍),2350,5,0
966,彩·灵根·大化·杯雪(陆),2351,6,0
967,彩·灵根·大化·冻髓(肆),2349,4,0
968,彩·灵根·大化·冻髓(伍),2350,5,0
969,彩·灵根·大化·冻髓(陆),2351,6,0
970,彩·灵根·大化·海纳(肆),2319,4,0
971,彩·灵根·大化·海纳(伍),2320,5,0
972,彩·灵根·大化·海纳(陆),2321,6,0
973,彩·灵根·雷鸣·霹雳(肆),2349,4,0
974,彩·灵根·雷鸣·霹雳(伍),2350,5,0
975,彩·灵根·雷鸣·霹雳(陆),2351,6,0
976,彩·灵根·雷鸣·混沌(肆),2349,4,0
977,彩·灵根·雷鸣·混沌(伍),2350,5,0
978,彩·灵根·雷鸣·混沌(陆),2351,6,0
979,彩·灵根·霹雳·雷鸣(肆),2349,4,0
980,彩·灵根·霹雳·雷鸣(伍),2350,5,0
981,彩·灵根·霹雳·雷鸣(陆),2351,6,0
982,彩·灵根·霹雳·混沌(肆),2349,4,0
983,彩·灵根·霹雳·混沌(伍),2350,5,0
984,彩·灵根·霹雳·混沌(陆),2351,6,0
985,彩·灵根·霹雳·海纳(肆),2319,4,0
986,彩·灵根·霹雳·海纳(伍),2320,5,0
987,彩·灵根·霹雳·海纳(陆),2321,6,0
988,彩·灵根·混沌·雷鸣(肆),2349,4,0
989,彩·灵根·混沌·雷鸣(伍),2350,5,0
990,彩·灵根·混沌·雷鸣(陆),2351,6,0
991,彩·灵根·混沌·霹雳(肆),2349,4,0
992,彩·灵根·混沌·霹雳(伍),2350,5,0
993,彩·灵根·混沌·霹雳(陆),2351,6,0
994,彩·灵根·急速·鹤顶(肆),2349,4,0
995,彩·灵根·急速·鹤顶(伍),2350,5,0
996,彩·灵根·急速·鹤顶(陆),2351,6,0
997,彩·灵根·急速·雷鸣(肆),2349,4,0
998,彩·灵根·急速·雷鸣(伍),2350,5,0
999,彩·灵根·急速·雷鸣(陆),2351,6,0
1000,彩·灵根·急速·烈阳(肆),2349,4,0
1001,彩·灵根·急速·烈阳(伍),2350,5,0
1002,彩·灵根·急速·烈阳(陆),2351,6,0
1003,彩·灵根·急速·霜冷(肆),2349,4,0
1004,彩·灵根·急速·霜冷(伍),2350,5,0
1005,彩·灵根·急速·霜冷(陆),2351,6,0
1006,彩·灵根·急速·海纳(肆),2319,4,0
1007,彩·灵根·急速·海纳(伍),2320,5,0
1008,彩·灵根·急速·海纳(陆),2321,6,0
1009,彩·灵根·激流·月华(肆),2349,4,0
1010,彩·灵根·激流·月华(伍),2350,5,0
1011,彩·灵根·激流·月华(陆),2351,6,0
1012,彩·灵根·激流·灭气(肆),2349,4,0
1013,彩·灵根·激流·灭气(伍),2350,5,0
1014,彩·灵根·激流·灭气(陆),2351,6,0
1015,彩·灵根·月华·激流(肆),2349,4,0
1016,彩·灵根·月华·激流(伍),2350,5,0
1017,彩·灵根·月华·激流(陆),2351,6,0
1018,彩·灵根·月华·灭气(肆),2349,4,0
1019,彩·灵根·月华·灭气(伍),2350,5,0
1020,彩·灵根·月华·灭气(陆),2351,6,0
1021,彩·灵根·月华·海纳(肆),2319,4,0
1022,彩·灵根·月华·海纳(伍),2320,5,0
1023,彩·灵根·月华·海纳(陆),2321,6,0
1024,彩·灵根·灭气·激流(肆),2349,4,0
1025,彩·灵根·灭气·激流(伍),2350,5,0
1026,彩·灵根·灭气·激流(陆),2351,6,0
1027,彩·灵根·灭气·月华(肆),2349,4,0
1028,彩·灵根·灭气·月华(伍),2350,5,0
1029,彩·灵根·灭气·月华(陆),2351,6,0
1030,彩·灵根·锐刃·痛击(肆),2328,4,0
1031,彩·灵根·锐刃·痛击(伍),2330,5,0
1032,彩·灵根·锐刃·痛击(陆),2341,6,0
1033,彩·灵根·锐刃·斩铁(肆),2328,4,0
1034,彩·灵根·锐刃·斩铁(伍),2330,5,0
1035,彩·灵根·锐刃·斩铁(陆),2341,6,0
1036,彩·灵根·锐刃·狂攻(肆),2328,4,0
1037,彩·灵根·锐刃·狂攻(伍),2330,5,0
1038,彩·灵根·锐刃·狂攻(陆),2341,6,0
1039,彩·灵根·痛击·锐刃(肆),2328,4,0
1040,彩·灵根·痛击·锐刃(伍),2330,5,0
1041,彩·灵根·痛击·锐刃(陆),2341,6,0
1042,彩·灵根·痛击·斩铁(肆),2328,4,0
1043,彩·灵根·痛击·斩铁(伍),2330,5,0
1044,彩·灵根·痛击·斩铁(陆),2341,6,0
1045,彩·灵根·痛击·狂攻(肆),2328,4,0
1046,彩·灵根·痛击·狂攻(伍),2330,5,0
1047,彩·灵根·痛击·狂攻(陆),2341,6,0
1048,彩·灵根·斩铁·锐刃(肆),2328,4,0
1049,彩·灵根·斩铁·锐刃(伍),2330,5,0
1050,彩·灵根·斩铁·锐刃(陆),2341,6,0
1051,彩·灵根·斩铁·痛击(肆),2328,4,0
1052,彩·灵根·斩铁·痛击(伍),2330,5,0
1053,彩·灵根·斩铁·痛击(陆),2341,6,0
1054,彩·灵根·斩铁·狂攻(肆),2328,4,0
1055,彩·灵根·斩铁·狂攻(伍),2330,5,0
1056,彩·灵根·斩铁·狂攻(陆),2341,6,0
1057,彩·灵根·烈阳·浴火(肆),2349,4,0
1058,彩·灵根·烈阳·浴火(伍),2350,5,0
1059,彩·灵根·烈阳·浴火(陆),2351,6,0
1060,彩·灵根·烈阳·日炎(肆),2349,4,0
1061,彩·灵根·烈阳·日炎(伍),2350,5,0
1062,彩·灵根·烈阳·日炎(陆),2351,6,0
1063,彩·灵根·浴火·烈阳(肆),2349,4,0
1064,彩·灵根·浴火·烈阳(伍),2350,5,0
1065,彩·灵根·浴火·烈阳(陆),2351,6,0
1066,彩·灵根·浴火·日炎(肆),2349,4,0
1067,彩·灵根·浴火·日炎(伍),2350,5,0
1068,彩·灵根·浴火·日炎(陆),2351,6,0
1069,彩·灵根·浴火·海纳(肆),2319,4,0
1070,彩·灵根·浴火·海纳(伍),2320,5,0
1071,彩·灵根·浴火·海纳(陆),2321,6,0
1072,彩·灵根·日炎·烈阳(肆),2349,4,0
1073,彩·灵根·日炎·烈阳(伍),2350,5,0
1074,彩·灵根·日炎·烈阳(陆),2351,6,0
1075,彩·灵根·日炎·浴火(肆),2349,4,0
1076,彩·灵根·日炎·浴火(伍),2350,5,0
1077,彩·灵根·日炎·浴火(陆),2351,6,0
1078,彩·灵根·霜冷·杯雪(肆),2349,4,0
1079,彩·灵根·霜冷·杯雪(伍),2350,5,0
1080,彩·灵根·霜冷·杯雪(陆),2351,6,0
1081,彩·灵根·霜冷·冻髓(肆),2349,4,0
1082,彩·灵根·霜冷·冻髓(伍),2350,5,0
1083,彩·灵根·霜冷·冻髓(陆),2351,6,0
1084,彩·灵根·杯雪·霜冷(肆),2349,4,0
1085,彩·灵根·杯雪·霜冷(伍),2350,5,0
1086,彩·灵根·杯雪·霜冷(陆),2351,6,0
1087,彩·灵根·杯雪·冻髓(肆),2349,4,0
1088,彩·灵根·杯雪·冻髓(伍),2350,5,0
1089,彩·灵根·杯雪·冻髓(陆),2351,6,0
1090,彩·灵根·杯雪·海纳(肆),2319,4,0
1091,彩·灵根·杯雪·海纳(伍),2320,5,0
1092,彩·灵根·杯雪·海纳(陆),2321,6,0
1093,彩·灵根·冻髓·霜冷(肆),2349,4,0
1094,彩·灵根·冻髓·霜冷(伍),2350,5,0
1095,彩·灵根·冻髓·霜冷(陆),2351,6,0
1096,彩·灵根·冻髓·杯雪(肆),2349,4,0
1097,彩·灵根·冻髓·杯雪(伍),2350,5,0
1098,彩·灵根·冻髓·杯雪(陆),2351,6,0
1099,彩·灵根·海纳·穿石(肆),2319,4,0
1100,彩·灵根·海纳·穿石(伍),2320,5,0
1101,彩·灵根·海纳·穿石(陆),2321,6,0
1102,彩·灵根·海纳·霹雳(肆),2319,4,0
1103,彩·灵根·海纳·霹雳(伍),2320,5,0
1104,彩·灵根·海纳·霹雳(陆),2321,6,0
1105,彩·灵根·海纳·月华(肆),2319,4,0
1106,彩·灵根·海纳·月华(伍),2320,5,0
1107,彩·灵根·海纳·月华(陆),2321,6,0
1108,彩·灵根·海纳·浴火(肆),2319,4,0
1109,彩·灵根·海纳·浴火(伍),2320,5,0
1110,彩·灵根·海纳·浴火(陆),2321,6,0
1111,彩·灵根·海纳·杯雪(肆),2319,4,0
1112,彩·灵根·海纳·杯雪(伍),2320,5,0
1113,彩·灵根·海纳·杯雪(陆),2321,6,0
1114,彩·真刚·大化·锐刃(肆),2328,4,0
1115,彩·真刚·大化·锐刃(伍),2330,5,0
1116,彩·真刚·大化·锐刃(陆),2341,6,0
1117,彩·真刚·大化·痛击(肆),2328,4,0
1118,彩·真刚·大化·痛击(伍),2330,5,0
1119,彩·真刚·大化·痛击(陆),2341,6,0
1120,彩·真刚·大化·斩铁(肆),2328,4,0
1121,彩·真刚·大化·斩铁(伍),2330,5,0
1122,彩·真刚·大化·斩铁(陆),2341,6,0
1123,彩·真刚·大化·狂攻(肆),2328,4,0
1124,彩·真刚·大化·狂攻(伍),2330,5,0
1125,彩·真刚·大化·狂攻(陆),2341,6,0
1126,彩·真刚·大化·烈阳(肆),2349,4,0
1127,彩·真刚·大化·烈阳(伍),2350,5,0
1128,彩·真刚·大化·烈阳(陆),2351,6,0
1129,彩·真刚·大化·浴火(肆),2349,4,0
1130,彩·真刚·大化·浴火(伍),2350,5,0
1131,彩·真刚·大化·浴火(陆),2351,6,0
1132,彩·真刚·大化·日炎(肆),2349,4,0
1133,彩·真刚·大化·日炎(伍),2350,5,0
1134,彩·真刚·大化·日炎(陆),2351,6,0
1135,彩·真刚·急速·锐刃(肆),2328,4,0
1136,彩·真刚·急速·锐刃(伍),2330,5,0
1137,彩·真刚·急速·锐刃(陆),2341,6,0
1138,彩·真刚·锐刃·痛击(肆),2328,4,0
1139,彩·真刚·锐刃·痛击(伍),2330,5,0
1140,彩·真刚·锐刃·痛击(陆),2341,6,0
1141,彩·真刚·锐刃·斩铁(肆),2328,4,0
1142,彩·真刚·锐刃·斩铁(伍),2330,5,0
1143,彩·真刚·锐刃·斩铁(陆),2341,6,0
1144,彩·真刚·锐刃·狂攻(肆),2328,4,0
1145,彩·真刚·锐刃·狂攻(伍),2330,5,0
1146,彩·真刚·锐刃·狂攻(陆),2341,6,0
1147,彩·真刚·痛击·锐刃(肆),2328,4,0
1148,彩·真刚·痛击·锐刃(伍),2330,5,0
1149,彩·真刚·痛击·锐刃(陆),2341,6,0
1150,彩·真刚·痛击·斩铁(肆),2328,4,0
1151,彩·真刚·痛击·斩铁(伍),2330,5,0
1152,彩·真刚·痛击·斩铁(陆),2341,6,0
1153,彩·真刚·痛击·狂攻(肆),2328,4,0
1154,彩·真刚·痛击·狂攻(伍),2330,5,0
1155,彩·真刚·痛击·狂攻(陆),2341,6,0
1156,彩·真刚·斩铁·锐刃(肆),2328,4,0
1157,彩·真刚·斩铁·锐刃(伍),2330,5,0
1158,彩·真刚·斩铁·锐刃(陆),2341,6,0
1159,彩·真刚·斩铁·痛击(肆),2328,4,0
1160,彩·真刚·斩铁·痛击(伍),2330,5,0
1161,彩·真刚·斩铁·痛击(陆),2341,6,0
1162,彩·真刚·斩铁·狂攻(肆),2328,4,0
1163,彩·真刚·斩铁·狂攻(伍),2330,5,0
1164,彩·真刚·斩铁·狂攻(陆),2341,6,0
1165,彩·真刚·烈阳·浴火(肆),2349,4,0
1166,彩·真刚·烈阳·浴火(伍),2350,5,0
1167,彩·真刚·烈阳·浴火(陆),2351,6,0
1168,彩·真刚·烈阳·日炎(肆),2349,4,0
1169,彩·真刚·烈阳·日炎(伍),2350,5,0
1170,彩·真刚·烈阳·日炎(陆),2351,6,0
1171,彩·真刚·浴火·烈阳(肆),2349,4,0
1172,彩·真刚·浴火·烈阳(伍),2350,5,0
1173,彩·真刚·浴火·烈阳(陆),2351,6,0
1174,彩·真刚·浴火·日炎(肆),2349,4,0
1175,彩·真刚·浴火·日炎(伍),2350,5,0
1176,彩·真刚·浴火·日炎(陆),2351,6,0
1177,彩·真刚·日炎·烈阳(肆),2349,4,0
1178,彩·真刚·日炎·烈阳(伍),2350,5,0
1179,彩·真刚·日炎·烈阳(陆),2351,6,0
1180,彩·真刚·日炎·浴火(肆),2349,4,0
1181,彩·真刚·日炎·浴火(伍),2350,5,0
1182,彩·真刚·日炎·浴火(陆),2351,6,0
1183,彩·瞬影·鹤顶·腐心(肆),2349,4,0
1184,彩·瞬影·鹤顶·腐心(伍),2350,5,0
1185,彩·瞬影·鹤顶·腐心(陆),2351,6,0
1186,彩·瞬影·鹤顶·痛击(肆),2349,4,0
1187,彩·瞬影·鹤顶·痛击(伍),2350,5,0
1188,彩·瞬影·鹤顶·痛击(陆),2351,6,0
1189,彩·瞬影·腐心·鹤顶(肆),2349,4,0
1190,彩·瞬影·腐心·鹤顶(伍),2350,5,0
1191,彩·瞬影·腐心·鹤顶(陆),2351,6,0
1192,彩·瞬影·腐心·痛击(肆),2349,4,0
1193,彩·瞬影·腐心·痛击(伍),2350,5,0
1194,彩·瞬影·腐心·痛击(陆),2351,6,0
1195,彩·瞬影·大化·鹤顶(肆),2349,4,0
1196,彩·瞬影·大化·鹤顶(伍),2350,5,0
1197,彩·瞬影·大化·鹤顶(陆),2351,6,0
1198,彩·瞬影·大化·腐心(肆),2349,4,0
1199,彩·瞬影·大化·腐心(伍),2350,5,0
1200,彩·瞬影·大化·腐心(陆),2351,6,0
1201,彩·瞬影·大化·锐刃(肆),2328,4,0
1202,彩·瞬影·大化·锐刃(伍),2330,5,0
1203,彩·瞬影·大化·锐刃(陆),2341,6,0
1204,彩·瞬影·大化·痛击(肆),2328,4,0
1205,彩·瞬影·大化·痛击(伍),2330,5,0
1206,彩·瞬影·大化·痛击(陆),2341,6,0
1207,彩·瞬影·大化·斩铁(肆),2328,4,0
1208,彩·瞬影·大化·斩铁(伍),2330,5,0
1209,彩·瞬影·大化·斩铁(陆),2341,6,0
1210,彩·瞬影·大化·狂攻(肆),2328,4,0
1211,彩·瞬影·大化·狂攻(伍),2330,5,0
1212,彩·瞬影·大化·狂攻(陆),2341,6,0
1213,彩·瞬影·大化·琉璃(肆),2349,4,0
1214,彩·瞬影·大化·琉璃(伍),2350,5,0
1215,彩·瞬影·大化·琉璃(陆),2351,6,0
1216,彩·瞬影·大化·界影(肆),2349,4,0
1217,彩·瞬影·大化·界影(伍),2350,5,0
1218,彩·瞬影·大化·界影(陆),2351,6,0
1219,彩·瞬影·大化·焚虚(肆),2349,4,0
1220,彩·瞬影·大化·焚虚(伍),2350,5,0
1221,彩·瞬影·大化·焚虚(陆),2351,6,0
1222,彩·瞬影·急速·锐刃(肆),2328,4,0
1223,彩·瞬影·急速·锐刃(伍),2330,5,0
1224,彩·瞬影·急速·锐刃(陆),2341,6,0
1225,彩·瞬影·锐刃·痛击(肆),2328,4,0
1226,彩·瞬影·锐刃·痛击(伍),2330,5,0
1227,彩·瞬影·锐刃·痛击(陆),2341,6,0
1228,彩·瞬影·锐刃·斩铁(肆),2328,4,0
1229,彩·瞬影·锐刃·斩铁(伍),2330,5,0
1230,彩·瞬影·锐刃·斩铁(陆),2341,6,0
1231,彩·瞬影·锐刃·狂攻(肆),2328,4,0
1232,彩·瞬影·锐刃·狂攻(伍),2330,5,0
1233,彩·瞬影·锐刃·狂攻(陆),2341,6,0
1234,彩·瞬影·痛击·鹤顶(肆),2349,4,0
1235,彩·瞬影·痛击·鹤顶(伍),2350,5,0
1236,彩·瞬影·痛击·鹤顶(陆),2351,6,0
1237,彩·瞬影·痛击·腐心(肆),2349,4,0
1238,彩·瞬影·痛击·腐心(伍),2350,5,0
1239,彩·瞬影·痛击·腐心(陆),2351,6,0
1240,彩·瞬影·痛击·锐刃(肆),2328,4,0
1241,彩·瞬影·痛击·锐刃(伍),2330,5,0
1242,彩·瞬影·痛击·锐刃(陆),2341,6,0
1243,彩·瞬影·痛击·斩铁(肆),2328,4,0
1244,彩·瞬影·痛击·斩铁(伍),2330,5,0
1245,彩·瞬影·痛击·斩铁(陆),2341,6,0
1246,彩·瞬影·痛击·狂攻(肆),2328,4,0
1247,彩·瞬影·痛击·狂攻(伍),2330,5,0
1248,彩·瞬影·痛击·狂攻(陆),2341,6,0
1249,彩·瞬影·见切·鹤顶(肆),2349,4,0
1250,彩·瞬影·见切·鹤顶(伍),2350,5,0
1251,彩·瞬影·见切·鹤顶(陆),2351,6,0
1252,彩·瞬影·见切·腐心(肆),2349,4,0
1253,彩·瞬影·见切·腐心(伍),2350,5,0
1254,彩·瞬影·见切·腐心(陆),2351,6,0
1255,彩·瞬影·斩铁·锐刃(肆),2328,4,0
1256,彩·瞬影·斩铁·锐刃(伍),2330,5,0
1257,彩·瞬影·斩铁·锐刃(陆),2341,6,0
1258,彩·瞬影·斩铁·痛击(肆),2328,4,0
1259,彩·瞬影·斩铁·痛击(伍),2330,5,0
1260,彩·瞬影·斩铁·痛击(陆),2341,6,0
1261,彩·瞬影·斩铁·狂攻(肆),2328,4,0
1262,彩·瞬影·斩铁·狂攻(伍),2330,5,0
1263,彩·瞬影·斩铁·狂攻(陆),2341,6,0
1264,彩·瞬影·琉璃·界影(肆),2349,4,0
1265,彩·瞬影·琉璃·界影(伍),2350,5,0
1266,彩·瞬影·琉璃·界影(陆),2351,6,0
1267,彩·瞬影·琉璃·焚虚(肆),2349,4,0
1268,彩·瞬影·琉璃·焚虚(伍),2350,5,0
1269,彩·瞬影·琉璃·焚虚(陆),2351,6,0
1270,彩·瞬影·界影·琉璃(肆),2349,4,0
1271,彩·瞬影·界影·琉璃(伍),2350,5,0
1272,彩·瞬影·界影·琉璃(陆),2351,6,0
1273,彩·瞬影·界影·焚虚(肆),2349,4,0
1274,彩·瞬影·界影·焚虚(伍),2350,5,0
1275,彩·瞬影·界影·焚虚(陆),2351,6,0
1276,彩·瞬影·焚虚·琉璃(肆),2349,4,0
1277,彩·瞬影·焚虚·琉璃(伍),2350,5,0
1278,彩·瞬影·焚虚·琉璃(陆),2351,6,0
1279,彩·瞬影·焚虚·界影(肆),2349,4,0
1280,彩·瞬影·焚虚·界影(伍),2350,5,0
1281,彩·瞬影·焚虚·界影(陆),2351,6,0
1282,彩·霸体·破势·耐受(肆),2359,4,0
1283,彩·霸体·破势·耐受(伍),2360,5,0
1284,彩·霸体·破势·耐受(陆),2361,6,0
1285,彩·霸体·破势·守御(肆),2359,4,0
1286,彩·霸体·破势·守御(伍),2360,5,0
1287,彩·霸体·破势·守御(陆),2361,6,0
1288,彩·霸体·破势·血魂(肆),2359,4,0
1289,彩·霸体·破势·血魂(伍),2360,5,0
1290,彩·霸体·破势·血魂(陆),2361,6,0
1291,彩·霸体·耐受·破势(肆),2359,4,0
1292,彩·霸体·耐受·破势(伍),2360,5,0
1293,彩·霸体·耐受·破势(陆),2361,6,0
1294,彩·霸体·耐受·守御(肆),2359,4,0
1295,彩·霸体·耐受·守御(伍),2360,5,0
1296,彩·霸体·耐受·守御(陆),2361,6,0
1297,彩·霸体·耐受·血魂(肆),2359,4,0
1298,彩·霸体·耐受·血魂(伍),2360,5,0
1299,彩·霸体·耐受·血魂(陆),2361,6,0
1300,彩·霸体·灵动·破势(肆),2359,4,0
1301,彩·霸体·灵动·破势(伍),2360,5,0
1302,彩·霸体·灵动·破势(陆),2361,6,0
1303,彩·霸体·灵动·耐受(肆),2359,4,0
1304,彩·霸体·灵动·耐受(伍),2360,5,0
1305,彩·霸体·灵动·耐受(陆),2361,6,0
1306,彩·霸体·灵动·守御(肆),2359,4,0
1307,彩·霸体·灵动·守御(伍),2360,5,0
1308,彩·霸体·灵动·守御(陆),2361,6,0
1309,彩·霸体·灵动·血魂(肆),2359,4,0
1310,彩·霸体·灵动·血魂(伍),2360,5,0
1311,彩·霸体·灵动·血魂(陆),2361,6,0
1312,彩·霸体·守御·破势(肆),2359,4,0
1313,彩·霸体·守御·破势(伍),2360,5,0
1314,彩·霸体·守御·破势(陆),2361,6,0
1315,彩·霸体·守御·耐受(肆),2359,4,0
1316,彩·霸体·守御·耐受(伍),2360,5,0
1317,彩·霸体·守御·耐受(陆),2361,6,0
1318,彩·霸体·守御·血魂(肆),2359,4,0
1319,彩·霸体·守御·血魂(伍),2360,5,0
1320,彩·霸体·守御·血魂(陆),2361,6,0
1321,彩·霸体·血魂·破势(肆),2359,4,0
1322,彩·霸体·血魂·破势(伍),2360,5,0
1323,彩·霸体·血魂·破势(陆),2361,6,0
1324,彩·霸体·血魂·耐受(肆),2359,4,0
1325,彩·霸体·血魂·耐受(伍),2360,5,0
1326,彩·霸体·血魂·耐受(陆),2361,6,0
1327,彩·霸体·血魂·守御(肆),2359,4,0
1328,彩·霸体·血魂·守御(伍),2360,5,0
1329,彩·霸体·血魂·守御(陆),2361,6,0
1330,彩·霸体·大化·锐刃(肆),2328,4,0
1331,彩·霸体·大化·锐刃(伍),2330,5,0
1332,彩·霸体·大化·锐刃(陆),2341,6,0
1333,彩·霸体·大化·痛击(肆),2328,4,0
1334,彩·霸体·大化·痛击(伍),2330,5,0
1335,彩·霸体·大化·痛击(陆),2341,6,0
1336,彩·霸体·大化·斩铁(肆),2328,4,0
1337,彩·霸体·大化·斩铁(伍),2330,5,0
1338,彩·霸体·大化·斩铁(陆),2341,6,0
1339,彩·霸体·大化·狂攻(肆),2328,4,0
1340,彩·霸体·大化·狂攻(伍),2330,5,0
1341,彩·霸体·大化·狂攻(陆),2341,6,0
1342,彩·霸体·锐刃·痛击(肆),2328,4,0
1343,彩·霸体·锐刃·痛击(伍),2330,5,0
1344,彩·霸体·锐刃·痛击(陆),2341,6,0
1345,彩·霸体·锐刃·斩铁(肆),2328,4,0
1346,彩·霸体·锐刃·斩铁(伍),2330,5,0
1347,彩·霸体·锐刃·斩铁(陆),2341,6,0
1348,彩·霸体·锐刃·狂攻(肆),2328,4,0
1349,彩·霸体·锐刃·狂攻(伍),2330,5,0
1350,彩·霸体·锐刃·狂攻(陆),2341,6,0
1351,彩·霸体·痛击·锐刃(肆),2328,4,0
1352,彩·霸体·痛击·锐刃(伍),2330,5,0
1353,彩·霸体·痛击·锐刃(陆),2341,6,0
1354,彩·霸体·痛击·斩铁(肆),2328,4,0
1355,彩·霸体·痛击·斩铁(伍),2330,5,0
1356,彩·霸体·痛击·斩铁(陆),2341,6,0
1357,彩·霸体·痛击·狂攻(肆),2328,4,0
1358,彩·霸体·痛击·狂攻(伍),2330,5,0
1359,彩·霸体·痛击·狂攻(陆),2341,6,0
1360,彩·霸体·斩铁·锐刃(肆),2328,4,0
1361,彩·霸体·斩铁·锐刃(伍),2330,5,0
1362,彩·霸体·斩铁·锐刃(陆),2341,6,0
1363,彩·霸体·斩铁·痛击(肆),2328,4,0
1364,彩·霸体·斩铁·痛击(伍),2330,5,0
1365,彩·霸体·斩铁·痛击(陆),2341,6,0
1366,彩·霸体·斩铁·狂攻(肆),2328,4,0
1367,彩·霸体·斩铁·狂攻(伍),2330,5,0
1368,彩·霸体·斩铁·狂攻(陆),2341,6,0
1369,彩·霸体·大御·耐受(肆),2359,4,0
1370,彩·霸体·大御·耐受(伍),2360,5,0
1371,彩·霸体·大御·耐受(陆),2361,6,0
1372,彩·霸体·大御·守御(肆),2359,4,0
1373,彩·霸体·大御·守御(伍),2360,5,0
1374,彩·霸体·大御·守御(陆),2361,6,0
1375,彩·真元·鹤顶·穿石(肆),2349,4,0
1376,彩·真元·鹤顶·穿石(伍),2350,5,0
1377,彩·真元·鹤顶·穿石(陆),2351,6,0
1378,彩·真元·鹤顶·腐心(肆),2349,4,0
1379,彩·真元·鹤顶·腐心(伍),2350,5,0
1380,彩·真元·鹤顶·腐心(陆),2351,6,0
1381,彩·真元·鹤顶·痛击(肆),2349,4,0
1382,彩·真元·鹤顶·痛击(伍),2350,5,0
1383,彩·真元·鹤顶·痛击(陆),2351,6,0
1384,彩·真元·穿石·鹤顶(肆),2349,4,0
1385,彩·真元·穿石·鹤顶(伍),2350,5,0
1386,彩·真元·穿石·鹤顶(陆),2351,6,0
1387,彩·真元·穿石·腐心(肆),2349,4,0
1388,彩·真元·穿石·腐心(伍),2350,5,0
1389,彩·真元·穿石·腐心(陆),2351,6,0
1390,彩·真元·腐心·鹤顶(肆),2349,4,0
1391,彩·真元·腐心·鹤顶(伍),2350,5,0
1392,彩·真元·腐心·鹤顶(陆),2351,6,0
1393,彩·真元·腐心·穿石(肆),2349,4,0
1394,彩·真元·腐心·穿石(伍),2350,5,0
1395,彩·真元·腐心·穿石(陆),2351,6,0
1396,彩·真元·腐心·痛击(肆),2349,4,0
1397,彩·真元·腐心·痛击(伍),2350,5,0
1398,彩·真元·腐心·痛击(陆),2351,6,0
1399,彩·真元·大化·鹤顶(肆),2349,4,0
1400,彩·真元·大化·鹤顶(伍),2350,5,0
1401,彩·真元·大化·鹤顶(陆),2351,6,0
1402,彩·真元·大化·穿石(肆),2349,4,0
1403,彩·真元·大化·穿石(伍),2350,5,0
1404,彩·真元·大化·穿石(陆),2351,6,0
1405,彩·真元·大化·腐心(肆),2349,4,0
1406,彩·真元·大化·腐心(伍),2350,5,0
1407,彩·真元·大化·腐心(陆),2351,6,0
1408,彩·真元·大化·雷鸣(肆),2349,4,0
1409,彩·真元·大化·雷鸣(伍),2350,5,0
1410,彩·真元·大化·雷鸣(陆),2351,6,0
1411,彩·真元·大化·霹雳(肆),2349,4,0
1412,彩·真元·大化·霹雳(伍),2350,5,0
1413,彩·真元·大化·霹雳(陆),2351,6,0
1414,彩·真元·大化·混沌(肆),2349,4,0
1415,彩·真元·大化·混沌(伍),2350,5,0
1416,彩·真元·大化·混沌(陆),2351,6,0
1417,彩·真元·大化·激流(肆),2349,4,0
1418,彩·真元·大化·激流(伍),2350,5,0
1419,彩·真元·大化·激流(陆),2351,6,0
1420,彩·真元·大化·月华(肆),2349,4,0
1421,彩·真元·大化·月华(伍),2350,5,0
1422,彩·真元·大化·月华(陆),2351,6,0
1423,彩·真元·大化·灭气(肆),2349,4,0
1424,彩·真元·大化·灭气(伍),2350,5,0
1425,彩·真元·大化·灭气(陆),2351,6,0
1426,彩·真元·大化·痛击(肆),2349,4,0
1427,彩·真元·大化·痛击(伍),2350,5,0
1428,彩·真元·大化·痛击(陆),2351,6,0
1429,彩·真元·大化·见切(肆),2349,4,0
1430,彩·真元·大化·见切(伍),2350,5,0
1431,彩·真元·大化·见切(陆),2351,6,0
1432,彩·真元·大化·烈阳(肆),2349,4,0
1433,彩·真元·大化·烈阳(伍),2350,5,0
1434,彩·真元·大化·烈阳(陆),2351,6,0
1435,彩·真元·大化·浴火(肆),2349,4,0
1436,彩·真元·大化·浴火(伍),2350,5,0
1437,彩·真元·大化·浴火(陆),2351,6,0
1438,彩·真元·大化·日炎(肆),2349,4,0
1439,彩·真元·大化·日炎(伍),2350,5,0
1440,彩·真元·大化·日炎(陆),2351,6,0
1441,彩·真元·大化·霜冷(肆),2349,4,0
1442,彩·真元·大化·霜冷(伍),2350,5,0
1443,彩·真元·大化·霜冷(陆),2351,6,0
1444,彩·真元·大化·杯雪(肆),2349,4,0
1445,彩·真元·大化·杯雪(伍),2350,5,0
1446,彩·真元·大化·杯雪(陆),2351,6,0
1447,彩·真元·大化·冻髓(肆),2349,4,0
1448,彩·真元·大化·冻髓(伍),2350,5,0
1449,彩·真元·大化·冻髓(陆),2351,6,0
1450,彩·真元·大化·琉璃(肆),2349,4,0
1451,彩·真元·大化·琉璃(伍),2350,5,0
1452,彩·真元·大化·琉璃(陆),2351,6,0
1453,彩·真元·大化·界影(肆),2349,4,0
1454,彩·真元·大化·界影(伍),2350,5,0
1455,彩·真元·大化·界影(陆),2351,6,0
1456,彩·真元·大化·焚虚(肆),2349,4,0
1457,彩·真元·大化·焚虚(伍),2350,5,0
1458,彩·真元·大化·焚虚(陆),2351,6,0
1459,彩·真元·雷鸣·霹雳(肆),2349,4,0
1460,彩·真元·雷鸣·霹雳(伍),2350,5,0
1461,彩·真元·雷鸣·霹雳(陆),2351,6,0
1462,彩·真元·雷鸣·混沌(肆),2349,4,0
1463,彩·真元·雷鸣·混沌(伍),2350,5,0
1464,彩·真元·雷鸣·混沌(陆),2351,6,0
1465,彩·真元·霹雳·雷鸣(肆),2349,4,0
1466,彩·真元·霹雳·雷鸣(伍),2350,5,0
1467,彩·真元·霹雳·雷鸣(陆),2351,6,0
1468,彩·真元·霹雳·混沌(肆),2349,4,0
1469,彩·真元·霹雳·混沌(伍),2350,5,0
1470,彩·真元·霹雳·混沌(陆),2351,6,0
1471,彩·真元·混沌·雷鸣(肆),2349,4,0
1472,彩·真元·混沌·雷鸣(伍),2350,5,0
1473,彩·真元·混沌·雷鸣(陆),2351,6,0
1474,彩·真元·混沌·霹雳(肆),2349,4,0
1475,彩·真元·混沌·霹雳(伍),2350,5,0
1476,彩·真元·混沌·霹雳(陆),2351,6,0
1477,彩·真元·急速·鹤顶(肆),2349,4,0
1478,彩·真元·急速·鹤顶(伍),2350,5,0
1479,彩·真元·急速·鹤顶(陆),2351,6,0
1480,彩·真元·急速·雷鸣(肆),2349,4,0
1481,彩·真元·急速·雷鸣(伍),2350,5,0
1482,彩·真元·急速·雷鸣(陆),2351,6,0
1483,彩·真元·急速·烈阳(肆),2349,4,0
1484,彩·真元·急速·烈阳(伍),2350,5,0
1485,彩·真元·急速·烈阳(陆),2351,6,0
1486,彩·真元·急速·琉璃(肆),2349,4,0
1487,彩·真元·急速·琉璃(伍),2350,5,0
1488,彩·真元·急速·琉璃(陆),2351,6,0
1489,彩·真元·激流·月华(肆),2349,4,0
1490,彩·真元·激流·月华(伍),2350,5,0
1491,彩·真元·激流·月华(陆),2351,6,0
1492,彩·真元·激流·灭气(肆),2349,4,0
1493,彩·真元·激流·灭气(伍),2350,5,0
1494,彩·真元·激流·灭气(陆),2351,6,0
1495,彩·真元·月华·激流(肆),2349,4,0
1496,彩·真元·月华·激流(伍),2350,5,0
1497,彩·真元·月华·激流(陆),2351,6,0
1498,彩·真元·月华·灭气(肆),2349,4,0
1499,彩·真元·月华·灭气(伍),2350,5,0
1500,彩·真元·月华·灭气(陆),2351,6,0
1501,彩·真元·灭气·激流(肆),2349,4,0
1502,彩·真元·灭气·激流(伍),2350,5,0
1503,彩·真元·灭气·激流(陆),2351,6,0
1504,彩·真元·灭气·月华(肆),2349,4,0
1505,彩·真元·灭气·月华(伍),2350,5,0
1506,彩·真元·灭气·月华(陆),2351,6,0
1507,彩·真元·痛击·鹤顶(肆),2349,4,0
1508,彩·真元·痛击·鹤顶(伍),2350,5,0
1509,彩·真元·痛击·鹤顶(陆),2351,6,0
1510,彩·真元·痛击·腐心(肆),2349,4,0
1511,彩·真元·痛击·腐心(伍),2350,5,0
1512,彩·真元·痛击·腐心(陆),2351,6,0
1513,彩·真元·见切·鹤顶(肆),2349,4,0
1514,彩·真元·见切·鹤顶(伍),2350,5,0
1515,彩·真元·见切·鹤顶(陆),2351,6,0
1516,彩·真元·见切·腐心(肆),2349,4,0
1517,彩·真元·见切·腐心(伍),2350,5,0
1518,彩·真元·见切·腐心(陆),2351,6,0
1519,彩·真元·见切·痛击(肆),2349,4,0
1520,彩·真元·见切·痛击(伍),2350,5,0
1521,彩·真元·见切·痛击(陆),2351,6,0
1522,彩·真元·烈阳·浴火(肆),2349,4,0
1523,彩·真元·烈阳·浴火(伍),2350,5,0
1524,彩·真元·烈阳·浴火(陆),2351,6,0
1525,彩·真元·烈阳·日炎(肆),2349,4,0
1526,彩·真元·烈阳·日炎(伍),2350,5,0
1527,彩·真元·烈阳·日炎(陆),2351,6,0
1528,彩·真元·浴火·烈阳(肆),2349,4,0
1529,彩·真元·浴火·烈阳(伍),2350,5,0
1530,彩·真元·浴火·烈阳(陆),2351,6,0
1531,彩·真元·浴火·日炎(肆),2349,4,0
1532,彩·真元·浴火·日炎(伍),2350,5,0
1533,彩·真元·浴火·日炎(陆),2351,6,0
1534,彩·真元·日炎·烈阳(肆),2349,4,0
1535,彩·真元·日炎·烈阳(伍),2350,5,0
1536,彩·真元·日炎·烈阳(陆),2351,6,0
1537,彩·真元·日炎·浴火(肆),2349,4,0
1538,彩·真元·日炎·浴火(伍),2350,5,0
1539,彩·真元·日炎·浴火(陆),2351,6,0
1540,彩·真元·霜冷·杯雪(肆),2349,4,0
1541,彩·真元·霜冷·杯雪(伍),2350,5,0
1542,彩·真元·霜冷·杯雪(陆),2351,6,0
1543,彩·真元·霜冷·冻髓(肆),2349,4,0
1544,彩·真元·霜冷·冻髓(伍),2350,5,0
1545,彩·真元·霜冷·冻髓(陆),2351,6,0
1546,彩·真元·杯雪·霜冷(肆),2349,4,0
1547,彩·真元·杯雪·霜冷(伍),2350,5,0
1548,彩·真元·杯雪·霜冷(陆),2351,6,0
1549,彩·真元·杯雪·冻髓(肆),2349,4,0
1550,彩·真元·杯雪·冻髓(伍),2350,5,0
1551,彩·真元·杯雪·冻髓(陆),2351,6,0
1552,彩·真元·冻髓·霜冷(肆),2349,4,0
1553,彩·真元·冻髓·霜冷(伍),2350,5,0
1554,彩·真元·冻髓·霜冷(陆),2351,6,0
1555,彩·真元·冻髓·杯雪(肆),2349,4,0
1556,彩·真元·冻髓·杯雪(伍),2350,5,0
1557,彩·真元·冻髓·杯雪(陆),2351,6,0
1558,彩·真元·琉璃·界影(肆),2349,4,0
1559,彩·真元·琉璃·界影(伍),2350,5,0
1560,彩·真元·琉璃·界影(陆),2351,6,0
1561,彩·真元·琉璃·焚虚(肆),2349,4,0
1562,彩·真元·琉璃·焚虚(伍),2350,5,0
1563,彩·真元·琉璃·焚虚(陆),2351,6,0
1564,彩·真元·界影·琉璃(肆),2349,4,0
1565,彩·真元·界影·琉璃(伍),2350,5,0
1566,彩·真元·界影·琉璃(陆),2351,6,0
1567,彩·真元·界影·焚虚(肆),2349,4,0
1568,彩·真元·界影·焚虚(伍),2350,5,0
1569,彩·真元·界影·焚虚(陆),2351,6,0
1570,彩·真元·焚虚·琉璃(肆),2349,4,0
1571,彩·真元·焚虚·琉璃(伍),2350,5,0
1572,彩·真元·焚虚·琉璃(陆),2351,6,0
1573,彩·真元·焚虚·界影(肆),2349,4,0
1574,彩·真元·焚虚·界影(伍),2350,5,0
1575,彩·真元·焚虚·界影(陆),2351,6,0
1576,彩·急速·大化·鹤顶(肆),2349,4,0
1577,彩·急速·大化·鹤顶(伍),2350,5,0
1578,彩·急速·大化·鹤顶(陆),2351,6,0
1579,彩·急速·大化·雷鸣(肆),2349,4,0
1580,彩·急速·大化·雷鸣(伍),2350,5,0
1581,彩·急速·大化·雷鸣(陆),2351,6,0
1582,彩·急速·大化·锐刃(肆),2328,4,0
1583,彩·急速·大化·锐刃(伍),2330,5,0
1584,彩·急速·大化·锐刃(陆),2341,6,0
1585,彩·急速·大化·烈阳(肆),2349,4,0
1586,彩·急速·大化·烈阳(伍),2350,5,0
1587,彩·急速·大化·烈阳(陆),2351,6,0
1588,彩·急速·大化·霜冷(肆),2349,4,0
1589,彩·急速·大化·霜冷(伍),2350,5,0
1590,彩·急速·大化·霜冷(陆),2351,6,0
1591,彩·急速·大化·琉璃(肆),2349,4,0
1592,彩·急速·大化·琉璃(伍),2350,5,0
1593,彩·急速·大化·琉璃(陆),2351,6,0
1594,彩·征服·固本·吸星(肆),2337,4,0
1595,彩·征服·固本·吸星(伍),2339,5,0
1596,彩·征服·固本·嗜血(肆),2337,4,0
1597,彩·征服·固本·嗜血(伍),2339,5,0
1598,彩·征服·固本·迅疾(伍),2360,5,0
1599,彩·守护·霸体·清源(伍),2360,5,0
1600,彩·守护·霸体·清源(陆),2361,6,0
1601,彩·守护·霸体·铁壁(伍),2360,5,0
1602,彩·守护·霸体·铁壁(陆),2361,6,0
1603,彩·守护·固本·清源(伍),2360,5,0
1604,彩·守护·固本·清源(陆),2361,6,0
1605,彩·守护·固本·忘我(肆),2359,4,0
1606,彩·守护·固本·忘我(伍),2360,5,0
1607,彩·守护·固本·忘我(陆),2361,6,0
1608,彩·守护·固本·健体(肆),2359,4,0
1609,彩·守护·固本·健体(伍),2360,5,0
1610,彩·守护·固本·健体(陆),2361,6,0
1611,彩·守护·固本·铁壁(伍),2360,5,0
1612,彩·守护·固本·铁壁(陆),2361,6,0
1613,彩·击破·强击·固筋(肆),2337,4,0
1614,彩·击破·强击·固筋(伍),2339,5,0
1615,彩·击破·强击·固筋(陆),2340,6,0
1616,彩·击破·强击·聚力(肆),2337,4,0
1617,彩·击破·强击·聚力(伍),2339,5,0
1618,彩·击破·强击·聚力(陆),2340,6,0
1619,彩·击破·强击·强身(肆),2337,4,0
1620,彩·击破·强击·强身(伍),2339,5,0
1621,彩·击破·强击·强身(陆),2340,6,0
1622,彩·击破·强击·聚魂(肆),2337,4,0
1623,彩·击破·强击·聚魂(伍),2339,5,0
1624,彩·击破·强击·聚魂(陆),2340,6,0
1625,彩·击破·固本·刚烈(肆),2337,4,0
1626,彩·击破·固本·刚烈(伍),2339,5,0
1627,彩·击破·固本·刚烈(陆),2340,6,0
1628,彩·济世·灵根·妙手(肆),2319,4,0
1629,彩·济世·灵根·妙手(伍),2320,5,0
1630,彩·济世·灵根·妙手(陆),2321,6,0
1631,彩·济世·霸体·妙手(肆),2319,4,0
1632,彩·济世·霸体·妙手(伍),2320,5,0
1633,彩·济世·霸体·妙手(陆),2321,6,0
1634,彩·济世·固本·延绵(肆),2319,4,0
1635,彩·济世·固本·延绵(伍),2320,5,0
1636,彩·济世·固本·延绵(陆),2321,6,0
1637,彩·济世·固本·妙手(肆),2319,4,0
1638,彩·济世·固本·妙手(伍),2320,5,0
1639,彩·济世·固本·妙手(陆),2321,6,0
1640,彩·激流·大化·月华(肆),2349,4,0
1641,彩·激流·大化·月华(伍),2350,5,0
1642,彩·激流·大化·月华(陆),2351,6,0
1643,彩·激流·大化·灭气(肆),2349,4,0
1644,彩·激流·大化·灭气(伍),2350,5,0
1645,彩·激流·大化·灭气(陆),2351,6,0
1646,彩·激流·月华·灭气(肆),2349,4,0
1647,彩·激流·月华·灭气(伍),2350,5,0
1648,彩·激流·月华·灭气(陆),2351,6,0
1649,彩·激流·灭气·月华(肆),2349,4,0
1650,彩·激流·灭气·月华(伍),2350,5,0
1651,彩·激流·灭气·月华(陆),2351,6,0
1652,彩·月华·大化·激流(肆),2349,4,0
1653,彩·月华·大化·激流(伍),2350,5,0
1654,彩·月华·大化·激流(陆),2351,6,0
1655,彩·月华·大化·灭气(肆),2349,4,0
1656,彩·月华·大化·灭气(伍),2350,5,0
1657,彩·月华·大化·灭气(陆),2351,6,0
1658,彩·月华·大化·海纳(肆),2319,4,0
1659,彩·月华·大化·海纳(伍),2320,5,0
1660,彩·月华·大化·海纳(陆),2321,6,0
1661,彩·月华·激流·灭气(肆),2349,4,0
1662,彩·月华·激流·灭气(伍),2350,5,0
1663,彩·月华·激流·灭气(陆),2351,6,0
1664,彩·月华·灭气·激流(肆),2349,4,0
1665,彩·月华·灭气·激流(伍),2350,5,0
1666,彩·月华·灭气·激流(陆),2351,6,0
1667,彩·星见·大化·激流(肆),2349,4,0
1668,彩·星见·大化·激流(伍),2350,5,0
1669,彩·星见·大化·激流(陆),2351,6,0
1670,彩·星见·大化·月华(肆),2349,4,0
1671,彩·星见·大化·月华(伍),2350,5,0
1672,彩·星见·大化·月华(陆),2351,6,0
1673,彩·星见·大化·灭气(肆),2349,4,0
1674,彩·星见·大化·灭气(伍),2350,5,0
1675,彩·星见·大化·灭气(陆),2351,6,0
1676,彩·星见·大化·海纳(肆),2319,4,0
1677,彩·星见·大化·海纳(伍),2320,5,0
1678,彩·星见·大化·海纳(陆),2321,6,0
1679,彩·星见·激流·月华(肆),2349,4,0
1680,彩·星见·激流·月华(伍),2350,5,0
1681,彩·星见·激流·月华(陆),2351,6,0
1682,彩·星见·激流·灭气(肆),2349,4,0
1683,彩·星见·激流·灭气(伍),2350,5,0
1684,彩·星见·激流·灭气(陆),2351,6,0
1685,彩·星见·月华·激流(肆),2349,4,0
1686,彩·星见·月华·激流(伍),2350,5,0
1687,彩·星见·月华·激流(陆),2351,6,0
1688,彩·星见·月华·灭气(肆),2349,4,0
1689,彩·星见·月华·灭气(伍),2350,5,0
1690,彩·星见·月华·灭气(陆),2351,6,0
1691,彩·星见·月华·海纳(肆),2319,4,0
1692,彩·星见·月华·海纳(伍),2320,5,0
1693,彩·星见·月华·海纳(陆),2321,6,0
1694,彩·星见·灭气·激流(肆),2349,4,0
1695,彩·星见·灭气·激流(伍),2350,5,0
1696,彩·星见·灭气·激流(陆),2351,6,0
1697,彩·星见·灭气·月华(肆),2349,4,0
1698,彩·星见·灭气·月华(伍),2350,5,0
1699,彩·星见·灭气·月华(陆),2351,6,0
1700,彩·星见·海纳·月华(肆),2319,4,0
1701,彩·星见·海纳·月华(伍),2320,5,0
1702,彩·星见·海纳·月华(陆),2321,6,0
1730,彩·灭气·大化·激流(肆),2349,4,0
1731,彩·灭气·大化·激流(伍),2350,5,0
1732,彩·灭气·大化·激流(陆),2351,6,0
1733,彩·灭气·大化·月华(肆),2349,4,0
1734,彩·灭气·大化·月华(伍),2350,5,0
1735,彩·灭气·大化·月华(陆),2351,6,0
1736,彩·灭气·激流·月华(肆),2349,4,0
1737,彩·灭气·激流·月华(伍),2350,5,0
1738,彩·灭气·激流·月华(陆),2351,6,0
1739,彩·灭气·月华·激流(肆),2349,4,0
1740,彩·灭气·月华·激流(伍),2350,5,0
1741,彩·灭气·月华·激流(陆),2351,6,0
1742,彩·锐刃·大化·痛击(肆),2328,4,0
1743,彩·锐刃·大化·痛击(伍),2330,5,0
1744,彩·锐刃·大化·痛击(陆),2341,6,0
1745,彩·锐刃·大化·斩铁(肆),2328,4,0
1746,彩·锐刃·大化·斩铁(伍),2330,5,0
1747,彩·锐刃·大化·斩铁(陆),2341,6,0
1748,彩·锐刃·大化·狂攻(肆),2328,4,0
1749,彩·锐刃·大化·狂攻(伍),2330,5,0
1750,彩·锐刃·大化·狂攻(陆),2341,6,0
1751,彩·锐刃·痛击·斩铁(肆),2328,4,0
1752,彩·锐刃·痛击·斩铁(伍),2330,5,0
1753,彩·锐刃·痛击·斩铁(陆),2341,6,0
1754,彩·锐刃·痛击·狂攻(肆),2328,4,0
1755,彩·锐刃·痛击·狂攻(伍),2330,5,0
1756,彩·锐刃·痛击·狂攻(陆),2341,6,0
1757,彩·锐刃·斩铁·痛击(肆),2328,4,0
1758,彩·锐刃·斩铁·痛击(伍),2330,5,0
1759,彩·锐刃·斩铁·痛击(陆),2341,6,0
1760,彩·锐刃·斩铁·狂攻(肆),2328,4,0
1761,彩·锐刃·斩铁·狂攻(伍),2330,5,0
1762,彩·锐刃·斩铁·狂攻(陆),2341,6,0
1763,彩·痛击·鹤顶·腐心(肆),2349,4,0
1764,彩·痛击·鹤顶·腐心(伍),2350,5,0
1765,彩·痛击·鹤顶·腐心(陆),2351,6,0
1766,彩·痛击·腐心·鹤顶(肆),2349,4,0
1767,彩·痛击·腐心·鹤顶(伍),2350,5,0
1768,彩·痛击·腐心·鹤顶(陆),2351,6,0
1769,彩·痛击·大化·鹤顶(肆),2349,4,0
1770,彩·痛击·大化·鹤顶(伍),2350,5,0
1771,彩·痛击·大化·鹤顶(陆),2351,6,0
1772,彩·痛击·大化·腐心(肆),2349,4,0
1773,彩·痛击·大化·腐心(伍),2350,5,0
1774,彩·痛击·大化·腐心(陆),2351,6,0
1775,彩·痛击·大化·锐刃(肆),2328,4,0
1776,彩·痛击·大化·锐刃(伍),2330,5,0
1777,彩·痛击·大化·锐刃(陆),2341,6,0
1778,彩·痛击·大化·斩铁(肆),2328,4,0
1779,彩·痛击·大化·斩铁(伍),2330,5,0
1780,彩·痛击·大化·斩铁(陆),2341,6,0
1781,彩·痛击·大化·狂攻(肆),2328,4,0
1782,彩·痛击·大化·狂攻(伍),2330,5,0
1783,彩·痛击·大化·狂攻(陆),2341,6,0
1784,彩·痛击·锐刃·斩铁(肆),2328,4,0
1785,彩·痛击·锐刃·斩铁(伍),2330,5,0
1786,彩·痛击·锐刃·斩铁(陆),2341,6,0
1787,彩·痛击·锐刃·狂攻(肆),2328,4,0
1788,彩·痛击·锐刃·狂攻(伍),2330,5,0
1789,彩·痛击·锐刃·狂攻(陆),2341,6,0
1790,彩·痛击·见切·鹤顶(肆),2349,4,0
1791,彩·痛击·见切·鹤顶(伍),2350,5,0
1792,彩·痛击·见切·鹤顶(陆),2351,6,0
1793,彩·痛击·见切·腐心(肆),2349,4,0
1794,彩·痛击·见切·腐心(伍),2350,5,0
1795,彩·痛击·见切·腐心(陆),2351,6,0
1796,彩·痛击·斩铁·锐刃(肆),2328,4,0
1797,彩·痛击·斩铁·锐刃(伍),2330,5,0
1798,彩·痛击·斩铁·锐刃(陆),2341,6,0
1799,彩·痛击·斩铁·狂攻(肆),2328,4,0
1800,彩·痛击·斩铁·狂攻(伍),2330,5,0
1801,彩·痛击·斩铁·狂攻(陆),2341,6,0
1802,彩·见切·鹤顶·腐心(肆),2349,4,0
1803,彩·见切·鹤顶·腐心(伍),2350,5,0
1804,彩·见切·鹤顶·腐心(陆),2351,6,0
1805,彩·见切·鹤顶·痛击(肆),2349,4,0
1806,彩·见切·鹤顶·痛击(伍),2350,5,0
1807,彩·见切·鹤顶·痛击(陆),2351,6,0
1808,彩·见切·腐心·鹤顶(肆),2349,4,0
1809,彩·见切·腐心·鹤顶(伍),2350,5,0
1810,彩·见切·腐心·鹤顶(陆),2351,6,0
1811,彩·见切·腐心·痛击(肆),2349,4,0
1812,彩·见切·腐心·痛击(伍),2350,5,0
1813,彩·见切·腐心·痛击(陆),2351,6,0
1814,彩·见切·大化·鹤顶(肆),2349,4,0
1815,彩·见切·大化·鹤顶(伍),2350,5,0
1816,彩·见切·大化·鹤顶(陆),2351,6,0
1817,彩·见切·大化·腐心(肆),2349,4,0
1818,彩·见切·大化·腐心(伍),2350,5,0
1819,彩·见切·大化·腐心(陆),2351,6,0
1820,彩·见切·大化·锐刃(肆),2328,4,0
1821,彩·见切·大化·锐刃(伍),2330,5,0
1822,彩·见切·大化·锐刃(陆),2341,6,0
1823,彩·见切·大化·痛击(肆),2328,4,0
1824,彩·见切·大化·痛击(伍),2330,5,0
1825,彩·见切·大化·痛击(陆),2341,6,0
1826,彩·见切·大化·斩铁(肆),2328,4,0
1827,彩·见切·大化·斩铁(伍),2330,5,0
1828,彩·见切·大化·斩铁(陆),2341,6,0
1829,彩·见切·大化·狂攻(肆),2328,4,0
1830,彩·见切·大化·狂攻(伍),2330,5,0
1831,彩·见切·大化·狂攻(陆),2341,6,0
1832,彩·见切·锐刃·痛击(肆),2328,4,0
1833,彩·见切·锐刃·痛击(伍),2330,5,0
1834,彩·见切·锐刃·痛击(陆),2341,6,0
1835,彩·见切·锐刃·斩铁(肆),2328,4,0
1836,彩·见切·锐刃·斩铁(伍),2330,5,0
1837,彩·见切·锐刃·斩铁(陆),2341,6,0
1838,彩·见切·锐刃·狂攻(肆),2328,4,0
1839,彩·见切·锐刃·狂攻(伍),2330,5,0
1840,彩·见切·锐刃·狂攻(陆),2341,6,0
1841,彩·见切·痛击·鹤顶(肆),2349,4,0
1842,彩·见切·痛击·鹤顶(伍),2350,5,0
1843,彩·见切·痛击·鹤顶(陆),2351,6,0
1844,彩·见切·痛击·腐心(肆),2349,4,0
1845,彩·见切·痛击·腐心(伍),2350,5,0
1846,彩·见切·痛击·腐心(陆),2351,6,0
1847,彩·见切·痛击·锐刃(肆),2328,4,0
1848,彩·见切·痛击·锐刃(伍),2330,5,0
1849,彩·见切·痛击·锐刃(陆),2341,6,0
1850,彩·见切·痛击·斩铁(肆),2328,4,0
1851,彩·见切·痛击·斩铁(伍),2330,5,0
1852,彩·见切·痛击·斩铁(陆),2341,6,0
1853,彩·见切·痛击·狂攻(肆),2328,4,0
1854,彩·见切·痛击·狂攻(伍),2330,5,0
1855,彩·见切·痛击·狂攻(陆),2341,6,0
1856,彩·见切·斩铁·锐刃(肆),2328,4,0
1857,彩·见切·斩铁·锐刃(伍),2330,5,0
1858,彩·见切·斩铁·锐刃(陆),2341,6,0
1859,彩·见切·斩铁·痛击(肆),2328,4,0
1860,彩·见切·斩铁·痛击(伍),2330,5,0
1861,彩·见切·斩铁·痛击(陆),2341,6,0
1862,彩·见切·斩铁·狂攻(肆),2328,4,0
1863,彩·见切·斩铁·狂攻(伍),2330,5,0
1864,彩·见切·斩铁·狂攻(陆),2341,6,0
1940,彩·斩铁·大化·锐刃(肆),2328,4,0
1941,彩·斩铁·大化·锐刃(伍),2330,5,0
1942,彩·斩铁·大化·锐刃(陆),2341,6,0
1943,彩·斩铁·大化·痛击(肆),2328,4,0
1944,彩·斩铁·大化·痛击(伍),2330,5,0
1945,彩·斩铁·大化·痛击(陆),2341,6,0
1946,彩·斩铁·大化·狂攻(肆),2328,4,0
1947,彩·斩铁·大化·狂攻(伍),2330,5,0
1948,彩·斩铁·大化·狂攻(陆),2341,6,0
1949,彩·斩铁·锐刃·痛击(肆),2328,4,0
1950,彩·斩铁·锐刃·痛击(伍),2330,5,0
1951,彩·斩铁·锐刃·痛击(陆),2341,6,0
1952,彩·斩铁·锐刃·狂攻(肆),2328,4,0
1953,彩·斩铁·锐刃·狂攻(伍),2330,5,0
1954,彩·斩铁·锐刃·狂攻(陆),2341,6,0
1955,彩·斩铁·痛击·锐刃(肆),2328,4,0
1956,彩·斩铁·痛击·锐刃(伍),2330,5,0
1957,彩·斩铁·痛击·锐刃(陆),2341,6,0
1958,彩·斩铁·痛击·狂攻(肆),2328,4,0
1959,彩·斩铁·痛击·狂攻(伍),2330,5,0
1960,彩·斩铁·痛击·狂攻(陆),2341,6,0
1961,彩·无双·鹤顶·穿石(肆),2349,4,0
1962,彩·无双·鹤顶·穿石(伍),2350,5,0
1963,彩·无双·鹤顶·穿石(陆),2351,6,0
1964,彩·无双·鹤顶·腐心(肆),2349,4,0
1965,彩·无双·鹤顶·腐心(伍),2350,5,0
1966,彩·无双·鹤顶·腐心(陆),2351,6,0
1967,彩·无双·鹤顶·痛击(肆),2349,4,0
1968,彩·无双·鹤顶·痛击(伍),2350,5,0
1969,彩·无双·鹤顶·痛击(陆),2351,6,0
1970,彩·无双·穿石·鹤顶(肆),2349,4,0
1971,彩·无双·穿石·鹤顶(伍),2350,5,0
1972,彩·无双·穿石·鹤顶(陆),2351,6,0
1973,彩·无双·穿石·腐心(肆),2349,4,0
1974,彩·无双·穿石·腐心(伍),2350,5,0
1975,彩·无双·穿石·腐心(陆),2351,6,0
1976,彩·无双·腐心·鹤顶(肆),2349,4,0
1977,彩·无双·腐心·鹤顶(伍),2350,5,0
1978,彩·无双·腐心·鹤顶(陆),2351,6,0
1979,彩·无双·腐心·穿石(肆),2349,4,0
1980,彩·无双·腐心·穿石(伍),2350,5,0
1981,彩·无双·腐心·穿石(陆),2351,6,0
1982,彩·无双·腐心·痛击(肆),2349,4,0
1983,彩·无双·腐心·痛击(伍),2350,5,0
1984,彩·无双·腐心·痛击(陆),2351,6,0
1985,彩·无双·雷鸣·霹雳(肆),2349,4,0
1986,彩·无双·雷鸣·霹雳(伍),2350,5,0
1987,彩·无双·雷鸣·霹雳(陆),2351,6,0
1988,彩·无双·雷鸣·混沌(肆),2349,4,0
1989,彩·无双·雷鸣·混沌(伍),2350,5,0
1990,彩·无双·雷鸣·混沌(陆),2351,6,0
1991,彩·无双·霹雳·雷鸣(肆),2349,4,0
1992,彩·无双·霹雳·雷鸣(伍),2350,5,0
1993,彩·无双·霹雳·雷鸣(陆),2351,6,0
1994,彩·无双·霹雳·混沌(肆),2349,4,0
1995,彩·无双·霹雳·混沌(伍),2350,5,0
1996,彩·无双·霹雳·混沌(陆),2351,6,0
1997,彩·无双·混沌·雷鸣(肆),2349,4,0
1998,彩·无双·混沌·雷鸣(伍),2350,5,0
1999,彩·无双·混沌·雷鸣(陆),2351,6,0
2000,彩·无双·混沌·霹雳(肆),2349,4,0
2001,彩·无双·混沌·霹雳(伍),2350,5,0
2002,彩·无双·混沌·霹雳(陆),2351,6,0
2003,彩·无双·急速·鹤顶(肆),2349,4,0
2004,彩·无双·急速·鹤顶(伍),2350,5,0
2005,彩·无双·急速·鹤顶(陆),2351,6,0
2006,彩·无双·急速·雷鸣(肆),2349,4,0
2007,彩·无双·急速·雷鸣(伍),2350,5,0
2008,彩·无双·急速·雷鸣(陆),2351,6,0
2009,彩·无双·急速·锐刃(肆),2328,4,0
2010,彩·无双·急速·锐刃(伍),2330,5,0
2011,彩·无双·急速·锐刃(陆),2341,6,0
2012,彩·无双·急速·烈阳(肆),2349,4,0
2013,彩·无双·急速·烈阳(伍),2350,5,0
2014,彩·无双·急速·烈阳(陆),2351,6,0
2015,彩·无双·急速·霜冷(肆),2349,4,0
2016,彩·无双·急速·霜冷(伍),2350,5,0
2017,彩·无双·急速·霜冷(陆),2351,6,0
2018,彩·无双·急速·琉璃(肆),2349,4,0
2019,彩·无双·急速·琉璃(伍),2350,5,0
2020,彩·无双·急速·琉璃(陆),2351,6,0
2021,彩·无双·激流·月华(肆),2349,4,0
2022,彩·无双·激流·月华(伍),2350,5,0
2023,彩·无双·激流·月华(陆),2351,6,0
2024,彩·无双·激流·灭气(肆),2349,4,0
2025,彩·无双·激流·灭气(伍),2350,5,0
2026,彩·无双·激流·灭气(陆),2351,6,0
2027,彩·无双·月华·激流(肆),2349,4,0
2028,彩·无双·月华·激流(伍),2350,5,0
2029,彩·无双·月华·激流(陆),2351,6,0
2030,彩·无双·月华·灭气(肆),2349,4,0
2031,彩·无双·月华·灭气(伍),2350,5,0
2032,彩·无双·月华·灭气(陆),2351,6,0
2033,彩·无双·灭气·激流(肆),2349,4,0
2034,彩·无双·灭气·激流(伍),2350,5,0
2035,彩·无双·灭气·激流(陆),2351,6,0
2036,彩·无双·灭气·月华(肆),2349,4,0
2037,彩·无双·灭气·月华(伍),2350,5,0
2038,彩·无双·灭气·月华(陆),2351,6,0
2039,彩·无双·锐刃·痛击(肆),2328,4,0
2040,彩·无双·锐刃·痛击(伍),2330,5,0
2041,彩·无双·锐刃·痛击(陆),2341,6,0
2042,彩·无双·锐刃·斩铁(肆),2328,4,0
2043,彩·无双·锐刃·斩铁(伍),2330,5,0
2044,彩·无双·锐刃·斩铁(陆),2341,6,0
2045,彩·无双·锐刃·狂攻(肆),2328,4,0
2046,彩·无双·锐刃·狂攻(伍),2330,5,0
2047,彩·无双·锐刃·狂攻(陆),2341,6,0
2048,彩·无双·痛击·鹤顶(肆),2349,4,0
2049,彩·无双·痛击·鹤顶(伍),2350,5,0
2050,彩·无双·痛击·鹤顶(陆),2351,6,0
2051,彩·无双·痛击·腐心(肆),2349,4,0
2052,彩·无双·痛击·腐心(伍),2350,5,0
2053,彩·无双·痛击·腐心(陆),2351,6,0
2054,彩·无双·痛击·锐刃(肆),2328,4,0
2055,彩·无双·痛击·锐刃(伍),2330,5,0
2056,彩·无双·痛击·锐刃(陆),2341,6,0
2057,彩·无双·痛击·斩铁(肆),2328,4,0
2058,彩·无双·痛击·斩铁(伍),2330,5,0
2059,彩·无双·痛击·斩铁(陆),2341,6,0
2060,彩·无双·痛击·狂攻(肆),2328,4,0
2061,彩·无双·痛击·狂攻(伍),2330,5,0
2062,彩·无双·痛击·狂攻(陆),2341,6,0
2063,彩·无双·见切·鹤顶(肆),2349,4,0
2064,彩·无双·见切·鹤顶(伍),2350,5,0
2065,彩·无双·见切·鹤顶(陆),2351,6,0
2066,彩·无双·见切·腐心(肆),2349,4,0
2067,彩·无双·见切·腐心(伍),2350,5,0
2068,彩·无双·见切·腐心(陆),2351,6,0
2069,彩·无双·斩铁·锐刃(肆),2328,4,0
2070,彩·无双·斩铁·锐刃(伍),2330,5,0
2071,彩·无双·斩铁·锐刃(陆),2341,6,0
2072,彩·无双·斩铁·痛击(肆),2328,4,0
2073,彩·无双·斩铁·痛击(伍),2330,5,0
2074,彩·无双·斩铁·痛击(陆),2341,6,0
2075,彩·无双·斩铁·狂攻(肆),2328,4,0
2076,彩·无双·斩铁·狂攻(伍),2330,5,0
2077,彩·无双·斩铁·狂攻(陆),2341,6,0
2078,彩·无双·烈阳·浴火(肆),2349,4,0
2079,彩·无双·烈阳·浴火(伍),2350,5,0
2080,彩·无双·烈阳·浴火(陆),2351,6,0
2081,彩·无双·烈阳·日炎(肆),2349,4,0
2082,彩·无双·烈阳·日炎(伍),2350,5,0
2083,彩·无双·烈阳·日炎(陆),2351,6,0
2084,彩·无双·浴火·烈阳(肆),2349,4,0
2085,彩·无双·浴火·烈阳(伍),2350,5,0
2086,彩·无双·浴火·烈阳(陆),2351,6,0
2087,彩·无双·浴火·日炎(肆),2349,4,0
2088,彩·无双·浴火·日炎(伍),2350,5,0
2089,彩·无双·浴火·日炎(陆),2351,6,0
2090,彩·无双·日炎·烈阳(肆),2349,4,0
2091,彩·无双·日炎·烈阳(伍),2350,5,0
2092,彩·无双·日炎·烈阳(陆),2351,6,0
2093,彩·无双·日炎·浴火(肆),2349,4,0
2094,彩·无双·日炎·浴火(伍),2350,5,0
2095,彩·无双·日炎·浴火(陆),2351,6,0
2096,彩·无双·霜冷·杯雪(肆),2349,4,0
2097,彩·无双·霜冷·杯雪(伍),2350,5,0
2098,彩·无双·霜冷·杯雪(陆),2351,6,0
2099,彩·无双·霜冷·冻髓(肆),2349,4,0
2100,彩·无双·霜冷·冻髓(伍),2350,5,0
2101,彩·无双·霜冷·冻髓(陆),2351,6,0
2102,彩·无双·杯雪·霜冷(肆),2349,4,0
2103,彩·无双·杯雪·霜冷(伍),2350,5,0
2104,彩·无双·杯雪·霜冷(陆),2351,6,0
2105,彩·无双·杯雪·冻髓(肆),2349,4,0
2106,彩·无双·杯雪·冻髓(伍),2350,5,0
2107,彩·无双·杯雪·冻髓(陆),2351,6,0
2108,彩·无双·冻髓·霜冷(肆),2349,4,0
2109,彩·无双·冻髓·霜冷(伍),2350,5,0
2110,彩·无双·冻髓·霜冷(陆),2351,6,0
2111,彩·无双·冻髓·杯雪(肆),2349,4,0
2112,彩·无双·冻髓·杯雪(伍),2350,5,0
2113,彩·无双·冻髓·杯雪(陆),2351,6,0
2114,彩·无双·琉璃·界影(肆),2349,4,0
2115,彩·无双·琉璃·界影(伍),2350,5,0
2116,彩·无双·琉璃·界影(陆),2351,6,0
2117,彩·无双·琉璃·焚虚(肆),2349,4,0
2118,彩·无双·琉璃·焚虚(伍),2350,5,0
2119,彩·无双·琉璃·焚虚(陆),2351,6,0
2120,彩·无双·界影·琉璃(肆),2349,4,0
2121,彩·无双·界影·琉璃(伍),2350,5,0
2122,彩·无双·界影·琉璃(陆),2351,6,0
2123,彩·无双·界影·焚虚(肆),2349,4,0
2124,彩·无双·界影·焚虚(伍),2350,5,0
2125,彩·无双·界影·焚虚(陆),2351,6,0
2126,彩·无双·焚虚·琉璃(肆),2349,4,0
2127,彩·无双·焚虚·琉璃(伍),2350,5,0
2128,彩·无双·焚虚·琉璃(陆),2351,6,0
2129,彩·无双·焚虚·界影(肆),2349,4,0
2130,彩·无双·焚虚·界影(伍),2350,5,0
2131,彩·无双·焚虚·界影(陆),2351,6,0
2132,彩·烈阳·大化·浴火(肆),2349,4,0
2133,彩·烈阳·大化·浴火(伍),2350,5,0
2134,彩·烈阳·大化·浴火(陆),2351,6,0
2135,彩·烈阳·大化·日炎(肆),2349,4,0
2136,彩·烈阳·大化·日炎(伍),2350,5,0
2137,彩·烈阳·大化·日炎(陆),2351,6,0
2138,彩·烈阳·浴火·日炎(肆),2349,4,0
2139,彩·烈阳·浴火·日炎(伍),2350,5,0
2140,彩·烈阳·浴火·日炎(陆),2351,6,0
2141,彩·烈阳·日炎·浴火(肆),2349,4,0
2142,彩·烈阳·日炎·浴火(伍),2350,5,0
2143,彩·烈阳·日炎·浴火(陆),2351,6,0
2144,彩·浴火·大化·烈阳(肆),2349,4,0
2145,彩·浴火·大化·烈阳(伍),2350,5,0
2146,彩·浴火·大化·烈阳(陆),2351,6,0
2147,彩·浴火·大化·日炎(肆),2349,4,0
2148,彩·浴火·大化·日炎(伍),2350,5,0
2149,彩·浴火·大化·日炎(陆),2351,6,0
2150,彩·浴火·大化·海纳(肆),2319,4,0
2151,彩·浴火·大化·海纳(伍),2320,5,0
2152,彩·浴火·大化·海纳(陆),2321,6,0
2153,彩·浴火·烈阳·日炎(肆),2349,4,0
2154,彩·浴火·烈阳·日炎(伍),2350,5,0
2155,彩·浴火·烈阳·日炎(陆),2351,6,0
2156,彩·浴火·日炎·烈阳(肆),2349,4,0
2157,彩·浴火·日炎·烈阳(伍),2350,5,0
2158,彩·浴火·日炎·烈阳(陆),2351,6,0
2159,彩·燎原·大化·烈阳(肆),2349,4,0
2160,彩·燎原·大化·烈阳(伍),2350,5,0
2161,彩·燎原·大化·烈阳(陆),2351,6,0
2162,彩·燎原·大化·浴火(肆),2349,4,0
2163,彩·燎原·大化·浴火(伍),2350,5,0
2164,彩·燎原·大化·浴火(陆),2351,6,0
2165,彩·燎原·大化·日炎(肆),2349,4,0
2166,彩·燎原·大化·日炎(伍),2350,5,0
2167,彩·燎原·大化·日炎(陆),2351,6,0
2168,彩·燎原·大化·海纳(肆),2319,4,0
2169,彩·燎原·大化·海纳(伍),2320,5,0
2170,彩·燎原·大化·海纳(陆),2321,6,0
2171,彩·燎原·烈阳·浴火(肆),2349,4,0
2172,彩·燎原·烈阳·浴火(伍),2350,5,0
2173,彩·燎原·烈阳·浴火(陆),2351,6,0
2174,彩·燎原·烈阳·日炎(肆),2349,4,0
2175,彩·燎原·烈阳·日炎(伍),2350,5,0
2176,彩·燎原·烈阳·日炎(陆),2351,6,0
2177,彩·燎原·浴火·烈阳(肆),2349,4,0
2178,彩·燎原·浴火·烈阳(伍),2350,5,0
2179,彩·燎原·浴火·烈阳(陆),2351,6,0
2180,彩·燎原·浴火·日炎(肆),2349,4,0
2181,彩·燎原·浴火·日炎(伍),2350,5,0
2182,彩·燎原·浴火·日炎(陆),2351,6,0
2183,彩·燎原·浴火·海纳(肆),2319,4,0
2184,彩·燎原·浴火·海纳(伍),2320,5,0
2185,彩·燎原·浴火·海纳(陆),2321,6,0
2186,彩·燎原·日炎·烈阳(肆),2349,4,0
2187,彩·燎原·日炎·烈阳(伍),2350,5,0
2188,彩·燎原·日炎·烈阳(陆),2351,6,0
2189,彩·燎原·日炎·浴火(肆),2349,4,0
2190,彩·燎原·日炎·浴火(伍),2350,5,0
2191,彩·燎原·日炎·浴火(陆),2351,6,0
2192,彩·燎原·海纳·浴火(肆),2319,4,0
2193,彩·燎原·海纳·浴火(伍),2320,5,0
2194,彩·燎原·海纳·浴火(陆),2321,6,0
2225,彩·日炎·大化·烈阳(肆),2349,4,0
2226,彩·日炎·大化·烈阳(伍),2350,5,0
2227,彩·日炎·大化·烈阳(陆),2351,6,0
2228,彩·日炎·大化·浴火(肆),2349,4,0
2229,彩·日炎·大化·浴火(伍),2350,5,0
2230,彩·日炎·大化·浴火(陆),2351,6,0
2231,彩·日炎·烈阳·浴火(肆),2349,4,0
2232,彩·日炎·烈阳·浴火(伍),2350,5,0
2233,彩·日炎·烈阳·浴火(陆),2351,6,0
2234,彩·日炎·浴火·烈阳(肆),2349,4,0
2235,彩·日炎·浴火·烈阳(伍),2350,5,0
2236,彩·日炎·浴火·烈阳(陆),2351,6,0
2237,彩·霜冷·大化·杯雪(肆),2349,4,0
2238,彩·霜冷·大化·杯雪(伍),2350,5,0
2239,彩·霜冷·大化·杯雪(陆),2351,6,0
2240,彩·霜冷·大化·冻髓(肆),2349,4,0
2241,彩·霜冷·大化·冻髓(伍),2350,5,0
2242,彩·霜冷·大化·冻髓(陆),2351,6,0
2243,彩·霜冷·杯雪·冻髓(肆),2349,4,0
2244,彩·霜冷·杯雪·冻髓(伍),2350,5,0
2245,彩·霜冷·杯雪·冻髓(陆),2351,6,0
2246,彩·霜冷·冻髓·杯雪(肆),2349,4,0
2247,彩·霜冷·冻髓·杯雪(伍),2350,5,0
2248,彩·霜冷·冻髓·杯雪(陆),2351,6,0
2249,彩·杯雪·大化·霜冷(肆),2349,4,0
2250,彩·杯雪·大化·霜冷(伍),2350,5,0
2251,彩·杯雪·大化·霜冷(陆),2351,6,0
2252,彩·杯雪·大化·冻髓(肆),2349,4,0
2253,彩·杯雪·大化·冻髓(伍),2350,5,0
2254,彩·杯雪·大化·冻髓(陆),2351,6,0
2255,彩·杯雪·大化·海纳(肆),2319,4,0
2256,彩·杯雪·大化·海纳(伍),2320,5,0
2257,彩·杯雪·大化·海纳(陆),2321,6,0
2258,彩·杯雪·霜冷·冻髓(肆),2349,4,0
2259,彩·杯雪·霜冷·冻髓(伍),2350,5,0
2260,彩·杯雪·霜冷·冻髓(陆),2351,6,0
2261,彩·杯雪·冻髓·霜冷(肆),2349,4,0
2262,彩·杯雪·冻髓·霜冷(伍),2350,5,0
2263,彩·杯雪·冻髓·霜冷(陆),2351,6,0
2264,彩·化雪·大化·霜冷(肆),2349,4,0
2265,彩·化雪·大化·霜冷(伍),2350,5,0
2266,彩·化雪·大化·霜冷(陆),2351,6,0
2267,彩·化雪·大化·杯雪(肆),2349,4,0
2268,彩·化雪·大化·杯雪(伍),2350,5,0
2269,彩·化雪·大化·杯雪(陆),2351,6,0
2270,彩·化雪·大化·冻髓(肆),2349,4,0
2271,彩·化雪·大化·冻髓(伍),2350,5,0
2272,彩·化雪·大化·冻髓(陆),2351,6,0
2273,彩·化雪·大化·海纳(肆),2319,4,0
2274,彩·化雪·大化·海纳(伍),2320,5,0
2275,彩·化雪·大化·海纳(陆),2321,6,0
2276,彩·化雪·霜冷·杯雪(肆),2349,4,0
2277,彩·化雪·霜冷·杯雪(伍),2350,5,0
2278,彩·化雪·霜冷·杯雪(陆),2351,6,0
2279,彩·化雪·霜冷·冻髓(肆),2349,4,0
2280,彩·化雪·霜冷·冻髓(伍),2350,5,0
2281,彩·化雪·霜冷·冻髓(陆),2351,6,0
2282,彩·化雪·杯雪·霜冷(肆),2349,4,0
2283,彩·化雪·杯雪·霜冷(伍),2350,5,0
2284,彩·化雪·杯雪·霜冷(陆),2351,6,0
2285,彩·化雪·杯雪·冻髓(肆),2349,4,0
2286,彩·化雪·杯雪·冻髓(伍),2350,5,0
2287,彩·化雪·杯雪·冻髓(陆),2351,6,0
2288,彩·化雪·杯雪·海纳(肆),2319,4,0
2289,彩·化雪·杯雪·海纳(伍),2320,5,0
2290,彩·化雪·杯雪·海纳(陆),2321,6,0
2291,彩·化雪·冻髓·霜冷(肆),2349,4,0
2292,彩·化雪·冻髓·霜冷(伍),2350,5,0
2293,彩·化雪·冻髓·霜冷(陆),2351,6,0
2294,彩·化雪·冻髓·杯雪(肆),2349,4,0
2295,彩·化雪·冻髓·杯雪(伍),2350,5,0
2296,彩·化雪·冻髓·杯雪(陆),2351,6,0
2297,彩·化雪·海纳·杯雪(肆),2319,4,0
2298,彩·化雪·海纳·杯雪(伍),2320,5,0
2299,彩·化雪·海纳·杯雪(陆),2321,6,0
2330,彩·冻髓·大化·霜冷(肆),2349,4,0
2331,彩·冻髓·大化·霜冷(伍),2350,5,0
2332,彩·冻髓·大化·霜冷(陆),2351,6,0
2333,彩·冻髓·大化·杯雪(肆),2349,4,0
2334,彩·冻髓·大化·杯雪(伍),2350,5,0
2335,彩·冻髓·大化·杯雪(陆),2351,6,0
2336,彩·冻髓·霜冷·杯雪(肆),2349,4,0
2337,彩·冻髓·霜冷·杯雪(伍),2350,5,0
2338,彩·冻髓·霜冷·杯雪(陆),2351,6,0
2339,彩·冻髓·杯雪·霜冷(肆),2349,4,0
2340,彩·冻髓·杯雪·霜冷(伍),2350,5,0
2341,彩·冻髓·杯雪·霜冷(陆),2351,6,0
2342,彩·琉璃·大化·界影(肆),2349,4,0
2343,彩·琉璃·大化·界影(伍),2350,5,0
2344,彩·琉璃·大化·界影(陆),2351,6,0
2345,彩·琉璃·大化·焚虚(肆),2349,4,0
2346,彩·琉璃·大化·焚虚(伍),2350,5,0
2347,彩·琉璃·大化·焚虚(陆),2351,6,0
2348,彩·琉璃·界影·焚虚(肆),2349,4,0
2349,彩·琉璃·界影·焚虚(伍),2350,5,0
2350,彩·琉璃·界影·焚虚(陆),2351,6,0
2351,彩·琉璃·焚虚·界影(肆),2349,4,0
2352,彩·琉璃·焚虚·界影(伍),2350,5,0
2353,彩·琉璃·焚虚·界影(陆),2351,6,0
2354,彩·界影·大化·琉璃(肆),2349,4,0
2355,彩·界影·大化·琉璃(伍),2350,5,0
2356,彩·界影·大化·琉璃(陆),2351,6,0
2357,彩·界影·大化·焚虚(肆),2349,4,0
2358,彩·界影·大化·焚虚(伍),2350,5,0
2359,彩·界影·大化·焚虚(陆),2351,6,0
2360,彩·界影·琉璃·焚虚(肆),2349,4,0
2361,彩·界影·琉璃·焚虚(伍),2350,5,0
2362,彩·界影·琉璃·焚虚(陆),2351,6,0
2363,彩·界影·焚虚·琉璃(肆),2349,4,0
2364,彩·界影·焚虚·琉璃(伍),2350,5,0
2365,彩·界影·焚虚·琉璃(陆),2351,6,0
2366,彩·虹卷·大化·琉璃(肆),2349,4,0
2367,彩·虹卷·大化·琉璃(伍),2350,5,0
2368,彩·虹卷·大化·琉璃(陆),2351,6,0
2369,彩·虹卷·大化·界影(肆),2349,4,0
2370,彩·虹卷·大化·界影(伍),2350,5,0
2371,彩·虹卷·大化·界影(陆),2351,6,0
2372,彩·虹卷·大化·焚虚(肆),2349,4,0
2373,彩·虹卷·大化·焚虚(伍),2350,5,0
2374,彩·虹卷·大化·焚虚(陆),2351,6,0
2375,彩·虹卷·琉璃·界影(肆),2349,4,0
2376,彩·虹卷·琉璃·界影(伍),2350,5,0
2377,彩·虹卷·琉璃·界影(陆),2351,6,0
2378,彩·虹卷·琉璃·焚虚(肆),2349,4,0
2379,彩·虹卷·琉璃·焚虚(伍),2350,5,0
2380,彩·虹卷·琉璃·焚虚(陆),2351,6,0
2381,彩·虹卷·界影·琉璃(肆),2349,4,0
2382,彩·虹卷·界影·琉璃(伍),2350,5,0
2383,彩·虹卷·界影·琉璃(陆),2351,6,0
2384,彩·虹卷·界影·焚虚(肆),2349,4,0
2385,彩·虹卷·界影·焚虚(伍),2350,5,0
2386,彩·虹卷·界影·焚虚(陆),2351,6,0
2387,彩·虹卷·焚虚·琉璃(肆),2349,4,0
2388,彩·虹卷·焚虚·琉璃(伍),2350,5,0
2389,彩·虹卷·焚虚·琉璃(陆),2351,6,0
2390,彩·虹卷·焚虚·界影(肆),2349,4,0
2391,彩·虹卷·焚虚·界影(伍),2350,5,0
2392,彩·虹卷·焚虚·界影(陆),2351,6,0
2423,彩·焚虚·大化·琉璃(肆),2349,4,0
2424,彩·焚虚·大化·琉璃(伍),2350,5,0
2425,彩·焚虚·大化·琉璃(陆),2351,6,0
2426,彩·焚虚·大化·界影(肆),2349,4,0
2427,彩·焚虚·大化·界影(伍),2350,5,0
2428,彩·焚虚·大化·界影(陆),2351,6,0
2429,彩·焚虚·琉璃·界影(肆),2349,4,0
2430,彩·焚虚·琉璃·界影(伍),2350,5,0
2431,彩·焚虚·琉璃·界影(陆),2351,6,0
2432,彩·焚虚·界影·琉璃(肆),2349,4,0
2433,彩·焚虚·界影·琉璃(伍),2350,5,0
2434,彩·焚虚·界影·琉璃(陆),2351,6,0
2435,彩·大御·鹤顶·穿石(肆),2349,4,0
2436,彩·大御·鹤顶·穿石(伍),2350,5,0
2437,彩·大御·鹤顶·穿石(陆),2351,6,0
2438,彩·大御·鹤顶·腐心(肆),2349,4,0
2439,彩·大御·鹤顶·腐心(伍),2350,5,0
2440,彩·大御·鹤顶·腐心(陆),2351,6,0
2441,彩·大御·鹤顶·痛击(肆),2349,4,0
2442,彩·大御·鹤顶·痛击(伍),2350,5,0
2443,彩·大御·鹤顶·痛击(陆),2351,6,0
2444,彩·大御·穿石·鹤顶(肆),2349,4,0
2445,彩·大御·穿石·鹤顶(伍),2350,5,0
2446,彩·大御·穿石·鹤顶(陆),2351,6,0
2447,彩·大御·穿石·腐心(肆),2349,4,0
2448,彩·大御·穿石·腐心(伍),2350,5,0
2449,彩·大御·穿石·腐心(陆),2351,6,0
2450,彩·大御·穿石·海纳(肆),2319,4,0
2451,彩·大御·穿石·海纳(伍),2320,5,0
2452,彩·大御·穿石·海纳(陆),2321,6,0
2453,彩·大御·腐心·鹤顶(肆),2349,4,0
2454,彩·大御·腐心·鹤顶(伍),2350,5,0
2455,彩·大御·腐心·鹤顶(陆),2351,6,0
2456,彩·大御·腐心·穿石(肆),2349,4,0
2457,彩·大御·腐心·穿石(伍),2350,5,0
2458,彩·大御·腐心·穿石(陆),2351,6,0
2459,彩·大御·腐心·痛击(肆),2349,4,0
2460,彩·大御·腐心·痛击(伍),2350,5,0
2461,彩·大御·腐心·痛击(陆),2351,6,0
2462,彩·大御·大化·鹤顶(肆),2349,4,0
2463,彩·大御·大化·鹤顶(伍),2350,5,0
2464,彩·大御·大化·鹤顶(陆),2351,6,0
2465,彩·大御·大化·穿石(肆),2349,4,0
2466,彩·大御·大化·穿石(伍),2350,5,0
2467,彩·大御·大化·穿石(陆),2351,6,0
2468,彩·大御·大化·腐心(肆),2349,4,0
2469,彩·大御·大化·腐心(伍),2350,5,0
2470,彩·大御·大化·腐心(陆),2351,6,0
2471,彩·大御·大化·雷鸣(肆),2349,4,0
2472,彩·大御·大化·雷鸣(伍),2350,5,0
2473,彩·大御·大化·雷鸣(陆),2351,6,0
2474,彩·大御·大化·霹雳(肆),2349,4,0
2475,彩·大御·大化·霹雳(伍),2350,5,0
2476,彩·大御·大化·霹雳(陆),2351,6,0
2477,彩·大御·大化·混沌(肆),2349,4,0
2478,彩·大御·大化·混沌(伍),2350,5,0
2479,彩·大御·大化·混沌(陆),2351,6,0
2480,彩·大御·大化·激流(肆),2349,4,0
2481,彩·大御·大化·激流(伍),2350,5,0
2482,彩·大御·大化·激流(陆),2351,6,0
2483,彩·大御·大化·月华(肆),2349,4,0
2484,彩·大御·大化·月华(伍),2350,5,0
2485,彩·大御·大化·月华(陆),2351,6,0
2486,彩·大御·大化·灭气(肆),2349,4,0
2487,彩·大御·大化·灭气(伍),2350,5,0
2488,彩·大御·大化·灭气(陆),2351,6,0
2489,彩·大御·大化·锐刃(肆),2328,4,0
2490,彩·大御·大化·锐刃(伍),2330,5,0
2491,彩·大御·大化·锐刃(陆),2341,6,0
2492,彩·大御·大化·痛击(肆),2328,4,0
2493,彩·大御·大化·痛击(伍),2330,5,0
2494,彩·大御·大化·痛击(陆),2341,6,0
2495,彩·大御·大化·斩铁(肆),2328,4,0
2496,彩·大御·大化·斩铁(伍),2330,5,0
2497,彩·大御·大化·斩铁(陆),2341,6,0
2498,彩·大御·大化·狂攻(肆),2328,4,0
2499,彩·大御·大化·狂攻(伍),2330,5,0
2500,彩·大御·大化·狂攻(陆),2341,6,0
2501,彩·大御·大化·烈阳(肆),2349,4,0
2502,彩·大御·大化·烈阳(伍),2350,5,0
2503,彩·大御·大化·烈阳(陆),2351,6,0
2504,彩·大御·大化·浴火(肆),2349,4,0
2505,彩·大御·大化·浴火(伍),2350,5,0
2506,彩·大御·大化·浴火(陆),2351,6,0
2507,彩·大御·大化·日炎(肆),2349,4,0
2508,彩·大御·大化·日炎(伍),2350,5,0
2509,彩·大御·大化·日炎(陆),2351,6,0
2510,彩·大御·大化·霜冷(肆),2349,4,0
2511,彩·大御·大化·霜冷(伍),2350,5,0
2512,彩·大御·大化·霜冷(陆),2351,6,0
2513,彩·大御·大化·杯雪(肆),2349,4,0
2514,彩·大御·大化·杯雪(伍),2350,5,0
2515,彩·大御·大化·杯雪(陆),2351,6,0
2516,彩·大御·大化·冻髓(肆),2349,4,0
2517,彩·大御·大化·冻髓(伍),2350,5,0
2518,彩·大御·大化·冻髓(陆),2351,6,0
2519,彩·大御·大化·琉璃(肆),2349,4,0
2520,彩·大御·大化·琉璃(伍),2350,5,0
2521,彩·大御·大化·琉璃(陆),2351,6,0
2522,彩·大御·大化·界影(肆),2349,4,0
2523,彩·大御·大化·界影(伍),2350,5,0
2524,彩·大御·大化·界影(陆),2351,6,0
2525,彩·大御·大化·焚虚(肆),2349,4,0
2526,彩·大御·大化·焚虚(伍),2350,5,0
2527,彩·大御·大化·焚虚(陆),2351,6,0
2528,彩·大御·大化·海纳(肆),2319,4,0
2529,彩·大御·大化·海纳(伍),2320,5,0
2530,彩·大御·大化·海纳(陆),2321,6,0
2531,彩·大御·雷鸣·霹雳(肆),2349,4,0
2532,彩·大御·雷鸣·霹雳(伍),2350,5,0
2533,彩·大御·雷鸣·霹雳(陆),2351,6,0
2534,彩·大御·雷鸣·混沌(肆),2349,4,0
2535,彩·大御·雷鸣·混沌(伍),2350,5,0
2536,彩·大御·雷鸣·混沌(陆),2351,6,0
2537,彩·大御·霹雳·雷鸣(肆),2349,4,0
2538,彩·大御·霹雳·雷鸣(伍),2350,5,0
2539,彩·大御·霹雳·雷鸣(陆),2351,6,0
2540,彩·大御·霹雳·混沌(肆),2349,4,0
2541,彩·大御·霹雳·混沌(伍),2350,5,0
2542,彩·大御·霹雳·混沌(陆),2351,6,0
2543,彩·大御·霹雳·海纳(肆),2319,4,0
2544,彩·大御·霹雳·海纳(伍),2320,5,0
2545,彩·大御·霹雳·海纳(陆),2321,6,0
2546,彩·大御·混沌·雷鸣(肆),2349,4,0
2547,彩·大御·混沌·雷鸣(伍),2350,5,0
2548,彩·大御·混沌·雷鸣(陆),2351,6,0
2549,彩·大御·混沌·霹雳(肆),2349,4,0
2550,彩·大御·混沌·霹雳(伍),2350,5,0
2551,彩·大御·混沌·霹雳(陆),2351,6,0
2552,彩·大御·激流·月华(肆),2349,4,0
2553,彩·大御·激流·月华(伍),2350,5,0
2554,彩·大御·激流·月华(陆),2351,6,0
2555,彩·大御·激流·灭气(肆),2349,4,0
2556,彩·大御·激流·灭气(伍),2350,5,0
2557,彩·大御·激流·灭气(陆),2351,6,0
2558,彩·大御·月华·激流(肆),2349,4,0
2559,彩·大御·月华·激流(伍),2350,5,0
2560,彩·大御·月华·激流(陆),2351,6,0
2561,彩·大御·月华·灭气(肆),2349,4,0
2562,彩·大御·月华·灭气(伍),2350,5,0
2563,彩·大御·月华·灭气(陆),2351,6,0
2564,彩·大御·月华·海纳(肆),2319,4,0
2565,彩·大御·月华·海纳(伍),2320,5,0
2566,彩·大御·月华·海纳(陆),2321,6,0
2567,彩·大御·灭气·激流(肆),2349,4,0
2568,彩·大御·灭气·激流(伍),2350,5,0
2569,彩·大御·灭气·激流(陆),2351,6,0
2570,彩·大御·灭气·月华(肆),2349,4,0
2571,彩·大御·灭气·月华(伍),2350,5,0
2572,彩·大御·灭气·月华(陆),2351,6,0
2573,彩·大御·锐刃·痛击(肆),2328,4,0
2574,彩·大御·锐刃·痛击(伍),2330,5,0
2575,彩·大御·锐刃·痛击(陆),2341,6,0
2576,彩·大御·锐刃·斩铁(肆),2328,4,0
2577,彩·大御·锐刃·斩铁(伍),2330,5,0
2578,彩·大御·锐刃·斩铁(陆),2341,6,0
2579,彩·大御·锐刃·狂攻(肆),2328,4,0
2580,彩·大御·锐刃·狂攻(伍),2330,5,0
2581,彩·大御·锐刃·狂攻(陆),2341,6,0
2582,彩·大御·痛击·鹤顶(肆),2349,4,0
2583,彩·大御·痛击·鹤顶(伍),2350,5,0
2584,彩·大御·痛击·鹤顶(陆),2351,6,0
2585,彩·大御·痛击·腐心(肆),2349,4,0
2586,彩·大御·痛击·腐心(伍),2350,5,0
2587,彩·大御·痛击·腐心(陆),2351,6,0
2588,彩·大御·痛击·锐刃(肆),2328,4,0
2589,彩·大御·痛击·锐刃(伍),2330,5,0
2590,彩·大御·痛击·锐刃(陆),2341,6,0
2591,彩·大御·痛击·斩铁(肆),2328,4,0
2592,彩·大御·痛击·斩铁(伍),2330,5,0
2593,彩·大御·痛击·斩铁(陆),2341,6,0
2594,彩·大御·痛击·狂攻(肆),2328,4,0
2595,彩·大御·痛击·狂攻(伍),2330,5,0
2596,彩·大御·痛击·狂攻(陆),2341,6,0
2597,彩·大御·见切·鹤顶(肆),2349,4,0
2598,彩·大御·见切·鹤顶(伍),2350,5,0
2599,彩·大御·见切·鹤顶(陆),2351,6,0
2600,彩·大御·见切·腐心(肆),2349,4,0
2601,彩·大御·见切·腐心(伍),2350,5,0
2602,彩·大御·见切·腐心(陆),2351,6,0
2603,彩·大御·斩铁·锐刃(肆),2328,4,0
2604,彩·大御·斩铁·锐刃(伍),2330,5,0
2605,彩·大御·斩铁·锐刃(陆),2341,6,0
2606,彩·大御·斩铁·痛击(肆),2328,4,0
2607,彩·大御·斩铁·痛击(伍),2330,5,0
2608,彩·大御·斩铁·痛击(陆),2341,6,0
2609,彩·大御·斩铁·狂攻(肆),2328,4,0
2610,彩·大御·斩铁·狂攻(伍),2330,5,0
2611,彩·大御·斩铁·狂攻(陆),2341,6,0
2612,彩·大御·烈阳·浴火(肆),2349,4,0
2613,彩·大御·烈阳·浴火(伍),2350,5,0
2614,彩·大御·烈阳·浴火(陆),2351,6,0
2615,彩·大御·烈阳·日炎(肆),2349,4,0
2616,彩·大御·烈阳·日炎(伍),2350,5,0
2617,彩·大御·烈阳·日炎(陆),2351,6,0
2618,彩·大御·浴火·烈阳(肆),2349,4,0
2619,彩·大御·浴火·烈阳(伍),2350,5,0
2620,彩·大御·浴火·烈阳(陆),2351,6,0
2621,彩·大御·浴火·日炎(肆),2349,4,0
2622,彩·大御·浴火·日炎(伍),2350,5,0
2623,彩·大御·浴火·日炎(陆),2351,6,0
2624,彩·大御·浴火·海纳(肆),2319,4,0
2625,彩·大御·浴火·海纳(伍),2320,5,0
2626,彩·大御·浴火·海纳(陆),2321,6,0
2627,彩·大御·日炎·烈阳(肆),2349,4,0
2628,彩·大御·日炎·烈阳(伍),2350,5,0
2629,彩·大御·日炎·烈阳(陆),2351,6,0
2630,彩·大御·日炎·浴火(肆),2349,4,0
2631,彩·大御·日炎·浴火(伍),2350,5,0
2632,彩·大御·日炎·浴火(陆),2351,6,0
2633,彩·大御·霜冷·杯雪(肆),2349,4,0
2634,彩·大御·霜冷·杯雪(伍),2350,5,0
2635,彩·大御·霜冷·杯雪(陆),2351,6,0
2636,彩·大御·霜冷·冻髓(肆),2349,4,0
2637,彩·大御·霜冷·冻髓(伍),2350,5,0
2638,彩·大御·霜冷·冻髓(陆),2351,6,0
2639,彩·大御·杯雪·霜冷(肆),2349,4,0
2640,彩·大御·杯雪·霜冷(伍),2350,5,0
2641,彩·大御·杯雪·霜冷(陆),2351,6,0
2642,彩·大御·杯雪·冻髓(肆),2349,4,0
2643,彩·大御·杯雪·冻髓(伍),2350,5,0
2644,彩·大御·杯雪·冻髓(陆),2351,6,0
2645,彩·大御·杯雪·海纳(肆),2319,4,0
2646,彩·大御·杯雪·海纳(伍),2320,5,0
2647,彩·大御·杯雪·海纳(陆),2321,6,0
2648,彩·大御·冻髓·霜冷(肆),2349,4,0
2649,彩·大御·冻髓·霜冷(伍),2350,5,0
2650,彩·大御·冻髓·霜冷(陆),2351,6,0
2651,彩·大御·冻髓·杯雪(肆),2349,4,0
2652,彩·大御·冻髓·杯雪(伍),2350,5,0
2653,彩·大御·冻髓·杯雪(陆),2351,6,0
2654,彩·大御·琉璃·界影(肆),2349,4,0
2655,彩·大御·琉璃·界影(伍),2350,5,0
2656,彩·大御·琉璃·界影(陆),2351,6,0
2657,彩·大御·琉璃·焚虚(肆),2349,4,0
2658,彩·大御·琉璃·焚虚(伍),2350,5,0
2659,彩·大御·琉璃·焚虚(陆),2351,6,0
2660,彩·大御·界影·琉璃(肆),2349,4,0
2661,彩·大御·界影·琉璃(伍),2350,5,0
2662,彩·大御·界影·琉璃(陆),2351,6,0
2663,彩·大御·界影·焚虚(肆),2349,4,0
2664,彩·大御·界影·焚虚(伍),2350,5,0
2665,彩·大御·界影·焚虚(陆),2351,6,0
2666,彩·大御·焚虚·琉璃(肆),2349,4,0
2667,彩·大御·焚虚·琉璃(伍),2350,5,0
2668,彩·大御·焚虚·琉璃(陆),2351,6,0
2669,彩·大御·焚虚·界影(肆),2349,4,0
2670,彩·大御·焚虚·界影(伍),2350,5,0
2671,彩·大御·焚虚·界影(陆),2351,6,0
2672,彩·大御·海纳·穿石(肆),2319,4,0
2673,彩·大御·海纳·穿石(伍),2320,5,0
2674,彩·大御·海纳·穿石(陆),2321,6,0
2675,彩·大御·海纳·霹雳(肆),2319,4,0
2676,彩·大御·海纳·霹雳(伍),2320,5,0
2677,彩·大御·海纳·霹雳(陆),2321,6,0
2678,彩·大御·海纳·月华(肆),2319,4,0
2679,彩·大御·海纳·月华(伍),2320,5,0
2680,彩·大御·海纳·月华(陆),2321,6,0
2681,彩·大御·海纳·浴火(肆),2319,4,0
2682,彩·大御·海纳·浴火(伍),2320,5,0
2683,彩·大御·海纳·浴火(陆),2321,6,0
2684,彩·大御·海纳·杯雪(肆),2319,4,0
2685,彩·大御·海纳·杯雪(伍),2320,5,0
2686,彩·大御·海纳·杯雪(陆),2321,6,0
2687,彩·海纳·大化·穿石(肆),2319,4,0
2688,彩·海纳·大化·穿石(伍),2320,5,0
2689,彩·海纳·大化·穿石(陆),2321,6,0
2690,彩·海纳·大化·霹雳(肆),2319,4,0
2691,彩·海纳·大化·霹雳(伍),2320,5,0
2692,彩·海纳·大化·霹雳(陆),2321,6,0
2693,彩·海纳·大化·月华(肆),2319,4,0
2694,彩·海纳·大化·月华(伍),2320,5,0
2695,彩·海纳·大化·月华(陆),2321,6,0
2696,彩·海纳·大化·浴火(肆),2319,4,0
2697,彩·海纳·大化·浴火(伍),2320,5,0
2698,彩·海纳·大化·浴火(陆),2321,6,0
2699,彩·海纳·大化·杯雪(肆),2319,4,0
2700,彩·海纳·大化·杯雪(伍),2320,5,0
2701,彩·海纳·大化·杯雪(陆),2321,6,0
2702,彩·破招·锐刃·狂攻(肆),2328,4,0
2703,彩·破招·锐刃·狂攻(伍),2330,5,0
2704,彩·破招·锐刃·狂攻(陆),2341,6,0
2705,彩·破招·锐刃·斩铁(肆),2328,4,0
2706,彩·破招·锐刃·斩铁(伍),2330,5,0
2707,彩·破招·锐刃·斩铁(陆),2341,6,0
2708,彩·破招·锐刃·痛击(肆),2328,4,0
2709,彩·破招·锐刃·痛击(伍),2330,5,0
2710,彩·破招·锐刃·痛击(陆),2341,6,0
2711,彩·破招·斩铁·狂攻(肆),2328,4,0
2712,彩·破招·斩铁·狂攻(伍),2330,5,0
2713,彩·破招·斩铁·狂攻(陆),2341,6,0
2714,彩·破招·斩铁·锐刃(肆),2328,4,0
2715,彩·破招·斩铁·锐刃(伍),2330,5,0
2716,彩·破招·斩铁·锐刃(陆),2341,6,0
2717,彩·破招·斩铁·痛击(肆),2328,4,0
2718,彩·破招·斩铁·痛击(伍),2330,5,0
2719,彩·破招·斩铁·痛击(陆),2341,6,0
2720,彩·破招·痛击·狂攻(肆),2328,4,0
2721,彩·破招·痛击·狂攻(伍),2330,5,0
2722,彩·破招·痛击·狂攻(陆),2341,6,0
2723,彩·破招·痛击·斩铁(肆),2328,4,0
2724,彩·破招·痛击·斩铁(伍),2330,5,0
2725,彩·破招·痛击·斩铁(陆),2341,6,0
2726,彩·破招·痛击·锐刃(肆),2328,4,0
2727,彩·破招·痛击·锐刃(伍),2330,5,0
2728,彩·破招·痛击·锐刃(陆),2341,6,0
2729,彩·破招·大化·狂攻(肆),2328,4,0
2730,彩·破招·大化·狂攻(伍),2330,5,0
2731,彩·破招·大化·狂攻(陆),2341,6,0
2732,彩·破招·大化·斩铁(肆),2328,4,0
2733,彩·破招·大化·斩铁(伍),2330,5,0
2734,彩·破招·大化·斩铁(陆),2341,6,0
2735,彩·破招·大化·锐刃(肆),2328,4,0
2736,彩·破招·大化·锐刃(伍),2330,5,0
2737,彩·破招·大化·锐刃(陆),2341,6,0
2738,彩·破招·大化·痛击(肆),2328,4,0
2739,彩·破招·大化·痛击(伍),2330,5,0
2740,彩·破招·大化·痛击(陆),2341,6,0
2741,彩·破招·烈阳·日炎(肆),2349,4,0
2742,彩·破招·烈阳·日炎(伍),2350,5,0
2743,彩·破招·烈阳·日炎(陆),2351,6,0
2744,彩·破招·烈阳·浴火(肆),2349,4,0
2745,彩·破招·烈阳·浴火(伍),2350,5,0
2746,彩·破招·烈阳·浴火(陆),2351,6,0
2747,彩·破招·日炎·烈阳(肆),2349,4,0
2748,彩·破招·日炎·烈阳(伍),2350,5,0
2749,彩·破招·日炎·烈阳(陆),2351,6,0
2750,彩·破招·日炎·浴火(肆),2349,4,0
2751,彩·破招·日炎·浴火(伍),2350,5,0
2752,彩·破招·日炎·浴火(陆),2351,6,0
2753,彩·破招·浴火·烈阳(肆),2349,4,0
2754,彩·破招·浴火·烈阳(伍),2350,5,0
2755,彩·破招·浴火·烈阳(陆),2351,6,0
2756,彩·破招·浴火·日炎(肆),2349,4,0
2757,彩·破招·浴火·日炎(伍),2350,5,0
2758,彩·破招·浴火·日炎(陆),2351,6,0
2759,彩·破招·大化·烈阳(肆),2349,4,0
2760,彩·破招·大化·烈阳(伍),2350,5,0
2761,彩·破招·大化·烈阳(陆),2351,6,0
2762,彩·破招·大化·日炎(肆),2349,4,0
2763,彩·破招·大化·日炎(伍),2350,5,0
2764,彩·破招·大化·日炎(陆),2351,6,0
2765,彩·破招·大化·浴火(肆),2349,4,0
2766,彩·破招·大化·浴火(伍),2350,5,0
2767,彩·破招·大化·浴火(陆),2351,6,0
2768,彩·破招·雷鸣·混沌(肆),2349,4,0
2769,彩·破招·雷鸣·混沌(伍),2350,5,0
2770,彩·破招·雷鸣·混沌(陆),2351,6,0
2771,彩·破招·雷鸣·霹雳(肆),2349,4,0
2772,彩·破招·雷鸣·霹雳(伍),2350,5,0
2773,彩·破招·雷鸣·霹雳(陆),2351,6,0
2774,彩·破招·混沌·雷鸣(肆),2349,4,0
2775,彩·破招·混沌·雷鸣(伍),2350,5,0
2776,彩·破招·混沌·雷鸣(陆),2351,6,0
2777,彩·破招·混沌·霹雳(肆),2349,4,0
2778,彩·破招·混沌·霹雳(伍),2350,5,0
2779,彩·破招·混沌·霹雳(陆),2351,6,0
2780,彩·破招·霹雳·雷鸣(肆),2349,4,0
2781,彩·破招·霹雳·雷鸣(伍),2350,5,0
2782,彩·破招·霹雳·雷鸣(陆),2351,6,0
2783,彩·破招·霹雳·混沌(肆),2349,4,0
2784,彩·破招·霹雳·混沌(伍),2350,5,0
2785,彩·破招·霹雳·混沌(陆),2351,6,0
2786,彩·破招·大化·雷鸣(肆),2349,4,0
2787,彩·破招·大化·雷鸣(伍),2350,5,0
2788,彩·破招·大化·雷鸣(陆),2351,6,0
2789,彩·破招·大化·混沌(肆),2349,4,0
2790,彩·破招·大化·混沌(伍),2350,5,0
2791,彩·破招·大化·混沌(陆),2351,6,0
2792,彩·破招·大化·霹雳(肆),2349,4,0
2793,彩·破招·大化·霹雳(伍),2350,5,0
2794,彩·破招·大化·霹雳(陆),2351,6,0
2795,彩·破招·霜冷·冻髓(肆),2349,4,0
2796,彩·破招·霜冷·冻髓(伍),2350,5,0
2797,彩·破招·霜冷·冻髓(陆),2351,6,0
2798,彩·破招·霜冷·杯雪(肆),2349,4,0
2799,彩·破招·霜冷·杯雪(伍),2350,5,0
2800,彩·破招·霜冷·杯雪(陆),2351,6,0
2801,彩·破招·冻髓·霜冷(肆),2349,4,0
2802,彩·破招·冻髓·霜冷(伍),2350,5,0
2803,彩·破招·冻髓·霜冷(陆),2351,6,0
2804,彩·破招·冻髓·杯雪(肆),2349,4,0
2805,彩·破招·冻髓·杯雪(伍),2350,5,0
2806,彩·破招·冻髓·杯雪(陆),2351,6,0
2807,彩·破招·杯雪·霜冷(肆),2349,4,0
2808,彩·破招·杯雪·霜冷(伍),2350,5,0
2809,彩·破招·杯雪·霜冷(陆),2351,6,0
2810,彩·破招·杯雪·冻髓(肆),2349,4,0
2811,彩·破招·杯雪·冻髓(伍),2350,5,0
2812,彩·破招·杯雪·冻髓(陆),2351,6,0
2813,彩·破招·大化·霜冷(肆),2349,4,0
2814,彩·破招·大化·霜冷(伍),2350,5,0
2815,彩·破招·大化·霜冷(陆),2351,6,0
2816,彩·破招·大化·冻髓(肆),2349,4,0
2817,彩·破招·大化·冻髓(伍),2350,5,0
2818,彩·破招·大化·冻髓(陆),2351,6,0
2819,彩·破招·大化·杯雪(肆),2349,4,0
2820,彩·破招·大化·杯雪(伍),2350,5,0
2821,彩·破招·大化·杯雪(陆),2351,6,0
2822,彩·破招·鹤顶·腐心(肆),2349,4,0
2823,彩·破招·鹤顶·腐心(伍),2350,5,0
2824,彩·破招·鹤顶·腐心(陆),2351,6,0
2825,彩·破招·鹤顶·穿石(肆),2349,4,0
2826,彩·破招·鹤顶·穿石(伍),2350,5,0
2827,彩·破招·鹤顶·穿石(陆),2351,6,0
2828,彩·破招·腐心·鹤顶(肆),2349,4,0
2829,彩·破招·腐心·鹤顶(伍),2350,5,0
2830,彩·破招·腐心·鹤顶(陆),2351,6,0
2831,彩·破招·腐心·穿石(肆),2349,4,0
2832,彩·破招·腐心·穿石(伍),2350,5,0
2833,彩·破招·腐心·穿石(陆),2351,6,0
2834,彩·破招·穿石·鹤顶(肆),2349,4,0
2835,彩·破招·穿石·鹤顶(伍),2350,5,0
2836,彩·破招·穿石·鹤顶(陆),2351,6,0
2837,彩·破招·穿石·腐心(肆),2349,4,0
2838,彩·破招·穿石·腐心(伍),2350,5,0
2839,彩·破招·穿石·腐心(陆),2351,6,0
2840,彩·破招·大化·鹤顶(肆),2349,4,0
2841,彩·破招·大化·鹤顶(伍),2350,5,0
2842,彩·破招·大化·鹤顶(陆),2351,6,0
2843,彩·破招·大化·腐心(肆),2349,4,0
2844,彩·破招·大化·腐心(伍),2350,5,0
2845,彩·破招·大化·腐心(陆),2351,6,0
2846,彩·破招·大化·穿石(肆),2349,4,0
2847,彩·破招·大化·穿石(伍),2350,5,0
2848,彩·破招·大化·穿石(陆),2351,6,0
2849,彩·破招·激流·灭气(肆),2349,4,0
2850,彩·破招·激流·灭气(伍),2350,5,0
2851,彩·破招·激流·灭气(陆),2351,6,0
2852,彩·破招·激流·月华(肆),2349,4,0
2853,彩·破招·激流·月华(伍),2350,5,0
2854,彩·破招·激流·月华(陆),2351,6,0
2855,彩·破招·灭气·激流(肆),2349,4,0
2856,彩·破招·灭气·激流(伍),2350,5,0
2857,彩·破招·灭气·激流(陆),2351,6,0
2858,彩·破招·灭气·月华(肆),2349,4,0
2859,彩·破招·灭气·月华(伍),2350,5,0
2860,彩·破招·灭气·月华(陆),2351,6,0
2861,彩·破招·月华·激流(肆),2349,4,0
2862,彩·破招·月华·激流(伍),2350,5,0
2863,彩·破招·月华·激流(陆),2351,6,0
2864,彩·破招·月华·灭气(肆),2349,4,0
2865,彩·破招·月华·灭气(伍),2350,5,0
2866,彩·破招·月华·灭气(陆),2351,6,0
2867,彩·破招·大化·激流(肆),2349,4,0
2868,彩·破招·大化·激流(伍),2350,5,0
2869,彩·破招·大化·激流(陆),2351,6,0
2870,彩·破招·大化·灭气(肆),2349,4,0
2871,彩·破招·大化·灭气(伍),2350,5,0
2872,彩·破招·大化·灭气(陆),2351,6,0
2873,彩·破招·大化·月华(肆),2349,4,0
2874,彩·破招·大化·月华(伍),2350,5,0
2875,彩·破招·大化·月华(陆),2351,6,0
2876,彩·破招·鹤顶·腐心(肆),2349,4,0
2877,彩·破招·鹤顶·腐心(伍),2350,5,0
2878,彩·破招·鹤顶·腐心(陆),2351,6,0
2879,彩·破招·鹤顶·痛击(肆),2349,4,0
2880,彩·破招·鹤顶·痛击(伍),2350,5,0
2881,彩·破招·鹤顶·痛击(陆),2351,6,0
2882,彩·破招·腐心·鹤顶(肆),2349,4,0
2883,彩·破招·腐心·鹤顶(伍),2350,5,0
2884,彩·破招·腐心·鹤顶(陆),2351,6,0
2885,彩·破招·腐心·痛击(肆),2349,4,0
2886,彩·破招·腐心·痛击(伍),2350,5,0
2887,彩·破招·腐心·痛击(陆),2351,6,0
2888,彩·破招·见切·鹤顶(肆),2349,4,0
2889,彩·破招·见切·鹤顶(伍),2350,5,0
2890,彩·破招·见切·鹤顶(陆),2351,6,0
2891,彩·破招·见切·腐心(肆),2349,4,0
2892,彩·破招·见切·腐心(伍),2350,5,0
2893,彩·破招·见切·腐心(陆),2351,6,0
2894,彩·破招·痛击·鹤顶(肆),2349,4,0
2895,彩·破招·痛击·鹤顶(伍),2350,5,0
2896,彩·破招·痛击·鹤顶(陆),2351,6,0
2897,彩·破招·痛击·腐心(肆),2349,4,0
2898,彩·破招·痛击·腐心(伍),2350,5,0
2899,彩·破招·痛击·腐心(陆),2351,6,0
2900,彩·破招·大化·鹤顶(肆),2349,4,0
2901,彩·破招·大化·鹤顶(伍),2350,5,0
2902,彩·破招·大化·鹤顶(陆),2351,6,0
2903,彩·破招·大化·腐心(肆),2349,4,0
2904,彩·破招·大化·腐心(伍),2350,5,0
2905,彩·破招·大化·腐心(陆),2351,6,0
2906,彩·破招·琉璃·界影(肆),2349,4,0
2907,彩·破招·琉璃·界影(伍),2350,5,0
2908,彩·破招·琉璃·界影(陆),2351,6,0
2909,彩·破招·琉璃·焚虚(肆),2349,4,0
2910,彩·破招·琉璃·焚虚(伍),2350,5,0
2911,彩·破招·琉璃·焚虚(陆),2351,6,0
2912,彩·破招·焚虚·琉璃(肆),2349,4,0
2913,彩·破招·焚虚·琉璃(伍),2350,5,0
2914,彩·破招·焚虚·琉璃(陆),2351,6,0
2915,彩·破招·焚虚·界影(肆),2349,4,0
2916,彩·破招·焚虚·界影(伍),2350,5,0
2917,彩·破招·焚虚·界影(陆),2351,6,0
2918,彩·破招·界影·琉璃(肆),2349,4,0
2919,彩·破招·界影·琉璃(伍),2350,5,0
2920,彩·破招·界影·琉璃(陆),2351,6,0
2921,彩·破招·界影·焚虚(肆),2349,4,0
2922,彩·破招·界影·焚虚(伍),2350,5,0
2923,彩·破招·界影·焚虚(陆),2351,6,0
2924,彩·破招·大化·琉璃(肆),2349,4,0
2925,彩·破招·大化·琉璃(伍),2350,5,0
2926,彩·破招·大化·琉璃(陆),2351,6,0
2927,彩·破招·大化·焚虚(肆),2349,4,0
2928,彩·破招·大化·焚虚(伍),2350,5,0
2929,彩·破招·大化·焚虚(陆),2351,6,0
2930,彩·破招·大化·界影(肆),2349,4,0
2931,彩·破招·大化·界影(伍),2350,5,0
2932,彩·破招·大化·界影(陆),2351,6,0
2933,彩·破招·急速·雷鸣(肆),2349,4,0
2934,彩·破招·急速·雷鸣(伍),2350,5,0
2935,彩·破招·急速·雷鸣(陆),2351,6,0
2936,彩·破招·急速·烈阳(肆),2349,4,0
2937,彩·破招·急速·烈阳(伍),2350,5,0
2938,彩·破招·急速·烈阳(陆),2351,6,0
2939,彩·破招·急速·霜冷(肆),2349,4,0
2940,彩·破招·急速·霜冷(伍),2350,5,0
2941,彩·破招·急速·霜冷(陆),2351,6,0
2942,彩·破招·急速·鹤顶(肆),2349,4,0
2943,彩·破招·急速·鹤顶(伍),2350,5,0
2944,彩·破招·急速·鹤顶(陆),2351,6,0
2945,彩·破招·急速·鹤顶(肆),2349,4,0
2946,彩·破招·急速·鹤顶(伍),2350,5,0
2947,彩·破招·急速·鹤顶(陆),2351,6,0
2948,彩·破招·急速·琉璃(肆),2349,4,0
2949,彩·破招·急速·琉璃(伍),2350,5,0
2950,彩·破招·急速·琉璃(陆),2351,6,0
2951,彩·破招·急速·锐刃(肆),2328,4,0
2952,彩·破招·急速·锐刃(伍),2330,5,0
2953,彩·破招·急速·锐刃(陆),2341,6,0